code,symbol,name_ja,company_ja,sector_sub,asof_date
4151,4151.T,協和キリン,協和キリン（株）,医薬品,2025-10-10
4502,4502.T,武田,武田薬品工業（株）,医薬品,2025-10-10
4503,4503.T,アステラス,アステラス製薬（株）,医薬品,2025-10-10
4506,4506.T,住友ファーマ,住友ファーマ（株）,医薬品,2025-10-10
4507,4507.T,塩野義,塩野義製薬（株）,医薬品,2025-10-10
4519,4519.T,中外薬,中外製薬（株）,医薬品,2025-10-10
4523,4523.T,エーザイ,エーザイ（株）,医薬品,2025-10-10
4568,4568.T,第一三共,第一三共（株）,医薬品,2025-10-10
4578,4578.T,大塚ＨＤ,大塚ホールディングス（株）,医薬品,2025-10-10
6479,6479.T,ミネベア,ミネベアミツミ（株）,電気機器,2025-10-10
6501,6501.T,日立,（株）日立製作所,電気機器,2025-10-10
6503,6503.T,三菱電,三菱電機（株）,電気機器,2025-10-10
6504,6504.T,富士電機,富士電機（株）,電気機器,2025-10-10
6506,6506.T,安川電,（株）安川電機,電気機器,2025-10-10
6526,6526.T,ソシオネクス,（株）ソシオネクスト,電気機器,2025-10-10
6594,6594.T,ニデック,ニデック（株）,電気機器,2025-10-10
6645,6645.T,オムロン,オムロン（株）,電気機器,2025-10-10
6674,6674.T,ＧＳユアサ,（株）ジーエス・ユアサ　コーポレーション,電気機器,2025-10-10
6701,6701.T,ＮＥＣ,日本電気（株）,電気機器,2025-10-10
6702,6702.T,富士通,富士通（株）,電気機器,2025-10-10
6723,6723.T,ルネサス,ルネサスエレクトロニクス（株）,電気機器,2025-10-10
6724,6724.T,エプソン,セイコーエプソン（株）,電気機器,2025-10-10
6752,6752.T,パナＨＤ,パナソニック　ホールディングス（株）,電気機器,2025-10-10
6753,6753.T,シャープ,シャープ（株）,電気機器,2025-10-10
6758,6758.T,ソニーＧ,ソニーグループ（株）,電気機器,2025-10-10
6762,6762.T,ＴＤＫ,ＴＤＫ（株）,電気機器,2025-10-10
6770,6770.T,アルプスアル,アルプスアルパイン（株）,電気機器,2025-10-10
6841,6841.T,横河電,横河電機（株）,電気機器,2025-10-10
6857,6857.T,アドテスト,（株）アドバンテスト,電気機器,2025-10-10
6861,6861.T,キーエンス,（株）キーエンス,電気機器,2025-10-10
6902,6902.T,デンソー,（株）デンソー,電気機器,2025-10-10
6920,6920.T,レーザーテク,レーザーテック（株）,電気機器,2025-10-10
6952,6952.T,カシオ,カシオ計算機（株）,電気機器,2025-10-10
6954,6954.T,ファナック,ファナック（株）,電気機器,2025-10-10
6963,6963.T,ローム,ローム（株）,電気機器,2025-10-10
6971,6971.T,京セラ,京セラ（株）,電気機器,2025-10-10
6976,6976.T,太陽誘電,太陽誘電（株）,電気機器,2025-10-10
6981,6981.T,村田製,（株）村田製作所,電気機器,2025-10-10
7735,7735.T,スクリン,（株）ＳＣＲＥＥＮホールディングス,電気機器,2025-10-10
7751,7751.T,キヤノン,キヤノン（株）,電気機器,2025-10-10
7752,7752.T,リコー,（株）リコー,電気機器,2025-10-10
8035,8035.T,東エレク,東京エレクトロン（株）,電気機器,2025-10-10
7201,7201.T,日産自,日産自動車（株）,自動車,2025-10-10
7202,7202.T,いすゞ,いすゞ自動車（株）,自動車,2025-10-10
7203,7203.T,トヨタ,トヨタ自動車（株）,自動車,2025-10-10
7205,7205.T,日野自,日野自動車（株）,自動車,2025-10-10
7211,7211.T,三菱自,三菱自動車工業（株）,自動車,2025-10-10
7261,7261.T,マツダ,マツダ（株）,自動車,2025-10-10
7267,7267.T,ホンダ,本田技研工業（株）,自動車,2025-10-10
7269,7269.T,スズキ,スズキ（株）,自動車,2025-10-10
7270,7270.T,ＳＵＢＡＲＵ,（株）ＳＵＢＡＲＵ,自動車,2025-10-10
7272,7272.T,ヤマハ発,ヤマハ発動機（株）,自動車,2025-10-10
4543,4543.T,テルモ,テルモ（株）,精密機器,2025-10-10
4902,4902.T,コニカミノル,コニカミノルタ（株）,精密機器,2025-10-10
6146,6146.T,ディスコ,（株）ディスコ,精密機器,2025-10-10
7731,7731.T,ニコン,（株）ニコン,精密機器,2025-10-10
7733,7733.T,オリンパス,オリンパス（株）,精密機器,2025-10-10
7741,7741.T,ＨＯＹＡ,ＨＯＹＡ（株）,精密機器,2025-10-10
9432,9432.T,ＮＴＴ,ＮＴＴ（株）,通信,2025-10-10
9433,9433.T,ＫＤＤＩ,ＫＤＤＩ（株）,通信,2025-10-10
9434,9434.T,ＳＢ,ソフトバンク（株）,通信,2025-10-10
9984,9984.T,ＳＢＧ,ソフトバンクグループ（株）,通信,2025-10-10
5831,5831.T,しずおかＦＧ,（株）しずおかフィナンシャルグループ,銀行,2025-10-10
7186,7186.T,横浜ＦＧ,（株）横浜フィナンシャルグループ,銀行,2025-10-10
8304,8304.T,あおぞら銀,（株）あおぞら銀行,銀行,2025-10-10
8306,8306.T,三菱ＵＦＪ,（株）三菱ＵＦＪフィナンシャル・グループ,銀行,2025-10-10
8308,8308.T,りそなＨＤ,（株）りそなホールディングス,銀行,2025-10-10
8309,8309.T,三井住友トラ,三井住友トラストグループ（株）,銀行,2025-10-10
8316,8316.T,三井住友ＦＧ,（株）三井住友フィナンシャルグループ,銀行,2025-10-10
8331,8331.T,千葉銀,（株）千葉銀行,銀行,2025-10-10
8354,8354.T,ふくおかＦＧ,（株）ふくおかフィナンシャルグループ,銀行,2025-10-10
8411,8411.T,みずほＦＧ,（株）みずほフィナンシャルグループ,銀行,2025-10-10
8253,8253.T,クレセゾン,（株）クレディセゾン,その他金融,2025-10-10
8591,8591.T,オリックス,オリックス（株）,その他金融,2025-10-10
8697,8697.T,日本取引所,（株）日本取引所グループ,その他金融,2025-10-10
8601,8601.T,大和,（株）大和証券グループ本社,証券,2025-10-10
8604,8604.T,野村,野村ホールディングス（株）,証券,2025-10-10
8630,8630.T,ＳＯＭＰＯ,ＳＯＭＰＯホールディングス（株）,保険,2025-10-10
8725,8725.T,ＭＳ＆ＡＤ,ＭＳ＆ＡＤインシュアランスグループホールディングス（株）,保険,2025-10-10
8750,8750.T,第一生命ＨＤ,第一生命ホールディングス（株）,保険,2025-10-10
8766,8766.T,東京海上,東京海上ホールディングス（株）,保険,2025-10-10
8795,8795.T,Ｔ＆Ｄ,（株）Ｔ＆Ｄホールディングス,保険,2025-10-10
1332,1332.T,ニッスイ,（株）ニッスイ,水産,2025-10-10
2002,2002.T,日清粉Ｇ,（株）日清製粉グループ本社,食品,2025-10-10
2269,2269.T,明治ＨＤ,明治ホールディングス（株）,食品,2025-10-10
2282,2282.T,日ハム,日本ハム（株）,食品,2025-10-10
2501,2501.T,サッポロＨＤ,サッポロホールディングス（株）,食品,2025-10-10
2502,2502.T,アサヒ,アサヒグループホールディングス（株）,食品,2025-10-10
2503,2503.T,キリンＨＤ,キリンホールディングス（株）,食品,2025-10-10
2801,2801.T,キッコマン,キッコーマン（株）,食品,2025-10-10
2802,2802.T,味の素,味の素（株）,食品,2025-10-10
2871,2871.T,ニチレイ,（株）ニチレイ,食品,2025-10-10
2914,2914.T,ＪＴ,日本たばこ産業（株）,食品,2025-10-10
3086,3086.T,Ｊフロント,Ｊ．フロント　リテイリング（株）,小売業,2025-10-10
3092,3092.T,ＺＯＺＯ,（株）ＺＯＺＯ,小売業,2025-10-10
3099,3099.T,三越伊勢丹,（株）三越伊勢丹ホールディングス,小売業,2025-10-10
3382,3382.T,セブン＆アイ,（株）セブン＆アイ・ホールディングス,小売業,2025-10-10
7453,7453.T,良品計画,（株）良品計画,小売業,2025-10-10
8233,8233.T,高島屋,（株）高島屋,小売業,2025-10-10
8252,8252.T,丸井Ｇ,（株）丸井グループ,小売業,2025-10-10
8267,8267.T,イオン,イオン（株）,小売業,2025-10-10
9843,9843.T,ニトリＨＤ,（株）ニトリホールディングス,小売業,2025-10-10
9983,9983.T,ファストリ,（株）ファーストリテイリング,小売業,2025-10-10
2413,2413.T,エムスリー,エムスリー（株）,サービス,2025-10-10
2432,2432.T,ディーエヌエ,（株）ディー・エヌ・エー,サービス,2025-10-10
3659,3659.T,ネクソン,（株）ネクソン,サービス,2025-10-10
3697,3697.T,ＳＨＩＦＴ,（株）ＳＨＩＦＴ,サービス,2025-10-10
4307,4307.T,野村総研,（株）野村総合研究所,サービス,2025-10-10
4324,4324.T,電通グループ,（株）電通グループ,サービス,2025-10-10
4385,4385.T,メルカリ,（株）メルカリ,サービス,2025-10-10
4661,4661.T,ＯＬＣ,（株）オリエンタルランド,サービス,2025-10-10
4689,4689.T,ラインヤフー,ＬＩＮＥヤフー（株）,サービス,2025-10-10
4704,4704.T,トレンド,トレンドマイクロ（株）,サービス,2025-10-10
4751,4751.T,サイバー,（株）サイバーエージェント,サービス,2025-10-10
4755,4755.T,楽天グループ,楽天グループ（株）,サービス,2025-10-10
6098,6098.T,リクルート,（株）リクルートホールディングス,サービス,2025-10-10
6178,6178.T,日本郵政,日本郵政（株）,サービス,2025-10-10
6532,6532.T,ベイカレント,（株）ベイカレント,サービス,2025-10-10
7974,7974.T,任天堂,任天堂（株）,サービス,2025-10-10
9602,9602.T,東宝,東宝（株）,サービス,2025-10-10
9735,9735.T,セコム,セコム（株）,サービス,2025-10-10
9766,9766.T,コナミＧ,コナミグループ（株）,サービス,2025-10-10
1605,1605.T,ＩＮＰＥＸ,（株）ＩＮＰＥＸ,鉱業,2025-10-10
3401,3401.T,帝人,帝人（株）,繊維,2025-10-10
3402,3402.T,東レ,東レ（株）,繊維,2025-10-10
3861,3861.T,王子ＨＤ,王子ホールディングス（株）,パルプ・紙,2025-10-10
3405,3405.T,クラレ,（株）クラレ,化学,2025-10-10
3407,3407.T,旭化成,旭化成（株）,化学,2025-10-10
4004,4004.T,レゾナック,（株）レゾナック・ホールディングス,化学,2025-10-10
4005,4005.T,住友化,住友化学（株）,化学,2025-10-10
4021,4021.T,日産化,日産化学（株）,化学,2025-10-10
4042,4042.T,東ソー,東ソー（株）,化学,2025-10-10
4043,4043.T,トクヤマ,（株）トクヤマ,化学,2025-10-10
4061,4061.T,デンカ,デンカ（株）,化学,2025-10-10
4063,4063.T,信越化,信越化学工業（株）,化学,2025-10-10
4183,4183.T,三井化学,三井化学（株）,化学,2025-10-10
4188,4188.T,三菱ケミＧ,三菱ケミカルグループ（株）,化学,2025-10-10
4208,4208.T,ＵＢＥ,ＵＢＥ（株）,化学,2025-10-10
4452,4452.T,花王,花王（株）,化学,2025-10-10
4901,4901.T,富士フイルム,富士フイルムホールディングス（株）,化学,2025-10-10
4911,4911.T,資生堂,（株）資生堂,化学,2025-10-10
6988,6988.T,日東電,日東電工（株）,化学,2025-10-10
5019,5019.T,出光興産,出光興産（株）,石油,2025-10-10
5020,5020.T,ＥＮＥＯＳ,ＥＮＥＯＳホールディングス（株）,石油,2025-10-10
5101,5101.T,浜ゴム,横浜ゴム（株）,ゴム,2025-10-10
5108,5108.T,ブリヂストン,（株）ブリヂストン,ゴム,2025-10-10
5201,5201.T,ＡＧＣ,ＡＧＣ（株）,窯業,2025-10-10
5214,5214.T,日電硝,日本電気硝子（株）,窯業,2025-10-10
5233,5233.T,太平洋セメ,太平洋セメント（株）,窯業,2025-10-10
5301,5301.T,東海カーボン,東海カーボン（株）,窯業,2025-10-10
5332,5332.T,ＴＯＴＯ,ＴＯＴＯ（株）,窯業,2025-10-10
5333,5333.T,ガイシ,日本碍子（株）,窯業,2025-10-10
5401,5401.T,日本製鉄,日本製鉄（株）,鉄鋼,2025-10-10
5406,5406.T,神戸鋼,（株）神戸製鋼所,鉄鋼,2025-10-10
5411,5411.T,ＪＦＥ,ＪＦＥホールディングス（株）,鉄鋼,2025-10-10
3436,3436.T,ＳＵＭＣＯ,（株）ＳＵＭＣＯ,非鉄・金属,2025-10-10
5706,5706.T,三井金属,三井金属（株）,非鉄・金属,2025-10-10
5711,5711.T,三菱マ,三菱マテリアル（株）,非鉄・金属,2025-10-10
5713,5713.T,住友鉱,住友金属鉱山（株）,非鉄・金属,2025-10-10
5714,5714.T,ＤＯＷＡ,ＤＯＷＡホールディングス（株）,非鉄・金属,2025-10-10
5801,5801.T,古河電,古河電気工業（株）,非鉄・金属,2025-10-10
5802,5802.T,住友電,住友電気工業（株）,非鉄・金属,2025-10-10
5803,5803.T,フジクラ,（株）フジクラ,非鉄・金属,2025-10-10
2768,2768.T,双日,双日（株）,商社,2025-10-10
8001,8001.T,伊藤忠,伊藤忠商事（株）,商社,2025-10-10
8002,8002.T,丸紅,丸紅（株）,商社,2025-10-10
8015,8015.T,豊田通商,豊田通商（株）,商社,2025-10-10
8031,8031.T,三井物,三井物産（株）,商社,2025-10-10
8053,8053.T,住友商,住友商事（株）,商社,2025-10-10
8058,8058.T,三菱商,三菱商事（株）,商社,2025-10-10
1721,1721.T,コムシスＨＤ,コムシスホールディングス（株）,建設,2025-10-10
1801,1801.T,大成建,大成建設（株）,建設,2025-10-10
1802,1802.T,大林組,（株）大林組,建設,2025-10-10
1803,1803.T,清水建,清水建設（株）,建設,2025-10-10
1808,1808.T,長谷工,（株）長谷工コーポレーション,建設,2025-10-10
1812,1812.T,鹿島,鹿島建設（株）,建設,2025-10-10
1925,1925.T,ハウス,大和ハウス工業（株）,建設,2025-10-10
1928,1928.T,積ハウス,積水ハウス（株）,建設,2025-10-10
1963,1963.T,日揮ＨＤ,日揮ホールディングス（株）,建設,2025-10-10
5631,5631.T,日製鋼,（株）日本製鋼所,機械,2025-10-10
6103,6103.T,オークマ,オークマ（株）,機械,2025-10-10
6113,6113.T,アマダ,（株）アマダ,機械,2025-10-10
6273,6273.T,ＳＭＣ,ＳＭＣ（株）,機械,2025-10-10
6301,6301.T,コマツ,（株）小松製作所,機械,2025-10-10
6302,6302.T,住友重,住友重機械工業（株）,機械,2025-10-10
6305,6305.T,日立建機,日立建機（株）,機械,2025-10-10
6326,6326.T,クボタ,（株）クボタ,機械,2025-10-10
6361,6361.T,荏原,（株）荏原製作所,機械,2025-10-10
6367,6367.T,ダイキン,ダイキン工業（株）,機械,2025-10-10
6471,6471.T,日精工,日本精工（株）,機械,2025-10-10
6472,6472.T,ＮＴＮ,ＮＴＮ（株）,機械,2025-10-10
6473,6473.T,ジェイテクト,（株）ジェイテクト,機械,2025-10-10
7004,7004.T,カナデビア,カナデビア（株）,機械,2025-10-10
7011,7011.T,三菱重,三菱重工業（株）,機械,2025-10-10
7013,7013.T,ＩＨＩ,（株）ＩＨＩ,機械,2025-10-10
7012,7012.T,川重,川崎重工業（株）,造船,2025-10-10
7832,7832.T,バンナムＨＤ,（株）バンダイナムコホールディングス,その他製造,2025-10-10
7911,7911.T,ＴＯＰＰＡＮ,ＴＯＰＰＡＮホールディングス（株）,その他製造,2025-10-10
7912,7912.T,大日印,大日本印刷（株）,その他製造,2025-10-10
7951,7951.T,ヤマハ,ヤマハ（株）,その他製造,2025-10-10
3289,3289.T,東急不ＨＤ,東急不動産ホールディングス（株）,不動産,2025-10-10
8801,8801.T,三井不,三井不動産（株）,不動産,2025-10-10
8802,8802.T,菱地所,三菱地所（株）,不動産,2025-10-10
8804,8804.T,東建物,東京建物（株）,不動産,2025-10-10
8830,8830.T,住友不,住友不動産（株）,不動産,2025-10-10
9001,9001.T,東武,東武鉄道（株）,鉄道・バス,2025-10-10
9005,9005.T,東急,東急（株）,鉄道・バス,2025-10-10
9007,9007.T,小田急,小田急電鉄（株）,鉄道・バス,2025-10-10
9008,9008.T,京王,京王電鉄（株）,鉄道・バス,2025-10-10
9009,9009.T,京成,京成電鉄（株）,鉄道・バス,2025-10-10
9020,9020.T,ＪＲ東日本,東日本旅客鉄道（株）,鉄道・バス,2025-10-10
9021,9021.T,ＪＲ西日本,西日本旅客鉄道（株）,鉄道・バス,2025-10-10
9022,9022.T,ＪＲ東海,東海旅客鉄道（株）,鉄道・バス,2025-10-10
9064,9064.T,ヤマトＨＤ,ヤマトホールディングス（株）,陸運,2025-10-10
9147,9147.T,ＮＸＨＤ,ＮＩＰＰＯＮ　ＥＸＰＲＥＳＳホールディングス（株）,陸運,2025-10-10
9101,9101.T,郵船,日本郵船（株）,海運,2025-10-10
9104,9104.T,商船三井,（株）商船三井,海運,2025-10-10
9107,9107.T,川崎汽,川崎汽船（株）,海運,2025-10-10
9201,9201.T,ＪＡＬ,日本航空（株）,空運,2025-10-10
9202,9202.T,ＡＮＡＨＤ,ＡＮＡホールディングス（株）,空運,2025-10-10
9501,9501.T,東電ＨＤ,東京電力ホールディングス（株）,電力,2025-10-10
9502,9502.T,中部電,中部電力（株）,電力,2025-10-10
9503,9503.T,関西電,関西電力（株）,電力,2025-10-10
9531,9531.T,東ガス,東京瓦斯（株）,ガス,2025-10-10
9532,9532.T,大ガス,大阪瓦斯（株）,ガス,2025-10-10
