filename,filing_date,document_score,mean_chunk_score,median_chunk_score,num_chunks,edinet_code,symbol,filing_date_parsed
S100CKNI_1.xbrl,2018-03-16,0.0,0.0,0.0,0,E00816,4151.T,2018-03-16
S100FD5X_1.xbrl,2019-03-14,0.2,0.23333333333333334,0.2,6,E00816,4151.T,2019-03-14
S100I6UF_1.xbrl,2020-03-12,0.4,0.38,0.4,5,E00816,4151.T,2020-03-12
S100KWXR_1.xbrl,2021-03-09,0.3,0.2833333333333333,0.25,6,E00816,4151.T,2021-03-09
S100NMKA_1.xbrl,2022-03-08,0.5,0.45,0.5,6,E00816,4151.T,2022-03-08
S100QCX2_1.xbrl,2023-03-09,0.5,0.48333333333333334,0.5,6,E00816,4151.T,2023-03-09
S100DG7F_1.xbrl,2018-06-28,0.6,0.6333333333333333,0.6499999999999999,6,E00919,4502.T,2018-06-28
S100G9DS_1.xbrl,2019-06-27,0.0,0.0,0.0,17,E00919,4502.T,2019-06-27
S100IUW5_1.xbrl,2020-06-24,-0.1,0.0,0.0,20,E00919,4502.T,2020-06-24
S100LR7D_1.xbrl,2021-06-29,0.2,0.04285714285714286,0.0,21,E00919,4502.T,2021-06-29
S100OBQE_1.xbrl,2022-06-29,0.1,0.07777777777777778,0.1,18,E00919,4502.T,2022-06-29
S100D672_1.xbrl,2018-06-15,-0.25,-0.125,-0.1,4,E00920,4503.T,2018-06-15
S100G0JS_1.xbrl,2019-06-18,0.5,0.375,0.5,4,E00920,4503.T,2019-06-18
S100ISXY_1.xbrl,2020-06-18,0.1,0.1,0.1,4,E00920,4503.T,2020-06-18
S100LIQN_1.xbrl,2021-06-18,-0.25,-0.125,-0.25,4,E00920,4503.T,2021-06-18
S100O9T7_1.xbrl,2022-06-20,0.1,0.07500000000000001,0.1,4,E00920,4503.T,2022-06-20
S100D54M_1.xbrl,2018-06-19,0.5,0.42857142857142855,0.4,7,E00922,4506.T,2018-06-19
S100FZD7_1.xbrl,2019-06-20,-0.2,-0.2,-0.25,4,E00922,4506.T,2019-06-20
S100IU2H_1.xbrl,2020-06-23,0.0,0.1,0.0,5,E00922,4506.T,2020-06-23
S100LN0R_1.xbrl,2021-06-24,0.1,0.02,0.1,5,E00922,4506.T,2021-06-24
S100O9PO_1.xbrl,2022-06-23,0.1,0.07500000000000001,0.15000000000000002,4,E00922,4506.T,2022-06-23
S100D8CS_1.xbrl,2018-06-20,0.5,0.5,0.5,3,E00923,4507.T,2018-06-20
S100G0TE_1.xbrl,2019-06-18,0.8,0.8,0.8,3,E00923,4507.T,2019-06-18
S100IXUZ_1.xbrl,2020-06-24,-0.4,-0.38,-0.4,5,E00923,4507.T,2020-06-24
S100LMYP_1.xbrl,2021-06-23,-0.25,-0.25,-0.25,4,E00923,4507.T,2021-06-23
S100OE0D_1.xbrl,2022-06-24,0.5,0.375,0.5,4,E00923,4507.T,2022-06-24
S100CL2M_1.xbrl,2018-03-22,0.0,0.0,0.0,0,E00932,4519.T,2018-03-22
S100FGUZ_1.xbrl,2019-03-28,0.5,0.5,0.5,5,E00932,4519.T,2019-03-28
S100IAU4_1.xbrl,2020-03-30,0.83,0.8333333333333334,1.0,6,E00932,4519.T,2020-03-30
S100KZU5_1.xbrl,2021-03-23,0.5,0.5333333333333333,0.6,6,E00932,4519.T,2021-03-23
S100NR8W_1.xbrl,2022-03-29,0.8,0.8,0.8,5,E00932,4519.T,2022-03-29
S100QH69_1.xbrl,2023-03-30,0.5,0.42857142857142855,0.5,7,E00932,4519.T,2023-03-30
S100D7MU_1.xbrl,2018-06-20,0.8,0.625,0.5,4,E00939,4523.T,2018-06-20
S100G2DR_1.xbrl,2019-06-20,0.8,0.7,0.5,5,E00939,4523.T,2019-06-20
S100ITSP_1.xbrl,2020-06-19,0.8,0.76,0.8,5,E00939,4523.T,2020-06-19
S100LKNM_1.xbrl,2021-06-18,0.1,0.0,0.1,5,E00939,4523.T,2021-06-18
S100D602_1.xbrl,2018-06-18,0.1,0.07500000000000001,0.05,4,E00984,4568.T,2018-06-18
S100FZ3C_1.xbrl,2019-06-17,0.1,0.1,0.1,4,E00984,4568.T,2019-06-17
S100IRKC_1.xbrl,2020-06-15,0.5,0.37142857142857144,0.4,7,E00984,4568.T,2020-06-15
S100LKS9_1.xbrl,2021-06-21,-0.17,-0.049999999999999996,0.1,6,E00984,4568.T,2021-06-21
S100ODRB_1.xbrl,2022-06-27,0.2,0.23333333333333334,0.2,6,E00984,4568.T,2022-06-27
S100CPJJ_1.xbrl,2018-03-30,0.0,0.0,0.0,0,E21183,4578.T,2018-03-30
S100FJ7X_1.xbrl,2019-03-29,0.1,0.04285714285714286,0.0,7,E21183,4578.T,2019-03-29
S100ICNQ_1.xbrl,2020-03-30,0.5,0.5428571428571428,0.5,7,E21183,4578.T,2020-03-30
S100L3LV_1.xbrl,2021-03-31,0.5,0.35714285714285715,0.5,7,E21183,4578.T,2021-03-31
S100NTB1_1.xbrl,2022-03-31,0.1,0.07142857142857144,0.1,7,E21183,4578.T,2022-03-31
S100QJ0T_1.xbrl,2023-03-31,0.5,0.35714285714285715,0.5,7,E21183,4578.T,2023-03-31
S100DHGG_1.xbrl,2018-06-28,0.8,0.8,0.8,4,E01607,6479.T,2018-06-28
S100G7LR_1.xbrl,2019-06-27,0.5,0.375,0.5,4,E01607,6479.T,2019-06-27
S100J0U3_1.xbrl,2020-06-26,0.0,0.0,0.0,4,E01607,6479.T,2020-06-26
S100LT8J_1.xbrl,2021-06-29,0.1,0.1,0.1,4,E01607,6479.T,2021-06-29
S100OJPE_1.xbrl,2022-06-29,0.8,0.625,0.5,4,E01607,6479.T,2022-06-29
S100DJ2G_1.xbrl,2018-06-29,0.5,0.43333333333333335,0.4,6,E01737,6501.T,2018-06-29
S100G21U_1.xbrl,2019-06-19,0.1,0.05,0.05,6,E01737,6501.T,2019-06-19
S100JMMA_1.xbrl,2020-08-31,-0.1,-0.12222222222222222,-0.2,9,E01737,6501.T,2020-08-31
S100LNII_1.xbrl,2021-06-23,0.1,0.03333333333333333,0.0,9,E01737,6501.T,2021-06-23
S100OB34_1.xbrl,2022-06-22,0.2,0.1,0.1,9,E01737,6501.T,2022-06-22
S100D9SC_1.xbrl,2018-06-28,0.5,0.375,0.4,4,E01739,6503.T,2018-06-28
S100G6IU_1.xbrl,2019-06-27,0.0,0.0,0.0,3,E01739,6503.T,2019-06-27
S100IT05_1.xbrl,2020-06-26,-0.1,0.014285714285714287,0.0,7,E01739,6503.T,2020-06-26
S100LPLG_1.xbrl,2021-06-29,-0.2,-0.14285714285714285,0.0,7,E01739,6503.T,2021-06-29
S100OEWH_1.xbrl,2022-06-29,0.2,0.14285714285714285,0.0,7,E01739,6503.T,2022-06-29
S100DCFO_1.xbrl,2018-06-26,0.5,0.27999999999999997,0.3,5,E01740,6504.T,2018-06-26
S100G5D4_1.xbrl,2019-06-25,0.5,0.4,0.4,4,E01740,6504.T,2019-06-25
S100JD1K_1.xbrl,2020-08-06,-0.4,-0.4166666666666667,-0.5,6,E01740,6504.T,2020-08-06
S100LP0P_1.xbrl,2021-06-25,0.2,0.13333333333333333,0.1,9,E01740,6504.T,2021-06-25
S100OI7U_1.xbrl,2022-06-28,0.5,0.31666666666666665,0.35,6,E01740,6504.T,2022-06-28
S100D293_1.xbrl,2018-05-30,0.0,0.0,0.0,0,E01741,6506.T,2018-05-30
S100FVG3_1.xbrl,2019-05-29,0.2,0.15,0.05,4,E01741,6506.T,2019-05-29
S100IOOX_1.xbrl,2020-05-28,-0.2,-0.13333333333333333,0.0,6,E01741,6506.T,2020-05-28
S100LETR_1.xbrl,2021-05-27,0.2,0.1,0.1,16,E01741,6506.T,2021-05-27
S100O4U1_1.xbrl,2022-05-27,0.8,0.75,0.75,4,E01741,6506.T,2022-05-27
S100D69Z_1.xbrl,2018-06-21,0.5,0.275,0.25,8,E01975,6594.T,2018-06-21
S100G1N0_1.xbrl,2019-06-19,-0.1,-0.0875,0.0,8,E01975,6594.T,2019-06-19
S100ISN0_1.xbrl,2020-06-18,-0.2,-0.14285714285714285,0.0,7,E01975,6594.T,2020-06-18
S100LMP5_1.xbrl,2021-06-23,0.5,0.2857142857142857,0.3,7,E01975,6594.T,2021-06-23
S100OA6Q_1.xbrl,2022-06-20,0.5,0.37142857142857144,0.4,7,E01975,6594.T,2022-06-20
S100D7K5_1.xbrl,2018-06-20,0.5,0.5,0.5,5,E01755,6645.T,2018-06-20
S100G145_1.xbrl,2019-06-19,-0.1,-0.060000000000000005,0.0,5,E01755,6645.T,2019-06-19
S100IXLK_1.xbrl,2020-06-24,0.2,0.16,0.15000000000000002,20,E01755,6645.T,2020-06-24
S100LLFL_1.xbrl,2021-06-25,0.5,0.59,0.55,10,E01755,6645.T,2021-06-25
S100OEI0_1.xbrl,2022-06-24,0.5,0.48,0.45,10,E01755,6645.T,2022-06-24
S100DHKK_1.xbrl,2018-06-28,0.1,0.07500000000000001,0.05,4,E02089,6674.T,2018-06-28
S100G6XH_1.xbrl,2019-06-27,0.1,0.0,-0.1,4,E02089,6674.T,2019-06-27
S100ITOH_1.xbrl,2020-06-26,-0.1,-0.075,-0.04999999999999999,4,E02089,6674.T,2020-06-26
S100LTRR_1.xbrl,2021-06-29,0.1,0.125,0.1,4,E02089,6674.T,2021-06-29
S100OKYC_1.xbrl,2022-06-29,0.0,0.0,0.0,4,E02089,6674.T,2022-06-29
S100DAXT_1.xbrl,2018-06-25,0.4,0.34,0.3,5,E01765,6701.T,2018-06-25
S100G3VA_1.xbrl,2019-06-24,0.0,-0.02,0.0,5,E01765,6701.T,2019-06-24
S100IXT2_1.xbrl,2020-06-24,0.6,0.5,0.5,5,E01765,6701.T,2020-06-24
S100LLHV_1.xbrl,2021-06-22,0.3,0.28,0.3,5,E01765,6701.T,2021-06-22
S100OAPM_1.xbrl,2022-06-22,0.2,0.12,0.1,5,E01765,6701.T,2022-06-22
S100DCSS_1.xbrl,2018-06-25,0.2,0.16153846153846155,0.2,13,E01766,6702.T,2018-06-25
S100G5W7_1.xbrl,2019-06-24,-0.25,-0.16666666666666666,0.0,12,E01766,6702.T,2019-06-24
S100IVC3_1.xbrl,2020-06-22,0.5,0.44,0.45,10,E01766,6702.T,2020-06-22
S100LT4R_1.xbrl,2021-06-28,0.5,0.5,0.5,10,E01766,6702.T,2021-06-28
S100OHKL_1.xbrl,2022-06-27,0.3,0.33,0.25,10,E01766,6702.T,2022-06-27
S100COA9_1.xbrl,2018-03-29,0.0,0.0,0.0,0,E02081,6723.T,2018-03-29
S100FI7U_1.xbrl,2019-03-28,-0.2,-0.2,0.0,5,E02081,6723.T,2019-03-28
S100IAXO_1.xbrl,2020-03-27,-0.25,-0.125,-0.25,4,E02081,6723.T,2020-03-27
S100L3KH_1.xbrl,2021-03-31,0.5,0.375,0.5,4,E02081,6723.T,2021-03-31
S100NRVN_1.xbrl,2022-03-30,0.8,0.78,0.8,5,E02081,6723.T,2022-03-30
S100G26J_1.xbrl,2019-06-27,0.0,0.0,0.0,4,E01873,6724.T,2019-06-27
S100IQ0W_1.xbrl,2020-06-26,-0.5,-0.5,-0.6,4,E01873,6724.T,2020-06-26
S100LNQK_1.xbrl,2021-06-28,0.1,0.07500000000000001,0.05,4,E01873,6724.T,2021-06-28
S100OKHT_1.xbrl,2022-06-29,0.5,0.5,0.5,4,E01873,6724.T,2022-06-29
S100DI5Q_1.xbrl,2018-06-29,0.8,0.65,0.8,4,E01772,6752.T,2018-06-29
S100GCK6_1.xbrl,2019-06-28,0.3,0.3,0.25,4,E01772,6752.T,2019-06-28
S100IZ9B_1.xbrl,2020-06-26,-0.2,-0.2,-0.5,5,E01772,6752.T,2020-06-26
S100ODSS_1.xbrl,2022-06-24,0.5,0.5,0.5,5,E01772,6752.T,2022-06-24
S100D8OO_1.xbrl,2018-06-21,0.8,0.8,0.8,4,E01773,6753.T,2018-06-21
S100G50Y_1.xbrl,2019-06-26,0.1,0.08,0.1,5,E01773,6753.T,2019-06-26
S100J4CM_1.xbrl,2020-06-30,-0.1,-0.025,0.0,4,E01773,6753.T,2020-06-30
S100LV8Q_1.xbrl,2021-06-30,0.5,0.425,0.4,4,E01773,6753.T,2021-06-30
S100OEYJ_1.xbrl,2022-06-24,0.2,0.1,0.15000000000000002,4,E01773,6753.T,2022-06-24
S100D83E_1.xbrl,2018-06-19,0.1,0.018181818181818184,0.0,22,E01777,6758.T,2018-06-19
S100G0MG_1.xbrl,2019-06-18,0.1,0.06818181818181818,0.0,22,E01777,6758.T,2019-06-18
S100J1ER_1.xbrl,2020-06-26,-0.1,-0.1956521739130435,0.0,23,E01777,6758.T,2020-06-26
S100OJ0K_1.xbrl,2022-06-28,0.2,0.17391304347826086,0.1,23,E01777,6758.T,2022-06-28
S100DG03_1.xbrl,2018-06-28,0.1,0.06666666666666667,0.1,6,E01780,6762.T,2018-06-28
S100G9YW_1.xbrl,2019-06-27,0.5,0.3833333333333333,0.35,6,E01780,6762.T,2019-06-27
S100IVW9_1.xbrl,2020-06-23,-0.2,-0.11,-0.15000000000000002,10,E01780,6762.T,2020-06-23
S100LMH9_1.xbrl,2021-06-23,0.5,0.25,0.5,8,E01780,6762.T,2021-06-23
S100ODQV_1.xbrl,2022-06-24,0.5,0.4,0.4,8,E01780,6762.T,2022-06-24
S100DA29_1.xbrl,2018-06-22,0.8,0.74,0.8,5,E01793,6770.T,2018-06-22
S100G3U8_1.xbrl,2019-06-21,-0.2,-0.0375,0.05,8,E01793,6770.T,2019-06-21
S100IWGU_1.xbrl,2020-06-24,-0.5,-0.5,-0.5,6,E01793,6770.T,2020-06-24
S100LP31_1.xbrl,2021-06-25,-0.2,-0.1,-0.1,6,E01793,6770.T,2021-06-25
S100OD9W_1.xbrl,2022-06-23,0.5,0.36666666666666664,0.4,6,E01793,6770.T,2022-06-23
S100D64S_1.xbrl,2018-06-26,0.1,0.13333333333333333,0.1,3,E01878,6841.T,2018-06-26
S100G4N0_1.xbrl,2019-06-25,0.2,0.2,0.2,3,E01878,6841.T,2019-06-25
S100IVEK_1.xbrl,2020-06-24,0.1,0.1,0.1,4,E01878,6841.T,2020-06-24
S100LIZL_1.xbrl,2021-06-23,-0.1,-0.1,-0.15000000000000002,4,E01878,6841.T,2021-06-23
S100O7MY_1.xbrl,2022-06-22,0.2,0.175,0.15000000000000002,4,E01878,6841.T,2022-06-22
S100D9OX_1.xbrl,2018-06-28,0.5,0.45,0.5,4,E01950,6857.T,2018-06-28
S100GASS_1.xbrl,2019-06-27,0.8,0.6,0.55,4,E01950,6857.T,2019-06-27
S100ITQK_1.xbrl,2020-06-26,-0.1,-0.2,-0.25,4,E01950,6857.T,2020-06-26
S100LOF7_1.xbrl,2021-06-24,0.5,0.5,0.5,4,E01950,6857.T,2021-06-24
S100OCWZ_1.xbrl,2022-06-22,0.5,0.5,0.55,4,E01950,6857.T,2022-06-22
S100D6C2_1.xbrl,2018-06-14,0.0,0.0,0.0,0,E01967,6861.T,2018-06-14
S100FZM4_1.xbrl,2019-06-17,0.5,0.5,0.5,2,E01967,6861.T,2019-06-17
S100IS40_1.xbrl,2020-06-15,-0.2,-0.1,-0.1,2,E01967,6861.T,2020-06-15
S100LIN5_1.xbrl,2021-06-14,0.1,0.1,0.1,2,E01967,6861.T,2021-06-14
S100O80N_1.xbrl,2022-06-13,0.8,0.8,0.8,2,E01967,6861.T,2022-06-13
S100D74H_1.xbrl,2018-06-20,0.5,0.5,0.5,3,E01892,6902.T,2018-06-20
S100G5W2_1.xbrl,2019-06-26,0.0,0.0,0.0,3,E01892,6902.T,2019-06-26
S100ITB3_1.xbrl,2020-06-19,-0.5,-0.5333333333333333,-0.7,3,E01892,6902.T,2020-06-19
S100LJ9G_1.xbrl,2021-06-22,0.1,0.1,0.1,3,E01892,6902.T,2021-06-22
S100O98N_1.xbrl,2022-06-21,0.5,0.43333333333333335,0.5,3,E01892,6902.T,2022-06-21
S100E6G2_1.xbrl,2018-09-27,0.5,0.3333333333333333,0.3,3,E01991,6920.T,2018-09-27
S100H1DX_1.xbrl,2019-09-30,0.5,0.26666666666666666,0.3,3,E01991,6920.T,2019-09-30
S100JRT9_1.xbrl,2020-09-29,0.5,0.3333333333333333,0.5,3,E01991,6920.T,2020-09-29
S100MI7Y_1.xbrl,2021-09-29,0.5,0.3333333333333333,0.3,3,E01991,6920.T,2021-09-29
S100P96S_1.xbrl,2022-09-29,0.5,0.3333333333333333,0.3,3,E01991,6920.T,2022-09-29
S100DF3J_1.xbrl,2018-06-28,0.2,0.2,0.2,2,E01935,6952.T,2018-06-28
S100G8NX_1.xbrl,2019-06-27,0.2,0.175,0.15000000000000002,4,E01935,6952.T,2019-06-27
S100IXBH_1.xbrl,2020-06-26,-0.2,-0.15,-0.15,4,E01935,6952.T,2020-06-26
S100LRTE_1.xbrl,2021-06-29,-0.25,-0.14285714285714285,0.0,7,E01935,6952.T,2021-06-29
S100OI3K_1.xbrl,2022-06-29,0.3,0.3,0.3,3,E01935,6952.T,2022-06-29
S100DEKU_1.xbrl,2018-06-29,0.8,0.8,0.8,3,E01946,6954.T,2018-06-29
S100GB0Y_1.xbrl,2019-06-28,-0.2,-0.3333333333333333,-0.5,3,E01946,6954.T,2019-06-28
S100J2FA_1.xbrl,2020-06-30,-0.5,-0.5,-0.5,3,E01946,6954.T,2020-06-30
S100LT42_1.xbrl,2021-06-30,0.5,0.3333333333333333,0.3,3,E01946,6954.T,2021-06-30
S100O9SD_1.xbrl,2022-06-30,0.5,0.3333333333333333,0.5,3,E01946,6954.T,2022-06-30
S100DFHN_1.xbrl,2018-06-28,0.8,0.8,0.8,3,E01953,6963.T,2018-06-28
S100GAJC_1.xbrl,2019-06-27,0.1,0.1,0.1,3,E01953,6963.T,2019-06-27
S100IYS6_1.xbrl,2020-06-26,-0.4,-0.4,-0.4,5,E01953,6963.T,2020-06-26
S100LO3Z_1.xbrl,2021-06-25,0.2,0.15,0.15000000000000002,6,E01953,6963.T,2021-06-25
S100OE2P_1.xbrl,2022-06-24,0.8,0.74,0.8,5,E01953,6963.T,2022-06-24
S100DCIX_1.xbrl,2018-06-26,0.1,0.06923076923076923,0.1,13,E01182,6971.T,2018-06-26
S100G7QO_1.xbrl,2019-06-25,0.3,0.2,0.2,11,E01182,6971.T,2019-06-25
S100IZ51_1.xbrl,2020-06-25,0.1,0.018181818181818184,0.0,11,E01182,6971.T,2020-06-25
S100LQMQ_1.xbrl,2021-06-25,-0.2,-0.09,0.0,10,E01182,6971.T,2021-06-25
S100OH5T_1.xbrl,2022-06-28,0.8,0.6,0.5,10,E01182,6971.T,2022-06-28
S100DJG1_1.xbrl,2018-06-29,0.5,0.5,0.5,3,E01824,6976.T,2018-06-29
S100GCZQ_1.xbrl,2019-06-28,0.5,0.5,0.5,3,E01824,6976.T,2019-06-28
S100J34Y_1.xbrl,2020-06-29,0.1,0.1,0.1,3,E01824,6976.T,2020-06-29
S100LVTG_1.xbrl,2021-06-30,0.5,0.5,0.5,3,E01824,6976.T,2021-06-30
S100OM4A_1.xbrl,2022-06-30,0.5,0.5,0.5,3,E01824,6976.T,2022-06-30
S100D9EX_1.xbrl,2018-06-28,0.1,0.07500000000000001,0.05,4,E01914,6981.T,2018-06-28
S100J1A2_1.xbrl,2020-06-26,-0.2,-0.11666666666666667,-0.05,6,E01914,6981.T,2020-06-26
S100LPV9_1.xbrl,2021-06-29,0.5,0.4166666666666667,0.5,6,E01914,6981.T,2021-06-29
S100OJOR_1.xbrl,2022-06-29,0.5,0.43333333333333335,0.4,6,E01914,6981.T,2022-06-29
S100DEZO_1.xbrl,2018-06-27,0.8,0.5666666666666667,0.6,9,E02288,7735.T,2018-06-27
S100G8E9_1.xbrl,2019-06-26,-0.2,-0.13999999999999999,0.0,5,E02288,7735.T,2019-06-26
S100IWBK_1.xbrl,2020-06-25,-0.4,-0.44,-0.5,5,E02288,7735.T,2020-06-25
S100LLOH_1.xbrl,2021-06-25,0.3,0.16,0.1,5,E02288,7735.T,2021-06-25
S100OCWL_1.xbrl,2022-06-27,0.5,0.375,0.5,4,E02288,7735.T,2022-06-27
S100CN71_1.xbrl,2018-03-29,0.0,0.0,0.0,0,E02274,7751.T,2018-03-29
S100FHHS_1.xbrl,2019-03-28,0.2,0.16923076923076924,0.2,13,E02274,7751.T,2019-03-28
S100IB70_1.xbrl,2020-03-27,-0.3,-0.12857142857142856,0.0,14,E02274,7751.T,2020-03-27
S100L2I7_1.xbrl,2021-03-30,-0.1,0.09375,0.0,16,E02274,7751.T,2021-03-30
S100NRAM_1.xbrl,2022-03-30,0.8,0.335,0.3,20,E02274,7751.T,2022-03-30
S100QHVI_1.xbrl,2023-03-30,0.5,0.3523809523809524,0.4,21,E02274,7751.T,2023-03-30
S100DF4C_1.xbrl,2018-06-27,0.1,-0.009999999999999998,0.05,10,E02275,7752.T,2018-06-27
S100G8OZ_1.xbrl,2019-06-26,0.2,0.09166666666666667,0.1,12,E02275,7752.T,2019-06-26
S100IXRR_1.xbrl,2020-06-29,0.1,2.7755575615628915e-18,0.05,10,E02275,7752.T,2020-06-29
S100LKDZ_1.xbrl,2021-06-25,-0.1,-0.13333333333333333,-0.2,9,E02275,7752.T,2021-06-25
S100OE3Q_1.xbrl,2022-06-27,0.5,0.35,0.5,10,E02275,7752.T,2022-06-27
S100D6W6_1.xbrl,2018-06-19,0.9,0.8571428571428571,1.0,7,E02652,8035.T,2018-06-19
S100FZBW_1.xbrl,2019-06-18,0.6,0.45,0.45,6,E02652,8035.T,2019-06-18
S100IVX0_1.xbrl,2020-06-23,-0.2,-0.049999999999999996,0.05,4,E02652,8035.T,2020-06-23
S100LJ5R_1.xbrl,2021-06-17,0.8,0.76,0.8,5,E02652,8035.T,2021-06-17
S100OA3X_1.xbrl,2022-06-21,0.6,0.48,0.6,5,E02652,8035.T,2022-06-21
S100DHAZ_1.xbrl,2018-06-28,0.0,0.0,0.0,4,E02142,7201.T,2018-06-28
S100GB62_1.xbrl,2019-06-27,-0.5,-0.44,-0.5,5,E02142,7201.T,2019-06-27
S100J6CF_1.xbrl,2020-07-06,-1.0,-0.75,-0.75,6,E02142,7201.T,2020-07-06
S100LU0G_1.xbrl,2021-06-29,-0.2,-0.5,-0.5,5,E02142,7201.T,2021-06-29
S100OM2J_1.xbrl,2022-06-30,0.3,0.3,0.3,5,E02142,7201.T,2022-06-30
S100DGFT_1.xbrl,2018-06-28,0.5,0.3375,0.35,8,E02143,7202.T,2018-06-28
S100G7N6_1.xbrl,2019-06-26,0.2,0.13999999999999999,0.1,5,E02143,7202.T,2019-06-26
S100J2IP_1.xbrl,2020-06-29,-0.2,-0.3666666666666667,-0.5,6,E02143,7202.T,2020-06-29
S100LPZS_1.xbrl,2021-06-25,-0.2,-0.17142857142857143,-0.2,7,E02143,7202.T,2021-06-25
S100OHML_1.xbrl,2022-06-28,0.5,0.3833333333333333,0.5,6,E02143,7202.T,2022-06-28
S100DA2Y_1.xbrl,2018-06-25,0.5,0.2105263157894737,0.3,19,E02144,7203.T,2018-06-25
S100G1ZO_1.xbrl,2019-06-21,0.1,0.06111111111111111,0.0,18,E02144,7203.T,2019-06-21
S100IUNR_1.xbrl,2020-06-24,0.1,-0.035,-0.05,20,E02144,7203.T,2020-06-24
S100LO6W_1.xbrl,2021-06-24,0.0,0.0,0.0,14,E02144,7203.T,2021-06-24
S100OC13_1.xbrl,2022-06-23,0.5,0.3,0.3,14,E02144,7203.T,2022-06-23
S100DC6R_1.xbrl,2018-06-26,0.8,0.8,0.8,4,E02146,7205.T,2018-06-26
S100FZDJ_1.xbrl,2019-06-19,0.5,0.275,0.4,4,E02146,7205.T,2019-06-19
S100ITI5_1.xbrl,2020-06-22,-0.5,-0.5,-0.5,4,E02146,7205.T,2020-06-22
S100LNS1_1.xbrl,2021-06-24,-0.75,-0.75,-0.75,4,E02146,7205.T,2021-06-24
S100OD19_1.xbrl,2022-06-23,-0.2,-0.19999999999999998,-0.2,9,E02146,7205.T,2022-06-23
S100DA0S_1.xbrl,2018-06-22,0.5,0.43333333333333335,0.5,3,E02213,7211.T,2018-06-22
S100G4HC_1.xbrl,2019-06-21,0.5,0.325,0.25,4,E02213,7211.T,2019-06-21
S100J0NG_1.xbrl,2020-06-25,-0.5,-0.625,-0.5,4,E02213,7211.T,2020-06-25
S100LPLR_1.xbrl,2021-06-24,-0.5,-0.375,-0.5,4,E02213,7211.T,2021-06-24
S100OG4J_1.xbrl,2022-06-24,0.5,0.425,0.4,4,E02213,7211.T,2022-06-24
S100DCGT_1.xbrl,2018-06-27,0.8,0.8,0.8,4,E02163,7261.T,2018-06-27
S100G2HN_1.xbrl,2019-06-27,0.0,-0.05,-0.1,4,E02163,7261.T,2019-06-27
S100IS9D_1.xbrl,2020-06-25,-0.4,-0.28,-0.3,5,E02163,7261.T,2020-06-25
S100LM10_1.xbrl,2021-06-25,-0.2,-0.22,-0.2,5,E02163,7261.T,2021-06-25
S100OA73_1.xbrl,2022-06-27,0.6,0.52,0.5,5,E02163,7261.T,2022-06-27
S100D7P7_1.xbrl,2018-06-20,0.2,0.16,0.1,15,E02166,7267.T,2018-06-20
S100G0M9_1.xbrl,2019-06-19,0.1,0.02,0.0,20,E02166,7267.T,2019-06-19
S100IT9V_1.xbrl,2020-06-19,-0.5,-0.40625,-0.5,16,E02166,7267.T,2020-06-19
S100LLW5_1.xbrl,2021-06-23,-0.1,-0.07333333333333333,0.0,15,E02166,7267.T,2021-06-23
S100OBEJ_1.xbrl,2022-06-22,0.5,0.25,0.5,16,E02166,7267.T,2022-06-22
S100DGY8_1.xbrl,2018-06-28,0.5,0.43333333333333335,0.3,3,E02167,7269.T,2018-06-28
S100GDBK_1.xbrl,2019-06-28,0.1,0.1,0.1,3,E02167,7269.T,2019-06-28
S100J04Y_1.xbrl,2020-06-26,-0.5,-0.21428571428571427,0.0,7,E02167,7269.T,2020-06-26
S100LPRL_1.xbrl,2021-06-25,-0.1,-0.1,-0.1,2,E02167,7269.T,2021-06-25
S100OJSN_1.xbrl,2022-06-29,0.2,0.2,0.2,2,E02167,7269.T,2022-06-29
S100DBN2_1.xbrl,2018-06-25,0.1,0.1,0.1,4,E02152,7270.T,2018-06-25
S100G1EC_1.xbrl,2019-06-24,-0.5,-0.4,-0.3,5,E02152,7270.T,2019-06-24
S100IWST_1.xbrl,2020-06-24,0.5,0.2142857142857143,0.2,7,E02152,7270.T,2020-06-24
S100LMPK_1.xbrl,2021-06-24,-0.2,-0.175,-0.15,8,E02152,7270.T,2021-06-24
S100OB9K_1.xbrl,2022-06-23,-0.2,-0.1,0.0,5,E02152,7270.T,2022-06-23
S100CG80_1.xbrl,2018-03-26,0.0,0.0,0.0,0,E02168,7272.T,2018-03-26
S100FGMG_1.xbrl,2019-03-28,0.0,-0.05,-0.05,4,E02168,7272.T,2019-03-28
S100I9Y4_1.xbrl,2020-03-26,-0.2,-0.2,-0.2,5,E02168,7272.T,2020-03-26
S100L05N_1.xbrl,2021-03-25,-0.1,-0.02,0.0,5,E02168,7272.T,2021-03-25
S100NPC9_1.xbrl,2022-03-24,0.8,0.7166666666666667,0.7,6,E02168,7272.T,2022-03-24
S100QDTC_1.xbrl,2023-03-23,0.2,0.05714285714285714,0.0,7,E02168,7272.T,2023-03-23
S100DBD1_1.xbrl,2018-06-25,0.8,0.75,0.75,6,E01630,4543.T,2018-06-25
S100G47A_1.xbrl,2019-06-24,0.0,0.0,0.0,4,E01630,4543.T,2019-06-24
S100IXIR_1.xbrl,2020-06-26,0.5,0.5,0.5,5,E01630,4543.T,2020-06-26
S100LLAO_1.xbrl,2021-06-23,-0.2,-0.25,-0.25,4,E01630,4543.T,2021-06-23
S100OAR8_1.xbrl,2022-06-23,0.8,0.8,0.8,4,E01630,4543.T,2022-06-23
S100D6PD_1.xbrl,2018-06-20,0.5,0.5,0.5,4,E00989,4902.T,2018-06-20
S100G0S4_1.xbrl,2019-06-19,0.5,0.375,0.5,4,E00989,4902.T,2019-06-19
S100J88L_1.xbrl,2020-07-15,-0.2,-0.15714285714285714,-0.5,7,E00989,4902.T,2020-07-15
S100LRU2_1.xbrl,2021-06-29,0.0,3.469446951953614e-18,0.05,8,E00989,4902.T,2021-06-29
S100O9RP_1.xbrl,2022-06-20,-0.2,0.0,0.1,7,E00989,4902.T,2022-06-20
S100DCUG_1.xbrl,2018-06-27,0.9,0.9,0.9,2,E01506,6146.T,2018-06-27
S100G449_1.xbrl,2019-06-25,-0.2,-0.2,-0.2,2,E01506,6146.T,2019-06-25
S100IW9J_1.xbrl,2020-06-26,0.1,0.06666666666666667,0.1,3,E01506,6146.T,2020-06-26
S100LQKR_1.xbrl,2021-06-29,0.8,0.5666666666666667,0.5,3,E01506,6146.T,2021-06-29
S100OJ7R_1.xbrl,2022-06-29,0.8,0.5,0.5,3,E01506,6146.T,2022-06-29
S100DCA4_1.xbrl,2018-06-28,0.5,0.45,0.5,4,E02271,7731.T,2018-06-28
S100G4AP_1.xbrl,2019-06-27,0.5,0.425,0.45,4,E02271,7731.T,2019-06-27
S100J2HK_1.xbrl,2020-06-26,-0.5,-0.5,-0.5,4,E02271,7731.T,2020-06-26
S100LLYK_1.xbrl,2021-06-29,-0.4,-0.28,-0.3,5,E02271,7731.T,2021-06-29
S100ODD2_1.xbrl,2022-06-29,0.8,0.725,0.75,4,E02271,7731.T,2022-06-29
S100DDVH_1.xbrl,2018-06-26,0.5,0.21666666666666667,0.1,6,E02272,7733.T,2018-06-26
S100G6TS_1.xbrl,2019-06-25,-0.2,-0.24,-0.3,5,E02272,7733.T,2019-06-25
S100LL9I_1.xbrl,2021-06-21,-0.2,-0.18333333333333332,-0.25,6,E02272,7733.T,2021-06-21
S100OBAY_1.xbrl,2022-06-21,0.5,0.3764705882352941,0.4,17,E02272,7733.T,2022-06-21
S100D4PC_1.xbrl,2018-06-08,0.5,0.325,0.5,4,E01124,7741.T,2018-06-08
S100FX3P_1.xbrl,2019-06-07,0.8,0.72,0.8,5,E01124,7741.T,2019-06-07
S100IU01_1.xbrl,2020-06-23,0.1,0.07500000000000001,0.05,4,E01124,7741.T,2020-06-23
S100LGMY_1.xbrl,2021-06-04,0.1,0.1,0.1,4,E01124,7741.T,2021-06-04
S100O6IV_1.xbrl,2022-06-03,0.8,0.7,0.75,4,E01124,7741.T,2022-06-03
S100DG89_1.xbrl,2018-06-27,0.5,0.43529411764705883,0.4,17,E04430,9432.T,2018-06-27
S100GA5Q_1.xbrl,2019-06-26,0.5,0.14615384615384616,0.1,13,E04430,9432.T,2019-06-26
S100IY94_1.xbrl,2020-06-24,0.14,0.12666666666666668,0.1,15,E04430,9432.T,2020-06-24
S100LRAE_1.xbrl,2021-06-25,0.3,0.34615384615384615,0.3,13,E04430,9432.T,2021-06-25
S100OHL0_1.xbrl,2022-06-27,0.3,0.14,0.1,10,E04430,9432.T,2022-06-27
S100D92Y_1.xbrl,2018-06-21,0.5,0.4857142857142857,0.5,7,E04425,9433.T,2018-06-21
S100G1VD_1.xbrl,2019-06-20,0.5,0.25,0.5,8,E04425,9433.T,2019-06-20
S100ITAR_1.xbrl,2020-06-18,0.5,0.38571428571428573,0.4,7,E04425,9433.T,2020-06-18
S100OC94_1.xbrl,2022-06-23,0.5,0.35714285714285715,0.5,7,E04425,9433.T,2022-06-23
S100G6EK_1.xbrl,2019-06-25,0.5,0.38333333333333336,0.4,12,E04426,9434.T,2019-06-25
S100IWZG_1.xbrl,2020-06-25,0.5,0.27647058823529413,0.3,17,E04426,9434.T,2020-06-25
S100LMHZ_1.xbrl,2021-06-23,0.5,0.36666666666666664,0.5,15,E04426,9434.T,2021-06-23
S100OEL7_1.xbrl,2022-06-24,0.4,0.18823529411764706,0.1,17,E04426,9434.T,2022-06-24
S100D87G_1.xbrl,2018-06-21,0.1,0.09230769230769231,0.1,26,E02778,9984.T,2018-06-21
S100G1JI_1.xbrl,2019-06-19,0.5,0.25,0.5,28,E02778,9984.T,2019-06-19
S100IYQ1_1.xbrl,2020-06-25,-0.5,-0.6153846153846154,-1.0,26,E02778,9984.T,2020-06-25
S100D891_1.xbrl,2018-06-20,0.1,0.02,0.0,15,E32022,7186.T,2018-06-20
S100G177_1.xbrl,2019-06-20,-0.5,-0.2857142857142857,-0.5,7,E32022,7186.T,2019-06-20
S100ISRB_1.xbrl,2020-06-22,-0.2,-0.12222222222222222,-0.1,9,E32022,7186.T,2020-06-22
S100LMJ0_1.xbrl,2021-06-23,-0.2,-0.1125,0.0,8,E32022,7186.T,2021-06-23
S100OBWX_1.xbrl,2022-06-22,0.5,0.24444444444444444,0.1,9,E32022,7186.T,2022-06-22
S100DGLL_1.xbrl,2018-06-28,0.1,0.058333333333333334,0.05,12,E03531,8304.T,2018-06-28
S100G83Q_1.xbrl,2019-06-26,-0.1,-0.04,0.0,15,E03531,8304.T,2019-06-26
S100LPOX_1.xbrl,2021-06-25,0.1,0.03333333333333333,0.0,15,E03531,8304.T,2021-06-25
S100OD3U_1.xbrl,2022-06-23,0.5,0.36470588235294116,0.3,17,E03531,8304.T,2022-06-23
S100GAAD_1.xbrl,2019-06-27,-0.2,-0.15,-0.15000000000000002,14,E03606,8306.T,2019-06-27
S100LT95_1.xbrl,2021-06-29,0.1,0.020833333333333336,0.0,24,E03606,8306.T,2021-06-29
S100OG6F_1.xbrl,2022-06-27,0.3,0.13125,0.1,16,E03606,8306.T,2022-06-27
S100CZ02_1.xbrl,2018-06-26,0.1,0.03333333333333333,0.0,12,E03610,8308.T,2018-06-26
S100G1MK_1.xbrl,2019-06-25,0.0,-0.03571428571428571,0.0,14,E03610,8308.T,2019-06-25
S100IV1N_1.xbrl,2020-06-23,-0.08,-0.12000000000000001,0.0,15,E03610,8308.T,2020-06-23
S100LOV9_1.xbrl,2021-06-25,0.0,0.0,0.0,15,E03610,8308.T,2021-06-25
S100OEJM_1.xbrl,2022-06-28,0.0,0.0,0.0,15,E03610,8308.T,2022-06-28
S100DANN_1.xbrl,2018-06-29,0.2,0.10833333333333334,0.0,12,E03611,8309.T,2018-06-29
S100ITHH_1.xbrl,2020-06-29,0.0,0.0,0.0,15,E03611,8309.T,2020-06-29
S100LMPB_1.xbrl,2021-06-24,0.0,-0.058823529411764705,0.0,17,E03611,8309.T,2021-06-24
S100O9U5_1.xbrl,2022-06-24,0.3,0.1631578947368421,0.1,19,E03611,8309.T,2022-06-24
S100DHOM_1.xbrl,2018-06-28,0.5,0.3666666666666667,0.3,12,E03614,8316.T,2018-06-28
S100GB0P_1.xbrl,2019-06-27,-0.1,-0.02142857142857143,0.0,14,E03614,8316.T,2019-06-27
S100J1VI_1.xbrl,2020-06-26,-0.2,-0.04,0.0,15,E03614,8316.T,2020-06-26
S100LU5N_1.xbrl,2021-06-29,-0.1,-0.04,0.0,15,E03614,8316.T,2021-06-29
S100OCJ8_1.xbrl,2022-06-22,0.14,0.1285714285714286,0.0,14,E03614,8316.T,2022-06-22
S100DEJJ_1.xbrl,2018-06-28,0.5,0.45,0.45,10,E03556,8331.T,2018-06-28
S100G8AJ_1.xbrl,2019-06-27,0.1,0.1,0.0,10,E03556,8331.T,2019-06-27
S100LRSD_1.xbrl,2021-06-28,0.5,0.36,0.3,10,E03556,8331.T,2021-06-28
S100OJJY_1.xbrl,2022-06-29,0.5,0.40714285714285714,0.3,14,E03556,8331.T,2022-06-29
S100DGVR_1.xbrl,2018-06-28,0.5,0.1875,0.0,8,E03624,8354.T,2018-06-28
S100GARS_1.xbrl,2019-06-27,0.2,0.07500000000000001,0.1,8,E03624,8354.T,2019-06-27
S100J189_1.xbrl,2020-06-26,0.1,0.02,0.0,10,E03624,8354.T,2020-06-26
S100OKIR_1.xbrl,2022-06-29,0.5,0.2625,0.25,8,E03624,8354.T,2022-06-29
S100G5KA_1.xbrl,2019-06-24,-0.5,-0.2692307692307692,-0.5,13,E03615,8411.T,2019-06-24
S100J1VW_1.xbrl,2020-06-26,0.2,0.07333333333333333,0.0,15,E03615,8411.T,2020-06-26
S100OCNV_1.xbrl,2022-06-22,0.2,0.09,0.05,10,E03615,8411.T,2022-06-22
S100D89Z_1.xbrl,2018-06-20,0.3,0.3,0.3,12,E03041,8253.T,2018-06-20
S100G283_1.xbrl,2019-06-20,0.1,0.07692307692307693,0.0,13,E03041,8253.T,2019-06-20
S100ITIG_1.xbrl,2020-06-18,0.1,0.15,0.0,10,E03041,8253.T,2020-06-18
S100LN7Q_1.xbrl,2021-06-23,0.1,0.1,0.1,8,E03041,8253.T,2021-06-23
S100OCL9_1.xbrl,2022-06-22,0.2,0.1,0.1,10,E03041,8253.T,2022-06-22
S100D5CX_1.xbrl,2018-06-13,0.8,0.8333333333333334,1.0,3,E03814,8697.T,2018-06-13
S100FYCY_1.xbrl,2019-06-12,-0.1,-0.07500000000000001,-0.05,4,E03814,8697.T,2019-06-12
S100ISA8_1.xbrl,2020-06-16,0.1,0.075,0.1,4,E03814,8697.T,2020-06-16
S100LHH8_1.xbrl,2021-06-09,0.5,0.4,0.4,4,E03814,8697.T,2021-06-09
S100O7N7_1.xbrl,2022-06-09,0.0,0.0,0.0,3,E03814,8697.T,2022-06-09
S100DEE2_1.xbrl,2018-06-28,0.5,0.2222222222222222,0.0,9,E03753,8601.T,2018-06-28
S100G8MJ_1.xbrl,2019-06-27,-0.2,-0.19166666666666665,-0.15000000000000002,12,E03753,8601.T,2019-06-27
S100IYG9_1.xbrl,2020-06-26,0.1,0.0,0.0,24,E03753,8601.T,2020-06-26
S100LLQZ_1.xbrl,2021-06-24,0.2,0.04,0.0,30,E03753,8601.T,2021-06-24
S100OL76_1.xbrl,2022-06-29,0.1,0.028571428571428574,0.0,14,E03753,8601.T,2022-06-29
S100DG55_1.xbrl,2018-06-28,0.1,0.060000000000000005,0.1,10,E23924,8630.T,2018-06-28
S100GBWQ_1.xbrl,2019-06-27,0.1,-0.01,0.0,10,E23924,8630.T,2019-06-27
S100J284_1.xbrl,2020-06-26,0.1,0.03076923076923077,0.0,13,E23924,8630.T,2020-06-26
S100LQU4_1.xbrl,2021-06-25,0.3,0.14285714285714285,0.1,7,E23924,8630.T,2021-06-25
S100OB0Z_1.xbrl,2022-06-24,0.3,0.14166666666666666,0.1,36,E23924,8630.T,2022-06-24
S100DASK_1.xbrl,2018-06-25,-0.1,-0.043750000000000004,-0.1,16,E03854,8725.T,2018-06-25
S100G4B9_1.xbrl,2019-06-24,0.2,0.15384615384615385,0.1,13,E03854,8725.T,2019-06-24
S100IYJP_1.xbrl,2020-06-25,-0.2,-0.00588235294117647,0.0,17,E03854,8725.T,2020-06-25
S100LLG2_1.xbrl,2021-06-28,0.1,0.023529411764705882,0.0,17,E03854,8725.T,2021-06-28
S100OD53_1.xbrl,2022-06-27,0.5,0.5,0.5,10,E03854,8725.T,2022-06-27
S100DADB_1.xbrl,2018-06-22,0.1,0.03636363636363637,0.0,11,E03847,8766.T,2018-06-22
S100G3HB_1.xbrl,2019-06-21,0.1,0.1,0.1,10,E03847,8766.T,2019-06-21
S100IW0B_1.xbrl,2020-06-26,-0.1,-0.06666666666666667,0.0,12,E03847,8766.T,2020-06-26
S100LPXJ_1.xbrl,2021-06-25,-0.1,-0.016666666666666666,0.0,12,E03847,8766.T,2021-06-25
S100OEK9_1.xbrl,2022-06-24,0.5,0.3125,0.2,8,E03847,8766.T,2022-06-24
S100DEQI_1.xbrl,2018-06-27,0.1,0.0,0.0,13,E03851,8795.T,2018-06-27
S100G858_1.xbrl,2019-06-26,0.1,0.32142857142857145,0.5,14,E03851,8795.T,2019-06-26
S100J0MC_1.xbrl,2020-06-25,0.0,0.03125,0.0,16,E03851,8795.T,2020-06-25
S100LJI6_1.xbrl,2021-06-17,0.2,0.155,0.1,20,E03851,8795.T,2021-06-17
S100O9AN_1.xbrl,2022-06-16,0.1,0.14285714285714285,0.5,14,E03851,8795.T,2022-06-16
S100DG2B_1.xbrl,2018-06-27,0.3,0.275,0.25,4,E00014,1332.T,2018-06-27
S100G50V_1.xbrl,2019-06-26,0.1,0.07500000000000001,0.05,4,E00014,1332.T,2019-06-26
S100IXP6_1.xbrl,2020-06-25,0.1,0.060000000000000005,0.1,5,E00014,1332.T,2020-06-25
S100LORU_1.xbrl,2021-06-25,-0.1,-0.1,0.0,6,E00014,1332.T,2021-06-25
S100OH0Q_1.xbrl,2022-06-28,0.3,0.25,0.25,4,E00014,1332.T,2022-06-28
S100DBMQ_1.xbrl,2018-06-27,0.5,0.44,0.5,5,E00346,2002.T,2018-06-27
S100G6HI_1.xbrl,2019-06-26,0.2,0.08,0.1,5,E00346,2002.T,2019-06-26
S100JLYX_1.xbrl,2020-08-28,0.1,0.04285714285714286,0.0,7,E00346,2002.T,2020-08-28
S100LQFN_1.xbrl,2021-06-25,-0.1,-0.027586206896551727,-0.1,29,E00346,2002.T,2021-06-25
S100OEC1_1.xbrl,2022-06-28,0.1,0.21428571428571427,0.0,7,E00346,2002.T,2022-06-28
S100DGCD_1.xbrl,2018-06-28,0.5,0.34,0.3,5,E21902,2269.T,2018-06-28
S100G7UL_1.xbrl,2019-06-27,0.5,0.375,0.4,4,E21902,2269.T,2019-06-27
S100J1GL_1.xbrl,2020-06-26,0.5,0.4166666666666667,0.5,6,E21902,2269.T,2020-06-26
S100LSB3_1.xbrl,2021-06-29,0.1,0.04285714285714286,0.0,7,E21902,2269.T,2021-06-29
S100OJZO_1.xbrl,2022-06-29,0.14,0.1,0.1,7,E21902,2269.T,2022-06-29
S100DBIF_1.xbrl,2018-06-27,0.1,0.08333333333333334,0.1,6,E00334,2282.T,2018-06-27
S100G3TD_1.xbrl,2019-06-26,-0.2,-0.2,0.0,5,E00334,2282.T,2019-06-26
S100IWI3_1.xbrl,2020-06-26,0.1,0.060000000000000005,0.1,5,E00334,2282.T,2020-06-26
S100LME5_1.xbrl,2021-06-25,0.2,0.14285714285714285,0.2,7,E00334,2282.T,2021-06-25
S100OCRO_1.xbrl,2022-06-27,0.2,0.14285714285714285,0.1,7,E00334,2282.T,2022-06-27
S100CN7N_1.xbrl,2018-03-30,0.0,0.0,0.0,0,E00393,2501.T,2018-03-30
S100FHO4_1.xbrl,2019-03-29,-0.1,-0.02,0.0,10,E00393,2501.T,2019-03-29
S100L3AS_1.xbrl,2021-03-31,-0.2,-0.2,-0.5,5,E00393,2501.T,2021-03-31
S100NSHB_1.xbrl,2022-03-31,0.5,0.45714285714285713,0.4,7,E00393,2501.T,2022-03-31
S100QILX_1.xbrl,2023-03-31,0.1,0.06666666666666667,0.05,6,E00393,2501.T,2023-03-31
S100CNPB_1.xbrl,2018-03-28,0.0,0.0,0.0,0,E00394,2502.T,2018-03-28
S100FFWB_1.xbrl,2019-03-27,0.5,0.26666666666666666,0.5,15,E00394,2502.T,2019-03-27
S100IAHR_1.xbrl,2020-03-26,-0.14,-0.07500000000000001,-0.1,8,E00394,2502.T,2020-03-26
S100L1BN_1.xbrl,2021-03-26,-0.2,-0.18571428571428572,-0.3,7,E00394,2502.T,2021-03-26
S100NQO3_1.xbrl,2022-03-28,0.5,0.3333333333333333,0.5,6,E00394,2502.T,2022-03-28
S100QG09_1.xbrl,2023-03-29,0.5,0.5,0.5,7,E00394,2502.T,2023-03-29
S100COD8_1.xbrl,2018-03-29,0.0,0.0,0.0,0,E00395,2503.T,2018-03-29
S100FICL_1.xbrl,2019-03-28,0.2,0.2,0.2,5,E00395,2503.T,2019-03-28
S100IA6Z_1.xbrl,2020-03-27,0.14,0.07142857142857144,0.1,7,E00395,2503.T,2020-03-27
S100L1A8_1.xbrl,2021-03-30,0.14,0.12857142857142856,0.1,7,E00395,2503.T,2021-03-30
S100NR8P_1.xbrl,2022-03-30,0.2,0.1,0.15000000000000002,6,E00395,2503.T,2022-03-30
S100QFXL_1.xbrl,2023-03-30,0.5,0.5166666666666667,0.5,6,E00395,2503.T,2023-03-30
S100DDQ4_1.xbrl,2018-06-26,0.5,0.5,0.5,7,E00435,2801.T,2018-06-26
S100G4VK_1.xbrl,2019-06-25,0.5,0.5,0.5,6,E00435,2801.T,2019-06-25
S100IVO8_1.xbrl,2020-06-23,0.5,0.5,0.5,7,E00435,2801.T,2020-06-23
S100LM4K_1.xbrl,2021-06-22,0.2,0.1375,0.1,8,E00435,2801.T,2021-06-22
S100OB0O_1.xbrl,2022-06-21,0.5,0.5,0.5,7,E00435,2801.T,2022-06-21
S100DDYF_1.xbrl,2018-06-26,0.2,0.15000000000000002,0.15000000000000002,4,E00436,2802.T,2018-06-26
S100G6V9_1.xbrl,2019-06-25,-0.2,-0.13999999999999999,-0.2,5,E00436,2802.T,2019-06-25
S100IY1B_1.xbrl,2020-06-24,-0.14,-0.07142857142857144,-0.1,7,E00436,2802.T,2020-06-24
S100LN4K_1.xbrl,2021-06-23,0.5,0.3666666666666667,0.35,6,E00436,2802.T,2021-06-23
S100ODMQ_1.xbrl,2022-06-23,0.5,0.45,0.45,6,E00436,2802.T,2022-06-23
S100D6C3_1.xbrl,2018-06-26,0.5,0.575,0.6,4,E00446,2871.T,2018-06-26
S100G41Y_1.xbrl,2019-06-25,0.2,0.08695652173913043,0.1,23,E00446,2871.T,2019-06-25
S100IW43_1.xbrl,2020-06-24,0.2,0.16666666666666666,0.15000000000000002,6,E00446,2871.T,2020-06-24
S100LLJM_1.xbrl,2021-06-22,0.2,0.15714285714285714,0.2,7,E00446,2871.T,2021-06-22
S100OE3W_1.xbrl,2022-06-24,0.2,0.15,0.15000000000000002,6,E00446,2871.T,2022-06-24
S100CNNP_1.xbrl,2018-03-27,0.0,0.0,0.0,0,E00492,2914.T,2018-03-27
S100I91E_1.xbrl,2020-03-19,-0.1,-0.07142857142857142,0.0,7,E00492,2914.T,2020-03-19
S100L0QQ_1.xbrl,2021-03-24,-0.14,-0.12857142857142856,0.0,7,E00492,2914.T,2021-03-24
S100NPS5_1.xbrl,2022-03-23,0.5,0.32857142857142857,0.3,7,E00492,2914.T,2022-03-23
S100QG4E_1.xbrl,2023-03-24,0.5,0.3333333333333333,0.5,6,E00492,2914.T,2023-03-24
S100D1K5_1.xbrl,2018-05-28,0.0,0.0,0.0,0,E03516,3086.T,2018-05-28
S100FUW2_1.xbrl,2019-05-27,-0.2,-0.2833333333333333,-0.35,6,E03516,3086.T,2019-05-27
S100IP1O_1.xbrl,2020-05-29,0.1,0.08333333333333334,0.05,6,E03516,3086.T,2020-05-29
S100LFF7_1.xbrl,2021-05-28,-0.4,-0.32,-0.5,5,E03516,3086.T,2021-05-28
S100O4WX_1.xbrl,2022-05-27,0.5,0.42857142857142855,0.5,7,E03516,3086.T,2022-05-27
S100DCXU_1.xbrl,2018-06-27,0.2,0.1,0.0,5,E05725,3092.T,2018-06-27
S100GA1J_1.xbrl,2019-06-26,-0.14,-0.07142857142857142,0.0,14,E05725,3092.T,2019-06-26
S100IRUR_1.xbrl,2020-06-12,0.14,0.075,0.05,8,E05725,3092.T,2020-06-12
S100LII9_1.xbrl,2021-06-14,0.5,0.44,0.45,10,E05725,3092.T,2021-06-14
S100O8T2_1.xbrl,2022-06-14,0.5,0.375,0.4,8,E05725,3092.T,2022-06-14
S100D5CH_1.xbrl,2018-06-18,0.1,0.04,0.0,5,E03521,3099.T,2018-06-18
S100IQVA_1.xbrl,2020-06-15,-0.4,-0.38,-0.4,5,E03521,3099.T,2020-06-15
S100LQRQ_1.xbrl,2021-06-25,-0.5,-0.45,-0.6,4,E03521,3099.T,2021-06-25
S100OH0V_1.xbrl,2022-06-27,0.3,0.3,0.3,6,E03521,3099.T,2022-06-27
S100D10D_1.xbrl,2018-05-25,0.0,0.0,0.0,0,E03462,3382.T,2018-05-25
S100FUF9_1.xbrl,2019-05-24,0.5,0.3333333333333333,0.3,9,E03462,3382.T,2019-05-24
S100IOC8_1.xbrl,2020-05-28,0.2,0.060000000000000005,0.1,10,E03462,3382.T,2020-05-28
S100LFJN_1.xbrl,2021-05-28,-0.2,-0.35,-0.5,10,E03462,3382.T,2021-05-28
S100O4RC_1.xbrl,2022-05-27,0.3,0.25,0.25,10,E03462,3382.T,2022-05-27
S100D0Q3_1.xbrl,2018-05-24,0.0,0.0,0.0,0,E03248,7453.T,2018-05-24
S100FTRN_1.xbrl,2019-05-23,0.5,0.5,0.5,3,E03248,7453.T,2019-05-23
S100INXY_1.xbrl,2020-05-28,-0.2,-0.13333333333333333,-0.2,3,E03248,7453.T,2020-05-28
S100KA0X_1.xbrl,2020-11-30,-0.5,-0.575,-0.55,4,E03248,7453.T,2020-11-30
S100MYFI_1.xbrl,2021-11-29,0.5,0.5,0.5,3,E03248,7453.T,2021-11-29
S100POA3_1.xbrl,2022-11-24,-0.2,-0.13333333333333333,-0.2,3,E03248,7453.T,2022-11-24
S100D035_1.xbrl,2018-05-24,0.0,0.0,0.0,0,E03013,8233.T,2018-05-24
S100FU34_1.xbrl,2019-05-23,-0.2,-0.044444444444444446,-0.1,9,E03013,8233.T,2019-05-23
S100IMVM_1.xbrl,2020-05-21,-0.2,-0.08571428571428572,-0.1,7,E03013,8233.T,2020-05-21
S100LEJ4_1.xbrl,2021-05-27,-0.5,-0.6428571428571429,-0.5,7,E03013,8233.T,2021-05-27
S100O42J_1.xbrl,2022-05-26,0.4,0.3,0.3,5,E03013,8233.T,2022-05-26
S100DBO6_1.xbrl,2018-06-25,0.5,0.5,0.4,3,E03040,8252.T,2018-06-25
S100G1XH_1.xbrl,2019-06-20,0.8,0.8,0.8,3,E03040,8252.T,2019-06-20
S100JDKZ_1.xbrl,2020-08-06,0.3,0.2,0.2,4,E03040,8252.T,2020-08-06
S100LQTO_1.xbrl,2021-06-25,-0.5,-0.26666666666666666,-0.2,3,E03040,8252.T,2021-06-25
S100OGQ4_1.xbrl,2022-06-29,0.5,0.5,0.6,3,E03040,8252.T,2022-06-29
S100D0P3_1.xbrl,2018-05-24,0.0,0.0,0.0,0,E03061,8267.T,2018-05-24
S100FUCN_1.xbrl,2019-05-30,0.5,0.5142857142857142,0.5,7,E03061,8267.T,2019-05-30
S100INDK_1.xbrl,2020-05-25,0.5,0.5,0.5,8,E03061,8267.T,2020-05-25
S100LDRR_1.xbrl,2021-05-27,0.2,0.2,0.2,8,E03061,8267.T,2021-05-27
S100O3HQ_1.xbrl,2022-05-26,0.5,0.75,1.0,12,E03061,8267.T,2022-05-26
S100CZ4Y_1.xbrl,2018-05-18,0.0,0.0,0.0,0,E03144,9843.T,2018-05-18
S100FSYO_1.xbrl,2019-05-17,0.8,0.72,0.7,5,E03144,9843.T,2019-05-17
S100ILF5_1.xbrl,2020-05-15,0.5,0.375,0.5,4,E03144,9843.T,2020-05-15
S100LBVH_1.xbrl,2021-05-14,0.8,0.6,0.6,5,E03144,9843.T,2021-05-14
S100O35Q_1.xbrl,2022-05-20,0.5,0.375,0.4,4,E03144,9843.T,2022-05-20
S100ENUV_1.xbrl,2018-11-30,0.5,0.5,0.5,6,E03217,9983.T,2018-11-30
S100HHAF_1.xbrl,2019-11-29,0.5,0.55,0.55,6,E03217,9983.T,2019-11-29
S100K9IP_1.xbrl,2020-11-27,-0.2,-0.16666666666666669,0.0,6,E03217,9983.T,2020-11-27
S100MXXW_1.xbrl,2021-11-26,0.5,0.4666666666666667,0.5,6,E03217,9983.T,2021-11-26
S100POPP_1.xbrl,2022-11-25,0.8,0.8,1.0,5,E03217,9983.T,2022-11-25
S100GC9L_1.xbrl,2019-06-28,0.8,0.8,0.8,4,E05425,2413.T,2019-06-28
S100OJCD_1.xbrl,2022-06-29,0.8,0.8,0.8,4,E05425,2413.T,2022-06-29
S100DBKS_1.xbrl,2018-06-25,0.1,0.05,0.05,4,E05460,2432.T,2018-06-25
S100G4YH_1.xbrl,2019-06-24,-0.2,-0.2,-0.15,4,E05460,2432.T,2019-06-24
S100IURT_1.xbrl,2020-06-22,-0.5,-0.375,-0.4,4,E05460,2432.T,2020-06-22
S100LLRU_1.xbrl,2021-06-22,0.5,0.375,0.5,4,E05460,2432.T,2021-06-22
S100OGEE_1.xbrl,2022-06-27,0.1,0.025,0.05,4,E05460,2432.T,2022-06-27
S100CO0M_1.xbrl,2018-03-28,0.0,0.0,0.0,0,E25850,3659.T,2018-03-28
S100FH4T_1.xbrl,2019-03-27,0.5,0.425,0.45,4,E25850,3659.T,2019-03-27
S100IAP9_1.xbrl,2020-03-26,0.1,0.07500000000000001,0.05,4,E25850,3659.T,2020-03-26
S100L1PF_1.xbrl,2021-03-26,0.1,0.07500000000000001,0.1,4,E25850,3659.T,2021-03-26
S100NQW4_1.xbrl,2022-03-28,0.1,0.07500000000000001,0.05,4,E25850,3659.T,2022-03-28
S100QFYL_1.xbrl,2023-03-27,0.2,0.08,0.15000000000000002,10,E25850,3659.T,2023-03-27
S100HHRP_1.xbrl,2019-11-28,0.8,0.76,0.8,5,E30969,3697.T,2019-11-28
S100K9M6_1.xbrl,2020-11-27,0.5,0.375,0.5,4,E30969,3697.T,2020-11-27
S100MYNI_1.xbrl,2021-11-29,0.8,0.75,0.75,4,E30969,3697.T,2021-11-29
S100PPVI_1.xbrl,2022-11-29,0.8,0.7,0.5,5,E30969,3697.T,2022-11-29
S100DFM3_1.xbrl,2018-06-27,0.5,0.3875,0.5,8,E05062,4307.T,2018-06-27
S100G6WX_1.xbrl,2019-06-25,0.5,0.3333333333333333,0.3,12,E05062,4307.T,2019-06-25
S100IWKT_1.xbrl,2020-06-23,0.5,0.3,0.5,10,E05062,4307.T,2020-06-23
S100LM5W_1.xbrl,2021-06-22,0.1,0.05,0.05,10,E05062,4307.T,2021-06-22
S100OBJK_1.xbrl,2022-06-21,0.5,0.5,0.5,9,E05062,4307.T,2022-06-21
S100CM3L_1.xbrl,2018-03-29,0.0,0.0,0.0,0,E04760,4324.T,2018-03-29
S100FGWQ_1.xbrl,2019-03-28,0.1,0.08,0.1,5,E04760,4324.T,2019-03-28
S100IBQS_1.xbrl,2020-03-27,-0.4,-0.32,-0.3,5,E04760,4324.T,2020-03-27
S100L0TZ_1.xbrl,2021-03-26,-0.5,-0.41428571428571426,-0.5,7,E04760,4324.T,2021-03-26
S100NRHV_1.xbrl,2022-03-30,0.8,0.7142857142857143,0.5,7,E04760,4324.T,2022-03-30
S100QHOJ_1.xbrl,2023-03-30,0.1,0.04285714285714286,0.1,7,E04760,4324.T,2023-03-30
S100E76A_1.xbrl,2018-09-28,0.0,0.0,0.0,3,E34064,4385.T,2018-09-28
S100H0U9_1.xbrl,2019-09-27,0.0,0.0,0.0,4,E34064,4385.T,2019-09-27
S100JQVH_1.xbrl,2020-09-25,0.0,0.0,0.0,4,E34064,4385.T,2020-09-25
S100MIGF_1.xbrl,2021-09-29,0.5,0.375,0.25,4,E34064,4385.T,2021-09-29
S100P8KO_1.xbrl,2022-09-28,0.0,0.0,0.0,3,E34064,4385.T,2022-09-28
S100D2P0_1.xbrl,2018-06-28,0.2,0.14285714285714285,0.1,7,E04707,4661.T,2018-06-28
S100GC1X_1.xbrl,2019-06-27,0.8,0.8,0.8,3,E04707,4661.T,2019-06-27
S100J03Z_1.xbrl,2020-06-26,-0.2,-0.18333333333333332,-0.3,6,E04707,4661.T,2020-06-26
S100LQYW_1.xbrl,2021-06-29,-0.6,-0.4,-0.5,5,E04707,4661.T,2021-06-29
S100OI12_1.xbrl,2022-06-29,0.5,0.5,0.5,4,E04707,4661.T,2022-06-29
S100D5RI_1.xbrl,2018-06-18,0.3,0.2857142857142857,0.3,7,E05000,4689.T,2018-06-18
S100FY28_1.xbrl,2019-06-17,-0.2,-0.1,-0.1,3,E05000,4689.T,2019-06-17
S100IT7Z_1.xbrl,2020-06-22,0.5,0.5,0.5,3,E05000,4689.T,2020-06-22
S100LJN6_1.xbrl,2021-06-17,0.5,0.5,0.5,3,E05000,4689.T,2021-06-17
S100O94C_1.xbrl,2022-06-16,0.5,0.5,0.5,3,E05000,4689.T,2022-06-16
S100CNF6_1.xbrl,2018-03-27,0.0,0.0,0.0,0,E04999,4704.T,2018-03-27
S100FGV3_1.xbrl,2019-03-26,0.2,0.08,0.2,5,E04999,4704.T,2019-03-26
S100IAY9_1.xbrl,2020-03-26,0.3,0.24,0.2,5,E04999,4704.T,2020-03-26
S100L13Q_1.xbrl,2021-03-25,0.2,0.2,0.2,3,E04999,4704.T,2021-03-25
S100NRUA_1.xbrl,2022-03-29,0.5,0.54,0.5,5,E04999,4704.T,2022-03-29
S100QH04_1.xbrl,2023-03-28,0.0,0.0,0.0,3,E04999,4704.T,2023-03-28
S100ESN9_1.xbrl,2018-12-19,0.2,0.2,0.2,3,E05072,4751.T,2018-12-19
S100HMPO_1.xbrl,2019-12-20,0.2,0.2,0.1,3,E05072,4751.T,2019-12-20
S100KD7H_1.xbrl,2020-12-15,0.5,0.5,0.5,3,E05072,4751.T,2020-12-15
S100N0OD_1.xbrl,2021-12-10,0.67,0.6666666666666667,0.8,3,E05072,4751.T,2021-12-10
S100PRZU_1.xbrl,2022-12-09,0.0,0.03333333333333333,0.1,3,E05072,4751.T,2022-12-09
S100CO0J_1.xbrl,2018-03-29,0.0,0.0,0.0,0,E05080,4755.T,2018-03-29
S100FHXZ_1.xbrl,2019-03-28,0.5,0.38571428571428573,0.4,7,E05080,4755.T,2019-03-28
S100IAD1_1.xbrl,2020-03-27,-0.2,-0.24285714285714285,-0.3,7,E05080,4755.T,2020-03-27
S100L1HG_1.xbrl,2021-03-30,0.0,0.0,0.0,7,E05080,4755.T,2021-03-30
S100NQTZ_1.xbrl,2022-03-30,0.1,0.0625,0.05,8,E05080,4755.T,2022-03-30
S100QDTK_1.xbrl,2023-03-30,0.0,0.0,0.0,7,E05080,4755.T,2023-03-30
S100D8AG_1.xbrl,2018-06-20,0.5,0.38461538461538464,0.5,13,E07801,6098.T,2018-06-20
S100G1O2_1.xbrl,2019-06-20,0.5,0.5777777777777778,0.6,9,E07801,6098.T,2019-06-20
S100J4CT_1.xbrl,2020-06-30,0.1,0.15,0.1,10,E07801,6098.T,2020-06-30
S100LK9F_1.xbrl,2021-06-18,-0.1,-0.0875,-0.05,8,E07801,6098.T,2021-06-18
S100O9QT_1.xbrl,2022-06-22,0.6,0.52,0.5,5,E07801,6098.T,2022-06-22
S100G2AH_1.xbrl,2019-06-20,0.1,-0.08333333333333333,0.0,12,E31748,6178.T,2019-06-20
S100IT2U_1.xbrl,2020-06-18,-0.1,-0.088,-0.1,25,E31748,6178.T,2020-06-18
S100OA6P_1.xbrl,2022-06-20,0.1,0.0125,0.0,32,E31748,6178.T,2022-06-20
S100D1X1_1.xbrl,2018-05-31,0.0,0.0,0.0,0,E32549,6532.T,2018-05-31
S100FUUL_1.xbrl,2019-05-30,0.5,0.43333333333333335,0.45,6,E32549,6532.T,2019-05-30
S100IOF2_1.xbrl,2020-05-28,0.8,0.8,0.8,5,E32549,6532.T,2020-05-28
S100LE04_1.xbrl,2021-05-31,0.8,0.76,0.8,5,E32549,6532.T,2021-05-31
S100NXKY_1.xbrl,2022-05-30,0.8,0.76,0.7,5,E32549,6532.T,2022-05-30
S100D6WC_1.xbrl,2018-06-29,0.8,0.8,0.8,3,E02367,7974.T,2018-06-29
S100G23Z_1.xbrl,2019-06-28,0.8,0.8,0.8,3,E02367,7974.T,2019-06-28
S100ITKB_1.xbrl,2020-06-29,0.8,0.8,0.8,3,E02367,7974.T,2020-06-29
S100LK4Y_1.xbrl,2021-06-30,0.8,0.7000000000000001,0.8,3,E02367,7974.T,2021-06-30
S100O9PP_1.xbrl,2022-06-30,0.1,0.03333333333333333,0.1,3,E02367,7974.T,2022-06-30
S100D12I_1.xbrl,2018-05-30,0.0,0.0,0.0,0,E04583,9602.T,2018-05-30
S100FSUL_1.xbrl,2019-05-23,0.0,-0.049999999999999996,0.0,6,E04583,9602.T,2019-05-23
S100INGE_1.xbrl,2020-05-28,0.5,0.42857142857142855,0.5,7,E04583,9602.T,2020-05-28
S100LE5F_1.xbrl,2021-05-27,-0.5,-0.5,-0.5,8,E04583,9602.T,2021-05-27
S100O3B2_1.xbrl,2022-05-26,0.5,0.34285714285714286,0.3,7,E04583,9602.T,2022-05-26
S100DCVL_1.xbrl,2018-06-26,0.5,0.3375,0.3,8,E04773,9735.T,2018-06-26
S100G8G0_1.xbrl,2019-06-26,0.2,0.1125,0.1,8,E04773,9735.T,2019-06-26
S100J09D_1.xbrl,2020-06-25,0.5,0.47777777777777775,0.5,9,E04773,9735.T,2020-06-25
S100LOKE_1.xbrl,2021-06-25,-0.2,-0.09999999999999999,0.0,9,E04773,9735.T,2021-06-25
S100OHK9_1.xbrl,2022-06-28,0.5,0.1875,0.5,8,E04773,9735.T,2022-06-28
S100DGVQ_1.xbrl,2018-06-28,0.5,0.34285714285714286,0.3,7,E01956,9766.T,2018-06-28
S100GAJP_1.xbrl,2019-06-27,0.4,0.27999999999999997,0.6,5,E01956,9766.T,2019-06-27
S100J1B4_1.xbrl,2020-06-29,-0.5,-0.35,-0.4,6,E01956,9766.T,2020-06-29
S100LSMH_1.xbrl,2021-06-29,0.17,0.0,0.0,10,E01956,9766.T,2021-06-29
S100OKD9_1.xbrl,2022-06-29,0.8,0.76,0.8,5,E01956,9766.T,2022-06-29
S100DCXV_1.xbrl,2018-06-27,0.1,0.060000000000000005,0.1,5,E00043,1605.T,2018-06-27
S100G7WA_1.xbrl,2019-06-26,0.4,0.36,0.4,5,E00043,1605.T,2019-06-26
S100IAGK_1.xbrl,2020-03-26,0.5,0.4166666666666667,0.45,6,E00043,1605.T,2020-03-26
S100L16P_1.xbrl,2021-03-26,-0.8,-1.0,-1.0,7,E00043,1605.T,2021-03-26
S100NQB5_1.xbrl,2022-03-28,0.8,0.7,0.7,5,E00043,1605.T,2022-03-28
S100QH2B_1.xbrl,2023-03-29,0.5,0.5,0.5,5,E00043,1605.T,2023-03-29
S100D81Z_1.xbrl,2018-06-20,0.5,0.4,0.5,5,E00872,3401.T,2018-06-20
S100G16A_1.xbrl,2019-06-20,0.1,-0.044444444444444446,0.0,9,E00872,3401.T,2019-06-20
S100ISOQ_1.xbrl,2020-06-19,-0.2,-0.3333333333333333,-0.5,6,E00872,3401.T,2020-06-19
S100LLCD_1.xbrl,2021-06-23,-0.2,-0.16666666666666666,-0.25,6,E00872,3401.T,2021-06-23
S100O9JF_1.xbrl,2022-06-22,0.0,0.02,0.0,10,E00872,3401.T,2022-06-22
S100D9YD_1.xbrl,2018-06-26,0.3,0.3,0.25,4,E00873,3402.T,2018-06-26
S100G3JQ_1.xbrl,2019-06-25,-0.25,-0.16666666666666666,0.0,6,E00873,3402.T,2019-06-25
S100ITYL_1.xbrl,2020-06-23,-0.1,-0.16666666666666666,-0.5,3,E00873,3402.T,2020-06-23
S100LLB7_1.xbrl,2021-06-22,-0.2,-0.039999999999999994,0.0,5,E00873,3402.T,2021-06-22
S100OCUC_1.xbrl,2022-06-23,0.5,0.5,0.5,4,E00873,3402.T,2022-06-23
S100DG4V_1.xbrl,2018-06-28,0.2,0.2,0.2,4,E00642,3861.T,2018-06-28
S100GBRV_1.xbrl,2019-06-27,0.4,0.38,0.4,5,E00642,3861.T,2019-06-27
S100J2IZ_1.xbrl,2020-06-26,0.1,0.08,0.1,5,E00642,3861.T,2020-06-26
S100LTXX_1.xbrl,2021-06-29,-0.5,-0.5,-0.5,4,E00642,3861.T,2021-06-29
S100OK9E_1.xbrl,2022-06-29,0.5,0.45,0.45,6,E00642,3861.T,2022-06-29
S100CLWF_1.xbrl,2018-03-23,0.0,0.0,0.0,0,E00876,3405.T,2018-03-23
S100FH9I_1.xbrl,2019-03-27,-0.2,-0.16666666666666666,0.0,3,E00876,3405.T,2019-03-27
S100I9VE_1.xbrl,2020-03-26,-0.5,-0.5,-0.5,3,E00876,3405.T,2020-03-26
S100L0GG_1.xbrl,2021-03-25,-0.2,-0.225,-0.2,4,E00876,3405.T,2021-03-25
S100NPXO_1.xbrl,2022-03-24,0.5,0.5,0.5,3,E00876,3405.T,2022-03-24
S100QH26_1.xbrl,2023-03-29,0.2,0.07500000000000001,0.05,4,E00876,3405.T,2023-03-29
S100D9Z7_1.xbrl,2018-06-27,0.8,0.75,0.75,4,E00877,3407.T,2018-06-27
S100G64E_1.xbrl,2019-06-25,0.3,0.3,0.25,4,E00877,3407.T,2019-06-25
S100ISZU_1.xbrl,2020-06-24,-0.14,-0.0625,-0.1,8,E00877,3407.T,2020-06-24
S100LNZQ_1.xbrl,2021-06-25,0.0,-0.08333333333333333,0.0,6,E00877,3407.T,2021-06-25
S100OCR3_1.xbrl,2022-06-24,0.2,0.15,0.05,6,E00877,3407.T,2022-06-24
S100COR7_1.xbrl,2018-03-29,0.0,0.0,0.0,0,E00751,4004.T,2018-03-29
S100FGIO_1.xbrl,2019-03-28,0.5,0.375,0.5,4,E00751,4004.T,2019-03-28
S100IB06_1.xbrl,2020-03-26,-0.5,-0.5,-0.5,4,E00751,4004.T,2020-03-26
S100L2YX_1.xbrl,2021-03-30,-0.5,-0.37142857142857144,-0.3,7,E00751,4004.T,2021-03-30
S100NSKJ_1.xbrl,2022-03-30,0.5,0.4166666666666667,0.5,6,E00751,4004.T,2022-03-30
S100QICN_1.xbrl,2023-03-30,-0.2,-0.1,-0.1,4,E00751,4004.T,2023-03-30
S100D6GI_1.xbrl,2018-06-21,0.8,0.62,0.6,5,E00752,4005.T,2018-06-21
S100FZUT_1.xbrl,2019-06-21,-0.1,-0.060000000000000005,0.0,5,E00752,4005.T,2019-06-21
S100IUZ8_1.xbrl,2020-06-24,-0.4,-0.27999999999999997,-0.3,5,E00752,4005.T,2020-06-24
S100LJNG_1.xbrl,2021-06-23,0.2,0.18,0.2,5,E00752,4005.T,2021-06-23
S100O9HK_1.xbrl,2022-06-23,0.6,0.46,0.5,5,E00752,4005.T,2022-06-23
S100DDH3_1.xbrl,2018-06-27,0.5,0.4,0.4,2,E00759,4021.T,2018-06-27
S100G7SV_1.xbrl,2019-06-26,0.5,0.5,0.5,2,E00759,4021.T,2019-06-26
S100IZOJ_1.xbrl,2020-06-25,0.5,0.3333333333333333,0.5,3,E00759,4021.T,2020-06-25
S100LR7B_1.xbrl,2021-06-25,0.5,0.3333333333333333,0.5,3,E00759,4021.T,2021-06-25
S100OIHF_1.xbrl,2022-06-28,0.5,0.5,0.5,3,E00759,4021.T,2022-06-28
S100DE8H_1.xbrl,2018-06-27,0.5,0.3333333333333333,0.5,3,E00767,4042.T,2018-06-27
S100G5JB_1.xbrl,2019-06-26,0.2,0.16666666666666669,0.15000000000000002,6,E00767,4042.T,2019-06-26
S100IZKR_1.xbrl,2020-06-26,-0.25,-0.5,-0.5,4,E00767,4042.T,2020-06-26
S100LONS_1.xbrl,2021-06-25,0.1,0.07500000000000001,0.1,4,E00767,4042.T,2021-06-25
S100ODLJ_1.xbrl,2022-06-24,0.6,0.6,0.6,5,E00767,4042.T,2022-06-24
S100DBD3_1.xbrl,2018-06-25,0.25,0.25,0.25,4,E00768,4043.T,2018-06-25
S100G4QL_1.xbrl,2019-06-24,0.1,0.07500000000000001,0.05,4,E00768,4043.T,2019-06-24
S100IZ24_1.xbrl,2020-06-25,-0.2,-0.1,0.0,5,E00768,4043.T,2020-06-25
S100LIP1_1.xbrl,2021-06-28,0.1,0.025,0.0,12,E00768,4043.T,2021-06-28
S100OFBO_1.xbrl,2022-06-27,0.1,0.02777777777777778,0.1,18,E00768,4043.T,2022-06-27
S100D91I_1.xbrl,2018-06-21,0.5,0.375,0.45,4,E00774,4061.T,2018-06-21
S100G2LK_1.xbrl,2019-06-20,0.5,0.5,0.5,4,E00774,4061.T,2019-06-20
S100ITP8_1.xbrl,2020-06-19,-0.1,-0.15,-0.15,4,E00774,4061.T,2020-06-19
S100LM7D_1.xbrl,2021-06-22,0.2,0.18,0.2,5,E00774,4061.T,2021-06-22
S100OC2H_1.xbrl,2022-06-22,0.4,0.32,0.3,5,E00774,4061.T,2022-06-22
S100DIKT_1.xbrl,2018-06-29,0.9,0.6666666666666666,1.0,3,E00776,4063.T,2018-06-29
S100GCYI_1.xbrl,2019-06-28,0.8,0.8,0.8,3,E00776,4063.T,2019-06-28
S100J3BG_1.xbrl,2020-06-29,0.1,0.1,0.1,3,E00776,4063.T,2020-06-29
S100LV8Y_1.xbrl,2021-06-30,0.0,0.0,0.0,3,E00776,4063.T,2021-06-30
S100OLVL_1.xbrl,2022-06-30,0.8,0.8,0.8,3,E00776,4063.T,2022-06-30
S100DEDU_1.xbrl,2018-06-26,0.5,0.22857142857142856,0.3,7,E00840,4183.T,2018-06-26
S100G7PL_1.xbrl,2019-06-25,0.2,0.14285714285714285,0.1,7,E00840,4183.T,2019-06-25
S100IYE7_1.xbrl,2020-06-24,-0.5,-0.3,-0.3,7,E00840,4183.T,2020-06-24
S100LR8N_1.xbrl,2021-06-25,0.2,0.2125,0.2,8,E00840,4183.T,2021-06-25
S100OFZ7_1.xbrl,2022-06-24,0.5,0.5,0.5,6,E00840,4183.T,2022-06-24
S100DE8M_1.xbrl,2018-06-26,0.5,0.5,0.45,4,E00808,4188.T,2018-06-26
S100G7GT_1.xbrl,2019-06-25,-0.2,-0.15,-0.15000000000000002,4,E00808,4188.T,2019-06-25
S100IXXV_1.xbrl,2020-06-24,-0.5,-1.0,-1.0,8,E00808,4188.T,2020-06-24
S100LP98_1.xbrl,2021-06-24,-0.14,-0.15,-0.15,8,E00808,4188.T,2021-06-24
S100OG52_1.xbrl,2022-06-24,0.5,0.2625,0.3,8,E00808,4188.T,2022-06-24
S100DFUQ_1.xbrl,2018-06-28,0.5,0.46,0.5,5,E01002,4208.T,2018-06-28
S100GBZW_1.xbrl,2019-06-27,0.2,0.14,0.1,5,E01002,4208.T,2019-06-27
S100IZEC_1.xbrl,2020-06-26,-0.5,-0.5,-0.5,7,E01002,4208.T,2020-06-26
S100LSYZ_1.xbrl,2021-06-29,-0.14,-0.07142857142857142,0.0,7,E01002,4208.T,2021-06-29
S100OIQR_1.xbrl,2022-06-29,0.5,0.5,0.5,7,E01002,4208.T,2022-06-29
S100CMG0_1.xbrl,2018-03-23,0.0,0.0,0.0,0,E00883,4452.T,2018-03-23
S100FGB1_1.xbrl,2019-03-26,0.3,0.16666666666666666,0.15000000000000002,6,E00883,4452.T,2019-03-26
S100IABD_1.xbrl,2020-03-25,0.2,0.11666666666666667,0.1,6,E00883,4452.T,2020-03-25
S100L0HB_1.xbrl,2021-03-26,-0.2,-0.2,-0.5,5,E00883,4452.T,2021-03-26
S100NQCA_1.xbrl,2022-03-25,-0.1,-0.09999999999999999,-0.05,6,E00883,4452.T,2022-03-25
S100QFPL_1.xbrl,2023-03-24,-0.2,-0.2,-0.2,5,E00883,4452.T,2023-03-24
S100DIHQ_1.xbrl,2018-06-29,0.5,0.16666666666666666,0.5,6,E00988,4901.T,2018-06-29
S100GCCA_1.xbrl,2019-06-28,0.4,0.28,0.3,5,E00988,4901.T,2019-06-28
S100J2EA_1.xbrl,2020-06-29,-0.25,-0.0625,0.0,8,E00988,4901.T,2020-06-29
S100LV2D_1.xbrl,2021-06-30,0.14,0.1,0.1,8,E00988,4901.T,2021-06-30
S100OLEH_1.xbrl,2022-06-30,0.5,0.4,0.4,8,E00988,4901.T,2022-06-30
S100CLSU_1.xbrl,2018-03-27,0.0,0.0,0.0,0,E00990,4911.T,2018-03-27
S100FFZG_1.xbrl,2019-03-26,0.57,0.5714285714285714,0.5,7,E00990,4911.T,2019-03-26
S100IA61_1.xbrl,2020-03-25,0.5,0.275,0.3,8,E00990,4911.T,2020-03-25
S100L0PD_1.xbrl,2021-03-25,-0.5,-0.5625,-0.75,8,E00990,4911.T,2021-03-25
S100NQ14_1.xbrl,2022-03-25,0.5,0.4375,0.5,8,E00990,4911.T,2022-03-25
S100QFTK_1.xbrl,2023-03-24,0.1,0.07272727272727274,0.1,11,E00990,4911.T,2023-03-24
S100D9JP_1.xbrl,2018-06-22,0.5,0.5,0.5,4,E01888,6988.T,2018-06-22
S100G1QV_1.xbrl,2019-06-21,-0.5,-0.375,-0.5,4,E01888,6988.T,2019-06-21
S100ISGM_1.xbrl,2020-06-19,-0.2,-0.225,-0.2,4,E01888,6988.T,2020-06-19
S100LK3M_1.xbrl,2021-06-18,0.2,0.12,0.1,5,E01888,6988.T,2021-06-18
S100O9FM_1.xbrl,2022-06-17,0.5,0.375,0.4,4,E01888,6988.T,2022-06-17
S100DI3J_1.xbrl,2018-06-28,0.8,0.7111111111111111,0.7,9,E01084,5019.T,2018-06-28
S100G9PH_1.xbrl,2019-06-27,0.1,0.04285714285714286,0.0,7,E01084,5019.T,2019-06-27
S100J0C5_1.xbrl,2020-06-25,-0.2,0.0,0.0,6,E01084,5019.T,2020-06-25
S100LLT7_1.xbrl,2021-06-23,0.1,0.05,0.05,6,E01084,5019.T,2021-06-23
S100OCR5_1.xbrl,2022-06-23,0.5,0.5,0.5,6,E01084,5019.T,2022-06-23
S100DD9Y_1.xbrl,2018-06-27,0.2,0.2,0.2,6,E24050,5020.T,2018-06-27
S100G1SL_1.xbrl,2019-06-26,0.2,0.16666666666666669,0.2,6,E24050,5020.T,2019-06-26
S100LOOZ_1.xbrl,2021-06-25,0.5,0.4166666666666667,0.45,6,E24050,5020.T,2021-06-25
S100OH8G_1.xbrl,2022-06-28,0.5,0.4375,0.5,8,E24050,5020.T,2022-06-28
S100COFL_1.xbrl,2018-03-29,0.0,0.0,0.0,0,E01085,5101.T,2018-03-29
S100FHGJ_1.xbrl,2019-03-28,0.0,0.0,0.0,3,E01085,5101.T,2019-03-28
S100IB7L_1.xbrl,2020-03-27,0.2,0.2,0.2,3,E01085,5101.T,2020-03-27
S100L1QK_1.xbrl,2021-03-30,-0.33,-0.3333333333333333,-0.5,3,E01085,5101.T,2021-03-30
S100NR1D_1.xbrl,2022-03-30,0.5,0.5,0.5,3,E01085,5101.T,2022-03-30
S100QG3Z_1.xbrl,2023-03-30,0.2,0.1,0.1,3,E01085,5101.T,2023-03-30
S100CLS4_1.xbrl,2018-03-23,0.0,0.0,0.0,0,E01086,5108.T,2018-03-23
S100FF3A_1.xbrl,2019-03-22,0.1,0.07500000000000001,0.1,4,E01086,5108.T,2019-03-22
S100I9HA_1.xbrl,2020-03-24,-0.25,-0.125,-0.25,4,E01086,5108.T,2020-03-24
S100L1BS_1.xbrl,2021-03-26,-0.6,-0.6166666666666667,-0.6,6,E01086,5108.T,2021-03-26
S100NPDW_1.xbrl,2022-03-23,0.8,0.65,0.65,4,E01086,5108.T,2022-03-23
S100QFJW_1.xbrl,2023-03-28,0.2,0.08,0.1,5,E01086,5108.T,2023-03-28
S100CO55_1.xbrl,2018-03-29,0.0,0.0,0.0,0,E01122,5201.T,2018-03-29
S100FH7L_1.xbrl,2019-03-28,0.2,0.2,0.2,3,E01122,5201.T,2019-03-28
S100IAY5_1.xbrl,2020-03-27,-0.2,-0.06666666666666667,0.1,3,E01122,5201.T,2020-03-27
S100L1UZ_1.xbrl,2021-03-30,-0.2,-0.1,-0.1,3,E01122,5201.T,2021-03-30
S100NRWR_1.xbrl,2022-03-30,0.5,0.375,0.5,4,E01122,5201.T,2022-03-30
S100QHOF_1.xbrl,2023-03-30,0.0,-1.3877787807814457e-17,0.1,4,E01122,5201.T,2023-03-30
S100COQ9_1.xbrl,2018-03-30,0.0,0.0,0.0,0,E01190,5214.T,2018-03-30
S100FII9_1.xbrl,2019-03-29,0.0,-0.08333333333333333,0.0,12,E01190,5214.T,2019-03-29
S100IC6Q_1.xbrl,2020-03-30,-0.8,-0.625,-0.5,4,E01190,5214.T,2020-03-30
S100L2LK_1.xbrl,2021-03-31,0.2,0.14,0.1,5,E01190,5214.T,2021-03-31
S100NSVW_1.xbrl,2022-03-31,0.8,0.6833333333333333,0.7,6,E01190,5214.T,2022-03-31
S100DEEF_1.xbrl,2018-06-29,0.2,0.11666666666666667,0.1,6,E01130,5233.T,2018-06-29
S100GAFC_1.xbrl,2019-06-28,0.5,0.5,0.5,3,E01130,5233.T,2019-06-28
S100J15H_1.xbrl,2020-06-29,-0.2,-0.075,0.0,4,E01130,5233.T,2020-06-29
S100LSJ9_1.xbrl,2021-06-30,0.1,0.05,0.05,4,E01130,5233.T,2021-06-30
S100OE74_1.xbrl,2022-06-30,-0.2,-0.2,-0.15,4,E01130,5233.T,2022-06-30
S100CO9M_1.xbrl,2018-03-29,0.0,0.0,0.0,0,E01162,5301.T,2018-03-29
S100FI94_1.xbrl,2019-03-28,0.8,0.8,0.8,3,E01162,5301.T,2019-03-28
S100IAU9_1.xbrl,2020-03-27,-0.2,-0.15,-0.15000000000000002,4,E01162,5301.T,2020-03-27
S100L2LM_1.xbrl,2021-03-30,-0.2,-0.2,-0.25,4,E01162,5301.T,2021-03-30
S100NSQQ_1.xbrl,2022-03-30,0.5,0.375,0.4,4,E01162,5301.T,2022-03-30
S100QI8M_1.xbrl,2023-03-30,0.5,0.15,0.15,4,E01162,5301.T,2023-03-30
S100G60B_1.xbrl,2019-06-25,-0.2,-0.08,-0.2,5,E01138,5332.T,2019-06-25
S100IW3L_1.xbrl,2020-06-24,0.0,0.025,0.05,4,E01138,5332.T,2020-06-24
S100LQEI_1.xbrl,2021-06-25,0.3,0.34,0.35,10,E01138,5332.T,2021-06-25
S100ODD3_1.xbrl,2022-06-24,0.5,0.5,0.7,3,E01138,5332.T,2022-06-24
S100DD5O_1.xbrl,2018-06-26,0.5,0.5,0.5,3,E01137,5333.T,2018-06-26
S100G2WG_1.xbrl,2019-06-21,0.0,0.0,0.0,3,E01137,5333.T,2019-06-21
S100J20Y_1.xbrl,2020-06-29,-0.5,-0.375,-0.4,4,E01137,5333.T,2020-06-29
S100LS1Y_1.xbrl,2021-06-28,0.1,0.175,0.15000000000000002,4,E01137,5333.T,2021-06-28
S100OH4J_1.xbrl,2022-06-27,0.5,0.5,0.5,3,E01137,5333.T,2022-06-27
S100DE7Z_1.xbrl,2018-06-26,0.5,0.3,0.5,5,E01225,5401.T,2018-06-26
S100G768_1.xbrl,2019-06-25,0.5,0.37142857142857144,0.5,7,E01225,5401.T,2019-06-25
S100J5IA_1.xbrl,2020-07-02,-0.33,-0.3333333333333333,-0.5,9,E01225,5401.T,2020-07-02
S100LM6X_1.xbrl,2021-06-23,0.0,-0.024999999999999998,0.0,12,E01225,5401.T,2021-06-23
S100OCKQ_1.xbrl,2022-06-23,0.5,0.375,0.5,8,E01225,5401.T,2022-06-23
S100D8EH_1.xbrl,2018-06-21,0.2,0.15,0.15000000000000002,6,E01231,5406.T,2018-06-21
S100G26F_1.xbrl,2019-06-20,-0.2,-0.12,-0.2,5,E01231,5406.T,2019-06-20
S100IXA6_1.xbrl,2020-06-24,-0.5,-0.4444444444444444,-0.5,9,E01231,5406.T,2020-06-24
S100LLZB_1.xbrl,2021-06-23,0.1,0.0,0.0,8,E01231,5406.T,2021-06-23
S100OAOM_1.xbrl,2022-06-22,0.2,0.0625,0.05,8,E01231,5406.T,2022-06-22
S100D7M4_1.xbrl,2018-06-21,0.5,0.375,0.4,4,E01264,5411.T,2018-06-21
S100G2DL_1.xbrl,2019-06-21,0.2,0.12000000000000001,0.2,5,E01264,5411.T,2019-06-21
S100ISFD_1.xbrl,2020-06-19,-0.67,-0.6666666666666667,-0.8,3,E01264,5411.T,2020-06-19
S100LMEZ_1.xbrl,2021-06-25,-0.33,-0.3333333333333333,-0.3,3,E01264,5411.T,2021-06-25
S100OCG5_1.xbrl,2022-06-24,0.8,0.8,0.9,3,E01264,5411.T,2022-06-24
S100CLXL_1.xbrl,2018-03-28,0.0,0.0,0.0,0,E02103,3436.T,2018-03-28
S100FEDQ_1.xbrl,2019-03-28,0.5,0.5,0.5,3,E02103,3436.T,2019-03-28
S100I9AT_1.xbrl,2020-03-26,-0.2,-0.23333333333333334,-0.2,3,E02103,3436.T,2020-03-26
S100L03F_1.xbrl,2021-03-25,0.0,0.0,0.0,3,E02103,3436.T,2021-03-25
S100NPKM_1.xbrl,2022-03-29,0.8,0.8,0.8,3,E02103,3436.T,2022-03-29
S100QENF_1.xbrl,2023-03-29,0.5,0.5333333333333333,0.5,3,E02103,3436.T,2023-03-29
S100DED6_1.xbrl,2018-06-28,0.1,0.060000000000000005,0.1,5,E00024,5706.T,2018-06-28
S100G91O_1.xbrl,2019-06-27,-0.2,-0.13999999999999999,-0.2,5,E00024,5706.T,2019-06-27
S100J0S7_1.xbrl,2020-06-26,-0.2,-0.09999999999999999,-0.05,6,E00024,5706.T,2020-06-26
S100LPP7_1.xbrl,2021-06-29,0.5,0.34,0.3,5,E00024,5706.T,2021-06-29
S100OH5A_1.xbrl,2022-06-29,0.4,0.32,0.3,10,E00024,5706.T,2022-06-29
S100D6VS_1.xbrl,2018-06-22,0.2,0.05454545454545455,0.1,11,E00021,5711.T,2018-06-22
S100FX0A_1.xbrl,2019-06-21,-0.5,-0.5,-0.5,3,E00021,5711.T,2019-06-21
S100J22N_1.xbrl,2020-06-30,-0.5,-0.45,-0.4,4,E00021,5711.T,2020-06-30
S100LMJY_1.xbrl,2021-06-24,-0.1,-0.024999999999999994,0.1,4,E00021,5711.T,2021-06-24
S100OES8_1.xbrl,2022-06-28,0.25,0.0,0.0,4,E00021,5711.T,2022-06-28
S100DEMM_1.xbrl,2018-06-26,0.5,0.3333333333333333,0.5,3,E00023,5713.T,2018-06-26
S100G7YI_1.xbrl,2019-06-25,-0.2,-0.2,0.0,5,E00023,5713.T,2019-06-25
S100J2EY_1.xbrl,2020-06-26,-0.1,0.0,0.1,4,E00023,5713.T,2020-06-26
S100LRHA_1.xbrl,2021-06-25,0.5,0.425,0.45,4,E00023,5713.T,2021-06-25
S100OG4X_1.xbrl,2022-06-24,0.5,0.5,0.5,4,E00023,5713.T,2022-06-24
S100DAGB_1.xbrl,2018-06-26,0.1,0.1,0.1,6,E00028,5714.T,2018-06-26
S100G567_1.xbrl,2019-06-25,-0.2,-0.12,0.0,5,E00028,5714.T,2019-06-25
S100J8ID_1.xbrl,2020-07-15,0.2,0.05,0.15000000000000002,6,E00028,5714.T,2020-07-15
S100LNJD_1.xbrl,2021-06-24,0.5,0.3666666666666667,0.4,6,E00028,5714.T,2021-06-24
S100OEIA_1.xbrl,2022-06-24,0.8,0.7166666666666667,0.75,6,E00028,5714.T,2022-06-24
S100D7CJ_1.xbrl,2018-06-22,0.7,0.7,0.7,3,E01332,5801.T,2018-06-22
S100G9FO_1.xbrl,2019-06-27,0.1,0.125,0.1,4,E01332,5801.T,2019-06-27
S100IVZ0_1.xbrl,2020-06-23,-0.4,-0.36,-0.4,5,E01332,5801.T,2020-06-23
S100LMSK_1.xbrl,2021-06-24,-0.5,-0.5,-0.5,4,E01332,5801.T,2021-06-24
S100OALR_1.xbrl,2022-06-21,0.2,0.1,0.1,5,E01332,5801.T,2022-06-21
S100DE4P_1.xbrl,2018-06-27,0.5,0.5,0.5,3,E01333,5802.T,2018-06-27
S100G32L_1.xbrl,2019-06-21,-0.1,-0.1,-0.1,3,E01333,5802.T,2019-06-21
S100IYF1_1.xbrl,2020-06-25,-0.4,-0.4,-0.4,5,E01333,5802.T,2020-06-25
S100LQ0C_1.xbrl,2021-06-25,-0.25,-0.25,-0.25,4,E01333,5802.T,2021-06-25
S100ODYH_1.xbrl,2022-06-24,0.3,0.28,0.3,5,E01333,5802.T,2022-06-24
S100DIOP_1.xbrl,2018-06-29,0.5,0.5,0.5,2,E01334,5803.T,2018-06-29
S100G8N4_1.xbrl,2019-06-27,-0.5,-0.5,-0.5,2,E01334,5803.T,2019-06-27
S100JJQ2_1.xbrl,2020-08-17,-0.5,-0.5,-0.5,3,E01334,5803.T,2020-08-17
S100LV4N_1.xbrl,2021-06-30,0.1,0.1,0.1,2,E01334,5803.T,2021-06-30
S100OL6D_1.xbrl,2022-06-29,0.5,0.5,0.5,2,E01334,5803.T,2022-06-29
S100D7HM_1.xbrl,2018-06-19,0.4,0.38,0.4,5,E02958,2768.T,2018-06-19
S100G2FC_1.xbrl,2019-06-20,0.2,0.175,0.15000000000000002,4,E02958,2768.T,2019-06-20
S100ISNN_1.xbrl,2020-06-18,-0.2,-0.07142857142857142,0.0,7,E02958,2768.T,2020-06-18
S100LJNH_1.xbrl,2021-06-18,-0.1,-0.16666666666666666,-0.25,6,E02958,2768.T,2021-06-18
S100O6U4_1.xbrl,2022-06-17,0.2,0.16666666666666666,0.25,6,E02958,2768.T,2022-06-17
S100D9OG_1.xbrl,2018-06-22,0.5,0.33076923076923076,0.3,13,E02497,8001.T,2018-06-22
S100G06K_1.xbrl,2019-06-21,0.5,0.3333333333333333,0.35,12,E02497,8001.T,2019-06-21
S100ITS8_1.xbrl,2020-06-19,0.2,0.2857142857142857,0.5,14,E02497,8001.T,2020-06-19
S100LJXI_1.xbrl,2021-06-18,0.1,-0.014285714285714287,0.0,14,E02497,8001.T,2021-06-18
S100DAN9_1.xbrl,2018-06-22,0.5,0.33333333333333337,0.35,6,E02498,8002.T,2018-06-22
S100G4LQ_1.xbrl,2019-06-21,0.2,0.11428571428571428,0.1,7,E02498,8002.T,2019-06-21
S100IU0U_1.xbrl,2020-06-19,-0.2,-0.24615384615384617,-0.3,13,E02498,8002.T,2020-06-19
S100LO78_1.xbrl,2021-06-24,0.3,0.2846153846153846,0.3,13,E02498,8002.T,2021-06-24
S100OE5O_1.xbrl,2022-06-24,0.5,0.5,0.5,12,E02498,8002.T,2022-06-24
S100D7Y2_1.xbrl,2018-06-21,0.5,0.5,0.5,3,E02505,8015.T,2018-06-21
S100G420_1.xbrl,2019-06-25,0.5,0.5,0.5,3,E02505,8015.T,2019-06-25
S100IVAP_1.xbrl,2020-06-23,0.0,0.2,0.5,5,E02505,8015.T,2020-06-23
S100LJ65_1.xbrl,2021-06-24,0.1,0.0625,0.1,8,E02505,8015.T,2021-06-24
S100OD08_1.xbrl,2022-06-24,0.5,0.42857142857142855,0.5,7,E02505,8015.T,2022-06-24
S100D8HX_1.xbrl,2018-06-21,0.2,0.25,0.25,16,E02513,8031.T,2018-06-21
S100G1Q4_1.xbrl,2019-06-20,0.1,0.037500000000000006,0.0,16,E02513,8031.T,2019-06-20
S100ITHC_1.xbrl,2020-06-19,0.0,0.0,0.0,14,E02513,8031.T,2020-06-19
S100LJUR_1.xbrl,2021-06-18,-0.1,-0.04,0.0,15,E02513,8031.T,2021-06-18
S100OBDU_1.xbrl,2022-06-22,0.5,0.21875,0.5,16,E02513,8031.T,2022-06-22
S100D9AW_1.xbrl,2018-06-22,0.5,0.5538461538461539,0.5,13,E02528,8053.T,2018-06-22
S100G2LA_1.xbrl,2019-06-21,0.5,0.19230769230769232,0.0,13,E02528,8053.T,2019-06-21
S100ITZM_1.xbrl,2020-06-19,-0.5,-0.375,0.0,8,E02528,8053.T,2020-06-19
S100LJW1_1.xbrl,2021-06-18,-0.5,-0.4375,-0.5,8,E02528,8053.T,2021-06-18
S100OE28_1.xbrl,2022-06-24,0.5,0.37777777777777777,0.4,9,E02528,8053.T,2022-06-24
S100D97M_1.xbrl,2018-06-22,0.5,0.45,0.5,10,E02529,8058.T,2018-06-22
S100G3H5_1.xbrl,2019-06-21,0.2,0.36363636363636365,0.5,11,E02529,8058.T,2019-06-21
S100ISK7_1.xbrl,2020-06-19,-0.2,-0.04285714285714286,0.0,7,E02529,8058.T,2020-06-19
S100LHA9_1.xbrl,2021-06-25,-0.2,-0.15,-0.15,8,E02529,8058.T,2021-06-25
S100O6ZR_1.xbrl,2022-06-24,0.8,0.6666666666666666,0.75,6,E02529,8058.T,2022-06-24
S100DCD9_1.xbrl,2018-06-26,0.6,0.42,0.5,5,E00322,1721.T,2018-06-26
S100G6ID_1.xbrl,2019-06-25,0.5,0.3,0.35,6,E00322,1721.T,2019-06-25
S100IXIW_1.xbrl,2020-06-26,0.5,0.45,0.5,6,E00322,1721.T,2020-06-26
S100LR5C_1.xbrl,2021-06-29,0.3,0.24444444444444444,0.3,18,E00322,1721.T,2021-06-29
S100OHNZ_1.xbrl,2022-06-29,0.1,0.08,0.1,5,E00322,1721.T,2022-06-29
S100DBBN_1.xbrl,2018-06-29,0.5,0.45,0.5,4,E00052,1801.T,2018-06-29
S100G3FX_1.xbrl,2019-06-27,-0.2,-0.16666666666666666,-0.2,3,E00052,1801.T,2019-06-27
S100IUVK_1.xbrl,2020-06-25,0.1,0.07500000000000001,0.1,4,E00052,1801.T,2020-06-25
S100LMW1_1.xbrl,2021-06-28,-0.5,-0.4,-0.4,4,E00052,1801.T,2021-06-28
S100OB6L_1.xbrl,2022-06-29,-0.1,-0.075,0.0,4,E00052,1801.T,2022-06-29
S100DD1L_1.xbrl,2018-06-27,0.2,0.1,0.1,9,E00055,1802.T,2018-06-27
S100G8TS_1.xbrl,2019-06-26,0.5,0.4,0.3,4,E00055,1802.T,2019-06-26
S100IYP5_1.xbrl,2020-06-25,0.1,0.08,0.1,25,E00055,1802.T,2020-06-25
S100LORK_1.xbrl,2021-06-25,-0.5,-0.45,-0.5,4,E00055,1802.T,2021-06-25
S100OE64_1.xbrl,2022-06-24,-0.2,-0.05,0.0,4,E00055,1802.T,2022-06-24
S100DFEZ_1.xbrl,2018-06-28,-0.2,-0.15,-0.05,4,E00053,1803.T,2018-06-28
S100G7RN_1.xbrl,2019-06-27,0.5,0.375,0.5,4,E00053,1803.T,2019-06-27
S100IXTR_1.xbrl,2020-06-26,0.5,0.25,0.25,4,E00053,1803.T,2020-06-26
S100LSED_1.xbrl,2021-06-29,-0.25,-0.3,-0.5,5,E00053,1803.T,2021-06-29
S100OG9M_1.xbrl,2022-06-29,-0.2,-0.08,0.0,5,E00053,1803.T,2022-06-29
S100DD8B_1.xbrl,2018-06-28,0.5,0.35,0.25,6,E00090,1808.T,2018-06-28
S100G3BX_1.xbrl,2019-06-27,0.2,0.08333333333333334,0.1,6,E00090,1808.T,2019-06-27
S100LUVF_1.xbrl,2021-06-29,-0.1,-0.05,-0.1,6,E00090,1808.T,2021-06-29
S100OJQ2_1.xbrl,2022-06-29,0.5,0.3333333333333333,0.5,6,E00090,1808.T,2022-06-29
S100D6JZ_1.xbrl,2018-06-27,0.2,0.1,0.05,4,E00058,1812.T,2018-06-27
S100G4O0_1.xbrl,2019-06-26,0.2,0.12,0.1,5,E00058,1812.T,2019-06-26
S100J072_1.xbrl,2020-06-26,0.2,0.16129032258064516,0.0,31,E00058,1812.T,2020-06-26
S100LN57_1.xbrl,2021-06-28,0.14,0.1,0.1,7,E00058,1812.T,2021-06-28
S100OBLA_1.xbrl,2022-06-29,0.2,0.0642857142857143,0.1,14,E00058,1812.T,2022-06-29
S100DG9P_1.xbrl,2018-06-28,0.8,0.6857142857142857,0.7,7,E00048,1925.T,2018-06-28
S100G5LB_1.xbrl,2019-06-25,0.5,0.3,0.3,5,E00048,1925.T,2019-06-25
S100ITAZ_1.xbrl,2020-06-26,0.1,0.085,0.1,20,E00048,1925.T,2020-06-26
S100LKT4_1.xbrl,2021-06-29,-0.1,-0.15,0.0,10,E00048,1925.T,2021-06-29
S100O9BA_1.xbrl,2022-06-29,0.5,0.2727272727272727,0.5,11,E00048,1925.T,2022-06-29
S100CV0D_1.xbrl,2018-04-27,0.0,0.0,0.0,0,E00143,1928.T,2018-04-27
S100FP15_1.xbrl,2019-04-26,0.1,-0.1,-0.25,6,E00143,1928.T,2019-04-26
S100IHTB_1.xbrl,2020-04-24,0.5,0.45,0.5,6,E00143,1928.T,2020-04-24
S100L7U5_1.xbrl,2021-04-28,0.0,0.14285714285714285,0.0,7,E00143,1928.T,2021-04-28
S100NXTE_1.xbrl,2022-04-27,0.5,0.45999999999999996,0.5,5,E00143,1928.T,2022-04-27
S100DGTT_1.xbrl,2018-06-28,0.5,0.5,0.5,4,E01575,1963.T,2018-06-28
S100GAMF_1.xbrl,2019-06-27,0.2,0.18,0.2,5,E01575,1963.T,2019-06-27
S100IZ9V_1.xbrl,2020-06-26,-0.2,-0.11428571428571428,0.0,7,E01575,1963.T,2020-06-26
S100LTOE_1.xbrl,2021-06-29,0.1,0.04,0.0,5,E01575,1963.T,2021-06-29
S100OLAH_1.xbrl,2022-06-29,0.0,-0.1,0.0,10,E01575,1963.T,2022-06-29
S100D0HW_1.xbrl,2018-06-28,0.5,0.375,0.5,4,E01232,5631.T,2018-06-28
S100G74A_1.xbrl,2019-06-25,0.2,0.125,0.1,8,E01232,5631.T,2019-06-25
S100J4TE_1.xbrl,2020-06-30,-0.2,-0.1,0.0,5,E01232,5631.T,2020-06-30
S100LKRJ_1.xbrl,2021-06-21,-0.5,-0.375,-0.5,4,E01232,5631.T,2021-06-21
S100ODZE_1.xbrl,2022-06-24,0.8,0.75,0.8,4,E01232,5631.T,2022-06-24
S100DAVA_1.xbrl,2018-06-26,0.9,0.7571428571428571,0.8,7,E01481,6103.T,2018-06-26
S100G20R_1.xbrl,2019-06-21,0.5,0.45,0.45,6,E01481,6103.T,2019-06-21
S100IT4A_1.xbrl,2020-06-19,-0.2,-0.14166666666666666,-0.1,12,E01481,6103.T,2020-06-19
S100LJYD_1.xbrl,2021-06-23,-0.2,-0.2,-0.5,5,E01481,6103.T,2021-06-23
S100OCBS_1.xbrl,2022-06-23,0.8,0.5833333333333334,0.5,6,E01481,6103.T,2022-06-23
S100DDDI_1.xbrl,2018-06-27,0.8,0.8,0.8,4,E01486,6113.T,2018-06-27
S100G7G6_1.xbrl,2019-06-26,0.8,0.7285714285714285,0.7,7,E01486,6113.T,2019-06-26
S100IYWU_1.xbrl,2020-06-25,-0.4,-0.36,-0.4,5,E01486,6113.T,2020-06-25
S100LOLZ_1.xbrl,2021-06-25,-0.2,-0.26,-0.3,5,E01486,6113.T,2021-06-25
S100OGLZ_1.xbrl,2022-06-28,0.6,0.6,0.6499999999999999,6,E01486,6113.T,2022-06-28
S100DDTG_1.xbrl,2018-06-27,0.8,0.8,0.8,3,E01673,6273.T,2018-06-27
S100G9BC_1.xbrl,2019-06-27,-0.1,-0.05,-0.05,4,E01673,6273.T,2019-06-27
S100J0QM_1.xbrl,2020-06-26,-0.2,-0.042857142857142864,0.0,7,E01673,6273.T,2020-06-26
S100LU1K_1.xbrl,2021-06-29,0.5,0.45,0.5,4,E01673,6273.T,2021-06-29
S100OK2Y_1.xbrl,2022-06-29,0.5,0.45,0.5,4,E01673,6273.T,2022-06-29
S100D6J5_1.xbrl,2018-06-18,0.5,0.45555555555555555,0.5,9,E01532,6301.T,2018-06-18
S100FZY3_1.xbrl,2019-06-17,0.8,0.61,0.6499999999999999,10,E01532,6301.T,2019-06-17
S100J1GM_1.xbrl,2020-06-29,-0.5,-1.0,-1.0,9,E01532,6301.T,2020-06-29
S100LIWM_1.xbrl,2021-06-17,-0.2,-0.3,-0.25,10,E01532,6301.T,2021-06-17
S100O9ZQ_1.xbrl,2022-06-20,0.8,0.7,1.0,10,E01532,6301.T,2022-06-20
S100DDJN_1.xbrl,2018-06-28,0.5,0.425,0.4,4,E01533,6302.T,2018-06-28
S100GA1L_1.xbrl,2019-06-27,0.5,0.5,0.5,3,E01533,6302.T,2019-06-27
S100JBIZ_1.xbrl,2020-07-31,-0.2,-0.0761904761904762,-0.1,21,E01533,6302.T,2020-07-31
S100LS9S_1.xbrl,2021-06-29,0.1,0.07500000000000001,0.15000000000000002,4,E01533,6302.T,2021-06-29
S100OJOS_1.xbrl,2022-06-29,0.5,0.375,0.5,4,E01533,6302.T,2022-06-29
S100QH2O_1.xbrl,2023-03-30,0.1,0.07500000000000001,0.1,4,E01533,6302.T,2023-03-30
S100DBLS_1.xbrl,2018-06-26,0.8,0.6,0.5,5,E01585,6305.T,2018-06-26
S100G6ZG_1.xbrl,2019-06-25,0.5,0.22,0.3,5,E01585,6305.T,2019-06-25
S100J9Z8_1.xbrl,2020-07-21,-0.2,-0.225,-0.15000000000000002,4,E01585,6305.T,2020-07-21
S100LTRB_1.xbrl,2021-06-29,-0.25,-0.125,-0.25,4,E01585,6305.T,2021-06-29
S100OI9Q_1.xbrl,2022-06-28,0.6,0.4666666666666667,0.55,6,E01585,6305.T,2022-06-28
S100CLC9_1.xbrl,2018-03-23,0.0,0.0,0.0,0,E01267,6326.T,2018-03-23
S100FFK6_1.xbrl,2019-03-22,0.2,0.13333333333333333,0.2,3,E01267,6326.T,2019-03-22
S100I7T6_1.xbrl,2020-03-19,0.5,0.26666666666666666,0.3,3,E01267,6326.T,2020-03-19
S100KYRY_1.xbrl,2021-03-19,-0.2,-0.3333333333333333,-0.5,3,E01267,6326.T,2021-03-19
S100NOAI_1.xbrl,2022-03-18,0.33,0.16666666666666666,0.2,3,E01267,6326.T,2022-03-18
S100QFK4_1.xbrl,2023-03-24,0.0,0.0,0.0,3,E01267,6326.T,2023-03-24
S100COB2_1.xbrl,2018-03-29,0.0,0.0,0.0,0,E01542,6361.T,2018-03-29
S100FHNW_1.xbrl,2019-03-29,-0.2,-0.1,-0.1,5,E01542,6361.T,2019-03-29
S100IC0T_1.xbrl,2020-03-30,0.2,0.16,0.2,5,E01542,6361.T,2020-03-30
S100L1ZE_1.xbrl,2021-03-29,0.2,0.06666666666666667,0.1,6,E01542,6361.T,2021-03-29
S100NRWW_1.xbrl,2022-03-30,0.5,0.27142857142857146,0.2,7,E01542,6361.T,2022-03-30
S100QHPL_1.xbrl,2023-03-30,0.4,0.32,0.3,5,E01542,6361.T,2023-03-30
S100DDXX_1.xbrl,2018-06-28,0.8,0.8,0.8,5,E01570,6367.T,2018-06-28
S100G6FS_1.xbrl,2019-06-27,0.5,0.4,0.5,5,E01570,6367.T,2019-06-27
S100IY17_1.xbrl,2020-06-26,-0.1,-0.08333333333333333,-0.05,6,E01570,6367.T,2020-06-26
S100LNGN_1.xbrl,2021-06-29,-0.2,-0.08333333333333333,-0.15000000000000002,6,E01570,6367.T,2021-06-29
S100OG1V_1.xbrl,2022-06-29,0.8,0.7666666666666666,0.75,6,E01570,6367.T,2022-06-29
S100D82M_1.xbrl,2018-06-22,0.8,0.8,0.8,3,E01600,6471.T,2018-06-22
S100G0QM_1.xbrl,2019-06-25,-0.1,-0.03333333333333333,0.0,3,E01600,6471.T,2019-06-25
S100J0BN_1.xbrl,2020-06-30,-0.5,-0.5,-0.5,4,E01600,6471.T,2020-06-30
S100LLLQ_1.xbrl,2021-06-25,-0.5,-0.5,-0.5,4,E01600,6471.T,2021-06-25
S100OEQM_1.xbrl,2022-06-28,0.3,0.27,0.3,10,E01600,6471.T,2022-06-28
S100DFQ7_1.xbrl,2018-06-27,0.5,0.2857142857142857,0.3,7,E01601,6472.T,2018-06-27
S100GCXL_1.xbrl,2019-06-28,-0.5,-0.5,-0.5,5,E01601,6472.T,2019-06-28
S100JC2F_1.xbrl,2020-07-31,-0.8,-0.5833333333333334,-0.5,6,E01601,6472.T,2020-07-31
S100LSGG_1.xbrl,2021-06-28,-0.2,-0.15,-0.15,6,E01601,6472.T,2021-06-28
S100OBZE_1.xbrl,2022-06-22,0.2,0.11666666666666667,0.1,6,E01601,6472.T,2022-06-22
S100DF6A_1.xbrl,2018-06-27,0.8,0.58,0.6,5,E01602,6473.T,2018-06-27
S100G6PY_1.xbrl,2019-06-26,0.1,0.08,0.1,5,E01602,6473.T,2019-06-26
S100IWAM_1.xbrl,2020-06-25,-0.5,-0.3125,-0.5,8,E01602,6473.T,2020-06-25
S100LKSI_1.xbrl,2021-06-25,0.1,0.075,0.1,4,E01602,6473.T,2021-06-25
S100OGUN_1.xbrl,2022-06-28,0.6,0.52,0.5,5,E01602,6473.T,2022-06-28
S100DFRX_1.xbrl,2018-06-27,-0.5,-0.5,-0.5,3,E02124,7004.T,2018-06-27
S100G9PG_1.xbrl,2019-06-26,0.2,0.07333333333333333,0.1,15,E02124,7004.T,2019-06-26
S100IY4Q_1.xbrl,2020-06-24,0.1,0.1,0.1,4,E02124,7004.T,2020-06-24
S100ODYL_1.xbrl,2022-06-23,0.3,0.3,0.3,4,E02124,7004.T,2022-06-23
S100D86E_1.xbrl,2018-06-21,0.1,-0.014583333333333334,0.0,48,E02126,7011.T,2018-06-21
S100G97S_1.xbrl,2019-06-27,0.2,0.1285714285714286,0.1,7,E02126,7011.T,2019-06-27
S100J16X_1.xbrl,2020-06-26,-0.1,-0.025,-0.05,4,E02126,7011.T,2020-06-26
S100LUPR_1.xbrl,2021-06-29,-0.2,-0.23333333333333334,-0.25,6,E02126,7011.T,2021-06-29
S100OKCL_1.xbrl,2022-06-29,0.3,0.32,0.3,5,E02126,7011.T,2022-06-29
S100D8VU_1.xbrl,2018-06-22,0.2,0.14,0.1,5,E02128,7013.T,2018-06-22
S100G1TX_1.xbrl,2019-06-20,0.1,0.08,0.1,5,E02128,7013.T,2019-06-20
S100IZ6J_1.xbrl,2020-06-25,-0.2,-0.17142857142857143,-0.2,7,E02128,7013.T,2020-06-25
S100LPBU_1.xbrl,2021-06-24,-0.2,-0.2625,-0.25,8,E02128,7013.T,2021-06-24
S100OD8B_1.xbrl,2022-06-23,0.5,0.35384615384615387,0.4,26,E02128,7013.T,2022-06-23
S100DEVC_1.xbrl,2018-06-27,0.1,0.02500000000000001,0.1,4,E02127,7012.T,2018-06-27
S100FYV5_1.xbrl,2019-06-26,0.0,0.030000000000000002,0.05,20,E02127,7012.T,2019-06-26
S100ISEZ_1.xbrl,2020-06-25,-0.2,-0.3333333333333333,-0.5,6,E02127,7012.T,2020-06-25
S100LI2X_1.xbrl,2021-06-25,-0.1,-0.11666666666666667,-0.1,6,E02127,7012.T,2021-06-25
S100O7VN_1.xbrl,2022-06-24,0.2,0.13333333333333333,0.1,6,E02127,7012.T,2022-06-24
S100D713_1.xbrl,2018-06-18,0.4,0.32,0.3,5,E02481,7832.T,2018-06-18
S100G4QQ_1.xbrl,2019-06-24,0.8,0.66,0.7,5,E02481,7832.T,2019-06-24
S100ISF1_1.xbrl,2020-06-22,-0.1,-0.1,-0.2,5,E02481,7832.T,2020-06-22
S100LJOJ_1.xbrl,2021-06-21,0.2,0.0,0.0,6,E02481,7832.T,2021-06-21
S100O9UA_1.xbrl,2022-06-20,0.8,0.7,0.7,6,E02481,7832.T,2022-06-20
S100DEEX_1.xbrl,2018-06-28,0.2,0.2,0.2,4,E00692,7911.T,2018-06-28
S100FTAK_1.xbrl,2019-06-27,0.0,0.0,0.0,4,E00692,7911.T,2019-06-27
S100J99K_1.xbrl,2020-07-21,0.5,0.4,0.4,5,E00692,7911.T,2020-07-21
S100LQWP_1.xbrl,2021-06-29,0.0,0.02,0.1,5,E00692,7911.T,2021-06-29
S100OITA_1.xbrl,2022-06-29,0.8,0.5,0.5,5,E00692,7911.T,2022-06-29
S100DDC3_1.xbrl,2018-06-28,0.2,0.12000000000000001,0.1,5,E00693,7912.T,2018-06-28
S100G6I9_1.xbrl,2019-06-27,-0.2,-0.12,-0.1,5,E00693,7912.T,2019-06-27
S100J081_1.xbrl,2020-06-26,0.2,0.24,0.5,5,E00693,7912.T,2020-06-26
S100LL3T_1.xbrl,2021-06-29,-0.2,-0.19999999999999998,-0.3,5,E00693,7912.T,2021-06-29
S100ODSV_1.xbrl,2022-06-29,0.4,0.44,0.4,5,E00693,7912.T,2022-06-29
S100DD7A_1.xbrl,2018-06-26,0.8,0.72,0.8,5,E02362,7951.T,2018-06-26
S100G30Y_1.xbrl,2019-06-25,0.2,0.08333333333333333,0.05,6,E02362,7951.T,2019-06-25
S100J2XX_1.xbrl,2020-06-30,-0.2,-0.16666666666666666,-0.2,6,E02362,7951.T,2020-06-30
S100LMW2_1.xbrl,2021-06-25,-0.25,-0.32499999999999996,-0.4,4,E02362,7951.T,2021-06-25
S100O9VG_1.xbrl,2022-06-23,0.3,0.21666666666666667,0.2,6,E02362,7951.T,2022-06-23
S100D5W5_1.xbrl,2018-06-27,0.4,0.38,0.4,5,E27633,3289.T,2018-06-27
S100G7WR_1.xbrl,2019-06-26,0.5,0.5,0.5,5,E27633,3289.T,2019-06-26
S100IZDR_1.xbrl,2020-06-25,0.14,-0.014285714285714278,0.1,7,E27633,3289.T,2020-06-25
S100LQPV_1.xbrl,2021-06-25,-0.25,-0.3125,-0.5,8,E27633,3289.T,2021-06-25
S100OHZR_1.xbrl,2022-06-28,0.5,0.5,0.5,8,E27633,3289.T,2022-06-28
S100DGSO_1.xbrl,2018-06-28,0.4,0.34,0.3,5,E03855,8801.T,2018-06-28
S100G8OL_1.xbrl,2019-06-27,0.5,0.36666666666666664,0.5,6,E03855,8801.T,2019-06-27
S100IU3A_1.xbrl,2020-06-26,0.2,0.18571428571428572,0.2,7,E03855,8801.T,2020-06-26
S100LOUC_1.xbrl,2021-06-29,0.0,0.0,0.0,7,E03855,8801.T,2021-06-29
S100OIF1_1.xbrl,2022-06-29,0.5,0.45,0.45,8,E03855,8801.T,2022-06-29
S100DFQZ_1.xbrl,2018-06-28,0.6,0.56,0.5,5,E03856,8802.T,2018-06-28
S100GBG0_1.xbrl,2019-06-27,0.6,0.56,0.5,5,E03856,8802.T,2019-06-27
S100IW9B_1.xbrl,2020-06-26,0.14,0.1125,0.15000000000000002,8,E03856,8802.T,2020-06-26
S100LTHE_1.xbrl,2021-06-29,-0.1,-0.13749999999999998,0.0,8,E03856,8802.T,2021-06-29
S100OKQO_1.xbrl,2022-06-29,0.8,0.8333333333333334,1.0,6,E03856,8802.T,2022-06-29
S100CNAE_1.xbrl,2018-03-28,0.0,0.0,0.0,0,E03859,8804.T,2018-03-28
S100FGZF_1.xbrl,2019-03-27,0.5,0.3333333333333333,0.3,3,E03859,8804.T,2019-03-27
S100I9Q9_1.xbrl,2020-03-25,0.5,0.45,0.5,4,E03859,8804.T,2020-03-25
S100L0MS_1.xbrl,2021-03-25,0.1,0.1,0.0,5,E03859,8804.T,2021-03-25
S100NRHB_1.xbrl,2022-03-29,0.2,0.18,0.2,10,E03859,8804.T,2022-03-29
S100QGZE_1.xbrl,2023-03-29,0.5,0.5,0.5,4,E03859,8804.T,2023-03-29
S100DEIA_1.xbrl,2018-06-29,0.8,0.875,1.0,4,E03907,8830.T,2018-06-29
S100GCZG_1.xbrl,2019-06-28,0.9,0.925,1.0,4,E03907,8830.T,2019-06-28
S100J2S4_1.xbrl,2020-06-29,0.5,0.375,0.5,4,E03907,8830.T,2020-06-29
S100LUUL_1.xbrl,2021-06-30,0.2,0.175,0.1,4,E03907,8830.T,2021-06-30
S100OLTA_1.xbrl,2022-06-30,0.5,0.5,0.5,4,E03907,8830.T,2022-06-30
S100D6P7_1.xbrl,2018-06-22,0.2,0.11666666666666667,0.15000000000000002,6,E04094,9001.T,2018-06-22
S100G2C0_1.xbrl,2019-06-21,0.1,0.058823529411764705,0.1,17,E04094,9001.T,2019-06-21
S100IUQJ_1.xbrl,2020-06-23,0.1,0.1,0.0,5,E04094,9001.T,2020-06-23
S100LIY5_1.xbrl,2021-06-23,-0.5,-0.43333333333333335,-0.45,6,E04094,9001.T,2021-06-23
S100OBWF_1.xbrl,2022-06-23,0.5,0.3333333333333333,0.5,6,E04094,9001.T,2022-06-23
S100DG8K_1.xbrl,2018-06-28,0.4,0.4,0.4,5,E04090,9005.T,2018-06-28
S100GAM1_1.xbrl,2019-06-27,0.2,0.16666666666666669,0.2,6,E04090,9005.T,2019-06-27
S100IXSG_1.xbrl,2020-06-26,0.1,0.03333333333333333,0.05,6,E04090,9005.T,2020-06-26
S100LQ75_1.xbrl,2021-06-29,-0.2,-0.07142857142857144,0.1,7,E04090,9005.T,2021-06-29
S100OIH8_1.xbrl,2022-06-29,0.2,0.2,0.2,6,E04090,9005.T,2022-06-29
S100DHC7_1.xbrl,2018-06-28,0.4,0.34,0.5,5,E04088,9007.T,2018-06-28
S100GBDX_1.xbrl,2019-06-27,0.2,0.07999999999999999,0.3,5,E04088,9007.T,2019-06-27
S100J24N_1.xbrl,2020-06-26,-0.2,-0.08,0.0,5,E04088,9007.T,2020-06-26
S100LTWH_1.xbrl,2021-06-29,-0.6,-0.7,-0.5,5,E04088,9007.T,2021-06-29
S100OJ1L_1.xbrl,2022-06-29,0.2,0.2,0.2,5,E04088,9007.T,2022-06-29
S100DHEM_1.xbrl,2018-06-28,0.5,0.4166666666666667,0.5,6,E04092,9008.T,2018-06-28
S100G4K8_1.xbrl,2019-06-27,0.5,0.37272727272727274,0.5,11,E04092,9008.T,2019-06-27
S100IWRF_1.xbrl,2020-06-26,-0.5,-0.4166666666666667,-0.5,6,E04092,9008.T,2020-06-26
S100LTMW_1.xbrl,2021-06-29,-0.5,-0.42857142857142855,-0.5,7,E04092,9008.T,2021-06-29
S100OINV_1.xbrl,2022-06-29,0.1,0.07142857142857144,0.1,7,E04092,9008.T,2022-06-29
S100CZXJ_1.xbrl,2018-06-28,0.2,0.175,0.25,4,E04091,9009.T,2018-06-28
S100GABZ_1.xbrl,2019-06-27,0.5,0.42000000000000004,0.5,5,E04091,9009.T,2019-06-27
S100IUTI_1.xbrl,2020-06-26,0.0,0.04,0.1,5,E04091,9009.T,2020-06-26
S100LLIX_1.xbrl,2021-06-29,-0.6,-0.56,-0.5,5,E04091,9009.T,2021-06-29
S100OELJ_1.xbrl,2022-06-29,0.1,0.06,0.1,5,E04091,9009.T,2022-06-29
S100D93U_1.xbrl,2018-06-22,0.5,0.525,0.5,8,E04147,9020.T,2018-06-22
S100G3GY_1.xbrl,2019-06-21,0.5,0.5,0.5,9,E04147,9020.T,2019-06-21
S100IWJW_1.xbrl,2020-06-23,-0.5,-0.22727272727272727,-0.5,11,E04147,9020.T,2020-06-23
S100LIXH_1.xbrl,2021-06-22,-0.5,-0.16666666666666666,-0.5,12,E04147,9020.T,2021-06-22
S100OA8T_1.xbrl,2022-06-22,0.2,0.2,0.2,10,E04147,9020.T,2022-06-22
S100D8DH_1.xbrl,2018-06-22,0.5,0.425,0.45,8,E04148,9021.T,2018-06-22
S100G3K1_1.xbrl,2019-06-21,0.2,0.1625,0.15000000000000002,8,E04148,9021.T,2019-06-21
S100IUTK_1.xbrl,2020-06-24,-0.2,-0.15714285714285714,-0.2,7,E04148,9021.T,2020-06-24
S100LO2J_1.xbrl,2021-06-24,-0.5,-0.4,-0.4,7,E04148,9021.T,2021-06-24
S100OFLP_1.xbrl,2022-06-24,0.1,0.05,0.1,14,E04148,9021.T,2022-06-24
S100D909_1.xbrl,2018-06-22,0.5,0.5,0.5,6,E04149,9022.T,2018-06-22
S100G233_1.xbrl,2019-06-21,0.8,0.6833333333333333,0.7,6,E04149,9022.T,2019-06-21
S100IW1D_1.xbrl,2020-06-23,-0.2,-0.12,-0.2,5,E04149,9022.T,2020-06-23
S100LMCH_1.xbrl,2021-06-23,-0.6,-0.6,-0.6,5,E04149,9022.T,2021-06-23
S100OC2F_1.xbrl,2022-06-23,0.2,0.2,0.2,6,E04149,9022.T,2022-06-23
S100D9G0_1.xbrl,2018-06-22,0.5,0.45,0.5,8,E04187,9064.T,2018-06-22
S100G06O_1.xbrl,2019-06-21,0.3,0.2111111111111111,0.2,9,E04187,9064.T,2019-06-21
S100LK4W_1.xbrl,2021-06-18,0.5,0.5,0.5,9,E04187,9064.T,2021-06-18
S100O90Q_1.xbrl,2022-06-17,0.1,0.1375,0.1,8,E04187,9064.T,2022-06-17
S100D7VU_1.xbrl,2018-06-20,0.5,0.22,0.1,5,E04235,9101.T,2018-06-20
S100G1WR_1.xbrl,2019-06-19,-0.2,-0.16,0.0,5,E04235,9101.T,2019-06-19
S100J2FF_1.xbrl,2020-06-29,0.2,0.08571428571428572,0.0,7,E04235,9101.T,2020-06-29
S100LK5W_1.xbrl,2021-06-18,0.5,0.25,0.2,6,E04235,9101.T,2021-06-18
S100DBJ1_1.xbrl,2018-06-26,0.1,0.1,0.1,4,E04236,9104.T,2018-06-26
S100G7SC_1.xbrl,2019-06-25,0.2,0.175,0.15000000000000002,4,E04236,9104.T,2019-06-25
S100IW06_1.xbrl,2020-06-23,0.2,0.16,0.2,5,E04236,9104.T,2020-06-23
S100LL1R_1.xbrl,2021-06-22,0.2,0.14,0.1,5,E04236,9104.T,2021-06-22
S100OAA8_1.xbrl,2022-06-21,0.4,0.36,0.4,5,E04236,9104.T,2022-06-21
S100D8OY_1.xbrl,2018-06-21,0.6,0.52,0.5,5,E04237,9107.T,2018-06-21
S100G3HH_1.xbrl,2019-06-21,-0.6,-0.6,-0.6,5,E04237,9107.T,2019-06-21
S100IRQK_1.xbrl,2020-06-23,0.2,0.16,0.2,15,E04237,9107.T,2020-06-23
S100LLMF_1.xbrl,2021-06-23,0.2,0.12,0.1,5,E04237,9107.T,2021-06-23
S100O8Q8_1.xbrl,2022-06-23,0.8,0.72,0.7,5,E04237,9107.T,2022-06-23
S100D88E_1.xbrl,2018-06-20,0.5,0.5125,0.5,8,E04272,9201.T,2018-06-20
S100FZC4_1.xbrl,2019-06-19,0.4,0.31,0.4,10,E04272,9201.T,2019-06-19
S100LK6A_1.xbrl,2021-06-18,-0.1,-0.21428571428571427,-0.25,14,E04272,9201.T,2021-06-18
S100OBZH_1.xbrl,2022-06-22,0.5,0.53125,0.5,16,E04272,9201.T,2022-06-22
S100DIXE_1.xbrl,2018-06-29,0.7,0.5571428571428572,0.6,7,E04273,9202.T,2018-06-29
S100G5LL_1.xbrl,2019-06-24,0.3,0.16666666666666666,0.0,6,E04273,9202.T,2019-06-24
S100J9CP_1.xbrl,2020-07-17,-0.5,-0.5,-0.5,6,E04273,9202.T,2020-07-17
S100LVSH_1.xbrl,2021-06-30,-0.5,-0.7142857142857143,-0.5,7,E04273,9202.T,2021-06-30
S100DGU4_1.xbrl,2018-06-28,0.5,0.44999999999999996,0.4,4,E04498,9501.T,2018-06-28
S100GAZW_1.xbrl,2019-06-27,0.1,0.1,0.15000000000000002,4,E04498,9501.T,2019-06-27
S100IZPG_1.xbrl,2020-06-26,-0.2,-0.3125,-0.5,8,E04498,9501.T,2020-06-26
S100LV6U_1.xbrl,2021-06-30,0.0,-0.16666666666666666,0.0,6,E04498,9501.T,2021-06-30
S100OKB1_1.xbrl,2022-06-29,-0.4,-0.13333333333333333,0.0,6,E04498,9501.T,2022-06-29
S100CV0N_1.xbrl,2018-06-28,0.2,0.175,0.1,4,E04502,9502.T,2018-06-28
S100FGA5_1.xbrl,2019-06-27,0.0,0.0,0.0,4,E04502,9502.T,2019-06-27
S100J0BW_1.xbrl,2020-06-26,0.2,0.08,0.1,5,E04502,9502.T,2020-06-26
S100LNJL_1.xbrl,2021-06-28,-0.2,-0.04,0.0,5,E04502,9502.T,2021-06-28
S100NM6F_1.xbrl,2022-06-29,-0.4,-0.32,-0.4,5,E04502,9502.T,2022-06-29
S100DCR7_1.xbrl,2018-06-28,0.5,0.25,0.35,4,E04499,9503.T,2018-06-28
S100G17T_1.xbrl,2019-06-21,-0.2,-0.2,-0.15000000000000002,4,E04499,9503.T,2019-06-21
S100IRRA_1.xbrl,2020-06-26,0.1,0.05,0.05,4,E04499,9503.T,2020-06-26
S100LKRF_1.xbrl,2021-06-28,-0.2,-0.225,-0.25,4,E04499,9503.T,2021-06-28
S100OJ76_1.xbrl,2022-06-29,-0.2,-0.06,0.0,5,E04499,9503.T,2022-06-29
S100DDYC_1.xbrl,2018-06-28,0.5,0.34285714285714286,0.3,7,E04514,9531.T,2018-06-28
S100G7A2_1.xbrl,2019-06-27,0.1,0.037500000000000006,0.05,8,E04514,9531.T,2019-06-27
S100IWP6_1.xbrl,2020-06-26,0.0,-0.2222222222222222,-0.5,9,E04514,9531.T,2020-06-26
S100LSTE_1.xbrl,2021-06-29,-0.1,-0.0875,-0.05,8,E04514,9531.T,2021-06-29
S100OJKI_1.xbrl,2022-06-29,0.5,0.3142857142857143,0.3,7,E04514,9531.T,2022-06-29
S100DGFB_1.xbrl,2018-06-29,-0.1,-0.08,0.0,5,E04520,9532.T,2018-06-29
S100G3X2_1.xbrl,2019-06-24,-0.1,0.0,0.0,6,E04520,9532.T,2019-06-24
S100IXGI_1.xbrl,2020-06-29,0.2,0.14285714285714285,0.2,7,E04520,9532.T,2020-06-29
S100LKB5_1.xbrl,2021-06-28,0.5,0.3333333333333333,0.5,6,E04520,9532.T,2021-06-28
S100OIE9_1.xbrl,2022-06-28,0.2,0.22,0.2,5,E04520,9532.T,2022-06-28
