Ticker,EventDate,Sentiment,CAR
4151.T,2018-03-16,0.0140073081607795,0.020958287304833102
4151.T,2019-03-14,0.0161659046374918,0.0371109750916187
4151.T,2020-03-12,0.01524926686217,-0.1435432021938042
4151.T,2021-03-09,0.0181651376146789,0.005750821471247556
4151.T,2022-03-08,0.0159326888650196,-0.010512370738132845
4151.T,2023-03-09,0.0170925706549331,0.007062090247524224
4502.T,2018-06-28,0.0114517265680056,0.04390705112741646
4502.T,2019-06-27,0.0081203575475261,-0.00420355867836586
4502.T,2020-06-24,0.0080256821829855,-0.013818853259485115
4502.T,2021-06-29,0.0081222883664615,0.003443516786475303
4502.T,2022-06-29,0.0094830389075539,0.022879179452813612
4503.T,2018-06-15,0.0097087378640776,0.04379136227149383
4503.T,2019-06-18,0.0135206786850477,-0.01716105838460557
4503.T,2020-06-18,0.0118770978569584,0.051251247597564505
4503.T,2021-06-18,0.012935586061246,0.04543997335780952
4503.T,2022-06-20,0.0124688279301745,0.07221941941378852
4506.T,2018-06-19,0.0129248444231689,0.04881537005648319
4506.T,2019-06-20,0.0155670867309117,-0.03659797952315519
4506.T,2020-06-23,0.0155053974484789,0.029076297502635698
4506.T,2021-06-24,0.0171255148493388,0.02024536292004117
4506.T,2022-06-23,0.0177677677677677,0.04110490214863296
4507.T,2018-06-20,0.0099173553719008,0.004460998823756693
4507.T,2019-06-18,0.0084187408491947,0.018544249520787898
4507.T,2020-06-24,0.0102639296187683,-0.004789186318433822
4507.T,2021-06-23,0.0158631415241057,0.022455082500115117
4507.T,2022-06-24,0.0196439533456108,0.01551938032696612
4519.T,2018-03-22,0.0058997050147492,0.004400337372700249
4519.T,2019-03-28,0.0155829165063485,0.0024008978814263077
4519.T,2020-03-30,0.0149080348499515,0.034635439004261755
4519.T,2021-03-23,0.0141106572595618,-0.02724540942270276
4519.T,2022-03-29,0.016025641025641,-0.006707007101873625
4519.T,2023-03-30,0.0147424511545293,0.002501512758550848
4523.T,2018-06-20,0.0138678769541099,0.016215669161142365
4523.T,2019-06-20,0.0161933233682112,-0.010587283155208096
4523.T,2020-06-19,0.0154819014391626,0.042008642570865354
4523.T,2021-06-18,0.0153919014918304,0.1326857392472598
4568.T,2018-06-18,0.0127821593690508,0.157939729011108
4568.T,2019-06-17,0.0123069498069498,-0.026545750787320327
4568.T,2020-06-15,0.0139294926913155,-0.010031836742173799
4568.T,2021-06-21,0.0132703144882748,-0.056608017239936956
4568.T,2022-06-27,0.0164638511095204,0.08138747494244329
4578.T,2018-03-30,0.0092753623188405,0.01954569032993646
4578.T,2019-03-29,0.0123203285420944,-0.015222623704605372
4578.T,2020-03-30,0.0112185018985157,0.10829433675387969
4578.T,2021-03-31,0.0131556171023022,-0.007271782922918508
4578.T,2022-03-31,0.01287932251235,0.006529081978969146
4578.T,2023-03-31,0.0132473418162802,0.040566081345404445
6479.T,2018-06-28,0.0146673651126244,0.05288725112023347
6479.T,2019-06-27,0.0169238427078148,0.05042892344377127
6479.T,2020-06-26,0.0104810534802472,0.005953113434005848
6479.T,2021-06-29,0.0118243243243243,0.0629199912302382
6479.T,2022-06-29,0.0142857142857142,-0.006340729262820373
6501.T,2018-06-29,0.0161233788994041,-0.005169705538998797
6501.T,2019-06-19,0.0144685587089593,-0.014831506371712629
6501.T,2020-08-31,0.0131809168319141,-0.018648955733782214
6501.T,2021-06-23,0.0128427629295383,0.04459925780511546
6501.T,2022-06-22,0.0139927623642943,-0.03774949782415951
6503.T,2018-06-28,0.0112251443232841,0.007245972180844197
6503.T,2019-06-27,0.0088195386702849,0.03187142982804566
6503.T,2020-06-26,0.0095641266854813,0.013475316076174316
6503.T,2021-06-29,0.0092909535452322,-0.09934433202861291
6503.T,2022-06-29,0.0096049573973663,0.015929780447031815
6504.T,2018-06-26,0.0056270096463022,0.009611429621515429
6504.T,2019-06-25,0.0076882290562036,-0.012574003943042677
6504.T,2020-08-06,0.0057339449541284,-0.0012430362864411966
6504.T,2021-06-25,0.0067724458204334,-0.015895449693070773
6504.T,2022-06-28,0.0070295240008033,-0.017655640676571795
6506.T,2018-05-30,0.0043010752688172,-0.009307899813914895
6506.T,2019-05-29,0.0064743967039434,-0.0003449668026776487
6506.T,2020-05-28,0.0143557422969187,-0.03512821603389954
6506.T,2021-05-27,0.0183901115465782,0.0629572983576356
6506.T,2022-05-27,0.0161290322580645,0.011355258248720239
6594.T,2018-06-21,0.0078576723498888,-0.02016282422609589
6594.T,2019-06-19,0.0073728558531447,0.005228890561680488
6594.T,2020-06-18,0.0080696202531645,0.02828734233671993
6594.T,2021-06-23,0.0109465550547327,0.04850435510452944
6594.T,2022-06-20,0.0096512021672875,-0.03508657460813089
6645.T,2018-06-20,0.0103424500114916,-0.03955328219950828
6645.T,2019-06-19,0.0094876660341555,0.011330186485327872
6645.T,2020-06-24,0.0099676052828308,0.02345917781129412
6645.T,2021-06-25,0.0149503397804495,0.016965398898867282
6645.T,2022-06-24,0.013164455968884,0.015339129181093699
6674.T,2018-06-28,0.0095081967213114,0.04141389671235958
6674.T,2019-06-27,0.0091324200913242,0.03026848578411808
6674.T,2020-06-26,0.0082735797021511,0.05681467342271711
6674.T,2021-06-29,0.0083772882407694,0.007973790962270586
6674.T,2022-06-29,0.0075311067452521,0.01738839437225817
6701.T,2018-06-25,0.0155057839035195,-0.031478645377447274
6701.T,2019-06-24,0.0132241813602015,-0.032455581594109315
6701.T,2020-06-24,0.0199705696867773,0.050972835867277994
6701.T,2021-06-22,0.0182709447415329,-0.02288094058564597
6701.T,2022-06-22,0.0151220565996975,-0.0003041872844993642
6702.T,2018-06-25,0.01428339555267,-0.01824734073784298
6702.T,2019-06-24,0.0141900937081659,-0.03221619426534167
6702.T,2020-06-22,0.017294811556533,0.05700894642627323
6702.T,2021-06-28,0.0202437512910555,0.029346519960397617
6702.T,2022-06-27,0.0177704497572593,0.016173161022206294
6723.T,2018-03-29,0.0042408821034775,-0.10806317374234213
6723.T,2019-03-28,0.0108606557377049,0.07248438937015132
6723.T,2020-03-27,0.0113937466878643,0.01861313947740957
6723.T,2021-03-31,0.0116423086450334,0.04474486042664539
6723.T,2022-03-30,0.0121087502855837,0.07557814337709734
6724.T,2019-06-27,0.0170421721548238,-0.015195114669167181
6724.T,2020-06-26,0.0151824817518248,-0.03666949641802843
6724.T,2021-06-28,0.0149415919587068,-0.007447358073308592
6724.T,2022-06-29,0.0150954144118484,-0.08178148138360944
6752.T,2018-06-29,0.0073810825587752,-0.014289851051741465
6752.T,2019-06-28,0.0077734591893392,0.02542379553657713
6752.T,2020-06-26,0.0060642813826561,-0.00015756347774373118
6752.T,2022-06-24,0.0076655052264808,-0.02392497524996199
6753.T,2018-06-21,0.0109232769830949,-0.0799587039614619
6753.T,2019-06-26,0.0108821486455197,0.07151332700090429
6753.T,2020-06-30,0.0104895104895104,-0.03417615754014125
6753.T,2021-06-30,0.0107302533532041,0.004753737741178637
6753.T,2022-06-24,0.0115036976170912,-0.04638529463048671
6758.T,2018-06-19,0.0061890472618154,0.032639243190824264
6758.T,2019-06-18,0.0063746165644171,0.06376420641231334
6758.T,2020-06-26,0.0056165432729129,0.003712791210031683
6758.T,2022-06-28,0.0093234520678938,-0.04784305216108069
6762.T,2018-06-28,0.0074270557029177,0.04688485433564661
6762.T,2019-06-27,0.008079324274697,0.07752653051782517
6762.T,2020-06-23,0.0101551480959097,0.010735716989677783
6762.T,2021-06-23,0.0114194854004047,-0.012702094982497473
6762.T,2022-06-24,0.0143007677254252,-0.02615393571685637
6770.T,2018-06-22,0.0112336601307189,0.019858136847472948
6770.T,2019-06-21,0.0083069620253164,0.010940842305504461
6770.T,2020-06-24,0.0059818834387284,-0.060986540626015474
6770.T,2021-06-25,0.0081560283687943,-0.005242616757053653
6770.T,2022-06-23,0.0062511839363515,-0.06370536177308803
6841.T,2018-06-26,0.0163877266387726,0.02124518731496426
6841.T,2019-06-25,0.0097817908201655,0.021056103469611447
6841.T,2020-06-24,0.0080714903430383,0.009183117076598534
6841.T,2021-06-23,0.0091220068415051,-0.021042197982315054
6841.T,2022-06-22,0.0071599045346062,-0.024272397269680893
6857.T,2018-06-28,0.0123203285420944,0.02938319485495105
6857.T,2019-06-27,0.0142773892773892,0.10354185997854955
6857.T,2020-06-26,0.0106052767718572,0.06790021465822381
6857.T,2021-06-24,0.0136695018226002,-0.034984701289159134
6857.T,2022-06-22,0.0124766063630692,-0.011797893503547187
6861.T,2018-06-14,0.0140845070422535,0.010988607789578173
6861.T,2019-06-17,0.01378896882494,0.011621526265140323
6861.T,2020-06-15,0.0125427594070695,0.01870290849515469
6861.T,2021-06-14,0.0130090497737556,0.041664890714415134
6861.T,2022-06-13,0.0138488170802077,-0.05478742781400573
6902.T,2018-06-20,0.0149466192170818,0.015688786032757876
6902.T,2019-06-26,0.0137495354886659,0.01683077836444966
6902.T,2020-06-19,0.0115226337448559,0.0397753151213692
6902.T,2021-06-22,0.0122985581000848,0.001153480172006012
6902.T,2022-06-21,0.0141020323517212,-0.051777421724546024
6920.T,2018-09-27,0.0087131367292225,-0.012027963118311509
6920.T,2019-09-30,0.0063719633612106,0.07376452083194146
6920.T,2020-09-29,0.0076893502499038,0.0029215363492503636
6920.T,2021-09-29,0.0076893502499038,-0.11479424009996368
6920.T,2022-09-29,0.009220130618517,-0.08970259009248649
6952.T,2018-06-28,0.0178655383168782,0.045422700028703494
6952.T,2019-06-27,0.0127558587956096,-0.028428945887432708
6952.T,2020-06-26,0.0103028410864814,-0.009690238441132842
6952.T,2021-06-29,0.014479359211337,-0.005549735972960799
6952.T,2022-06-29,0.0109536082474226,0.00826408812843651
6954.T,2018-06-29,0.0116009280742459,-0.02722344724844817
6954.T,2019-06-28,0.0091954022988505,-0.029166899571227888
6954.T,2020-06-30,0.0069905627403005,0.002113749999674207
6954.T,2021-06-30,0.0094749309119621,0.019902261189038102
6954.T,2022-06-30,0.0074441687344913,0.001748645714895537
6963.T,2018-06-28,0.0103244837758112,0.03330906861389714
6963.T,2019-06-27,0.0089377793056033,0.05871944535224209
6963.T,2020-06-26,0.0091070635273211,-0.0003288970289397307
6963.T,2021-06-25,0.0083919256067135,0.0019793994144299896
6963.T,2022-06-24,0.0088453263208223,0.029860051569195273
6971.T,2018-06-26,0.0079507366123626,-3.316904322959893e-05
6971.T,2019-06-25,0.0094582975064488,0.009774893921167788
6971.T,2020-06-25,0.0082987551867219,-0.0254800975023118
6971.T,2021-06-25,0.008604206500956,0.013618207086351137
6971.T,2022-06-28,0.0086683280962184,-0.023290068315364402
6976.T,2018-06-29,0.0145290581162324,0.14146571057501736
6976.T,2019-06-28,0.0145631067961165,0.12746763102648492
6976.T,2020-06-29,0.0108880571623001,0.0294971662668151
6976.T,2021-06-30,0.0120986505351326,0.022240243635667976
6976.T,2022-06-30,0.0098302055406613,-0.11845542199496618
6981.T,2018-06-28,0.0085015940488841,0.06986805260481306
6981.T,2020-06-26,0.0078095946448493,0.010250937377473719
6981.T,2021-06-29,0.0078212290502793,0.0391622928380641
6981.T,2022-06-29,0.0092557612391386,-0.06120304944475011
7735.T,2018-06-27,0.0118603118822754,-0.029739095335706484
7735.T,2019-06-26,0.0112951807228915,0.1471588082807896
7735.T,2020-06-25,0.0087326943556975,-0.012032257411439103
7735.T,2021-06-25,0.0088783663805859,0.005137662335304362
7735.T,2022-06-27,0.0088860679149476,-0.07571625519405042
7751.T,2018-03-29,0.0075647366889729,-0.02058057021807527
7751.T,2019-03-28,0.008169149447381,0.019214532941617034
7751.T,2020-03-27,0.0078977365249959,-0.037897764635747455
7751.T,2021-03-30,0.0097689674843126,0.039994933126959634
7751.T,2022-03-30,0.0107215299913068,0.02546130539249178
7751.T,2023-03-30,0.0093167701863354,0.004461179207944647
7752.T,2018-06-27,0.0090688600653801,0.023161912528987756
7752.T,2019-06-26,0.0089294380277589,-0.029466188395667427
7752.T,2020-06-29,0.0087322461862177,-0.07515493918789956
7752.T,2021-06-25,0.0094363361852038,-0.07079327977352505
7752.T,2022-06-27,0.0116522649908352,-0.02546702122814567
8035.T,2018-06-19,0.0100269014428955,-0.03388333144184832
8035.T,2019-06-18,0.0114355231143552,-0.028241516994046315
8035.T,2020-06-23,0.0092794759825327,0.1414101988278304
8035.T,2021-06-17,0.0078267675450039,0.0006056765882066009
8035.T,2022-06-21,0.0075700227100681,-0.09622387083652406
7201.T,2018-06-28,0.0088037286380113,0.011949240119093011
7201.T,2019-06-27,0.0084248149093694,-0.006478558615861933
7201.T,2020-07-06,0.0077648363838047,-0.031732775670968875
7201.T,2021-06-29,0.0097447795823665,0.05312172491312152
7201.T,2022-06-30,0.0119588615163836,-0.05944509205625638
7202.T,2018-06-28,0.0096374483708122,-0.011949289913826155
7202.T,2019-06-26,0.0089285714285714,-0.005389648189872325
7202.T,2020-06-29,0.008321331413026,0.004085854931415334
7202.T,2021-06-25,0.0081933064852103,-0.0025088476325222033
7202.T,2022-06-28,0.0085570469798657,-0.07710525391797206
7203.T,2018-06-25,0.0096075997193285,-0.037291472287100995
7203.T,2019-06-21,0.0092951612046528,-0.013994996339313205
7203.T,2020-06-24,0.0090974138812225,0.0065704230341265685
7203.T,2021-06-24,0.0147833723653395,-0.012307110488042483
7203.T,2022-06-23,0.0160140985365106,0.0029237231250656692
7205.T,2018-06-26,0.0078542255733584,0.025982311968125824
7205.T,2019-06-19,0.0074626865671641,0.03198874949849011
7205.T,2020-06-22,0.0077021822849807,-0.04398660597718204
7205.T,2021-06-24,0.0072795901860339,0.057144144304066134
7205.T,2022-06-23,0.0080428954423592,0.010714156876025971
7211.T,2018-06-22,0.0119507908611599,0.0315418236141272
7211.T,2019-06-21,0.0087554721701063,0.008654342963469116
7211.T,2020-06-25,0.0082827167310877,-0.10331644747685552
7211.T,2021-06-24,0.0126811594202898,0.03666715534598296
7211.T,2022-06-24,0.0105263157894736,0.01526216566857487
7261.T,2018-06-27,0.010919540229885,0.02070161223752649
7261.T,2019-06-27,0.0085258525852585,-0.012132534812152691
7261.T,2020-06-25,0.007761053621825,-0.06669181488003462
7261.T,2021-06-25,0.0117101193106495,0.07374379946032888
7261.T,2022-06-27,0.0130074007625028,-0.00865333265925506
7267.T,2018-06-20,0.010132556041363,-0.028717423466458124
7267.T,2019-06-19,0.0088430361090641,0.006137978156999739
7267.T,2020-06-19,0.0091410048622366,0.0026711009070917915
7267.T,2021-06-23,0.0097074379058713,0.00522000856526912
7267.T,2022-06-22,0.0098563968668407,-0.027093688015803714
7269.T,2018-06-28,0.0110928512736236,-0.00698408811474986
7269.T,2019-06-28,0.0121858339680121,0.016560308955029548
7269.T,2020-06-26,0.0126728110599078,-0.0008225249377076596
7269.T,2021-06-25,0.013215859030837,0.051596385516488326
7269.T,2022-06-29,0.0137758296806512,0.0231239255900263
7270.T,2018-06-25,0.0083557147120262,-0.01892625080081297
7270.T,2019-06-24,0.0071963154864709,0.01164299786537
7270.T,2020-06-24,0.0121136822487963,-0.05267590667427476
7270.T,2021-06-24,0.0129243827160493,-0.003433605028430021
7270.T,2022-06-23,0.0137901314371902,-0.03084565356350495
7272.T,2018-03-26,0.0114891736632788,-0.012071108452075542
7272.T,2019-03-28,0.0117716303708063,0.03751719870810162
7272.T,2020-03-26,0.0084893339138006,0.04971027001115648
7272.T,2021-03-25,0.009393506228303,0.027670996640856246
7272.T,2022-03-24,0.0098594120869088,0.0560969132622761
7272.T,2023-03-23,0.0089271222204187,0.01167988870486019
4543.T,2018-06-25,0.0132639355271994,-0.034600692996952426
4543.T,2019-06-24,0.0197476686780032,-0.003963762070148313
4543.T,2020-06-26,0.0178361886881013,0.010465333810461098
4543.T,2021-06-23,0.0194126431060228,-0.014249550080675154
4543.T,2022-06-23,0.0211561382598331,0.03340212222564234
4902.T,2018-06-20,0.0117177097203728,0.008425793354945076
4902.T,2019-06-19,0.0107224917028338,0.04268961289756864
4902.T,2020-07-15,0.0135790494665373,0.030151430382025165
4902.T,2021-06-29,0.014855687606112,-0.025047157876682328
4902.T,2022-06-20,0.0126339357108587,0.01571614085686232
6146.T,2018-06-27,0.0084490042245021,0.010464321261855335
6146.T,2019-06-25,0.0060168471720818,0.08988352888543538
6146.T,2020-06-26,0.0081071554458935,0.05404693553171658
6146.T,2021-06-29,0.006731488406881,-0.044162427277266304
6146.T,2022-06-29,0.0079968012794882,-0.02090876753282412
7731.T,2018-06-28,0.0118424676397686,0.023911805688417144
7731.T,2019-06-27,0.014172335600907,-0.0062802401750295545
7731.T,2020-06-26,0.0105291576673866,-0.052371894499784424
7731.T,2021-06-29,0.0106087395807021,-0.03659334444254182
7731.T,2022-06-29,0.011767852366943,-0.12439099981022633
7733.T,2018-06-26,0.0113151548877759,0.01909993595612535
7733.T,2019-06-25,0.0107655502392344,0.004885136869712198
7733.T,2021-06-21,0.0107562468972364,-0.02239109312978715
7733.T,2022-06-21,0.0127275656516835,-0.013184516988873244
7741.T,2018-06-08,0.0112920168067226,-0.02339945007295048
7741.T,2019-06-07,0.0140331181588548,0.0592911798410306
7741.T,2020-06-23,0.010812390414962,0.01715748153363132
7741.T,2021-06-04,0.0124809741248097,-0.07615595891119609
7741.T,2022-06-03,0.0151057401812688,-0.033483728614071936
9432.T,2018-06-27,0.0087277197295636,-0.04541064011332334
9432.T,2019-06-26,0.0090708506987006,0.011904066709877176
9432.T,2020-06-24,0.00762883387825,0.012943842885789316
9432.T,2021-06-25,0.0088397790055248,0.012681254027732073
9432.T,2022-06-27,0.0068191816981962,0.011675503467584263
9433.T,2018-06-21,0.0089110406283038,0.026539338286763775
9433.T,2019-06-20,0.0087780409641911,0.010124045701379272
9433.T,2020-06-18,0.0073194534808067,-0.0020714636522754866
9433.T,2022-06-23,0.0074316290130796,-0.006875077602657121
9434.T,2019-06-25,0.0054730258014073,-0.008783825302624573
9434.T,2020-06-25,0.0048007980547415,0.001643039287803088
9434.T,2021-06-23,0.0062700391877449,0.02599847838759986
9434.T,2022-06-24,0.0063918601617531,0.004738795793806766
9984.T,2018-06-21,0.0059755642106386,0.004462269173536364
9984.T,2019-06-19,0.0074613031791639,0.02169793089761926
9984.T,2020-06-25,0.0053675712813466,0.011117842309315736
7186.T,2018-06-20,0.0049685810317112,-0.1047527169903694
7186.T,2019-06-20,0.0045126353790613,-0.013021570069113338
7186.T,2020-06-22,0.0054819552306989,-0.014569080304389791
7186.T,2021-06-23,0.0055773110240892,0.01573510202745457
7186.T,2022-06-22,0.0060162793441075,-0.027829686175199875
8304.T,2018-06-28,0.0079629910511148,0.009187739151119322
8304.T,2019-06-26,0.0086865148861646,0.03545773573174169
8304.T,2021-06-25,0.0078594860579551,0.022637405470663303
8304.T,2022-06-23,0.0064635907309358,-0.0034950136386837777
8306.T,2019-06-27,0.0044335728481883,0.004552975979432678
8306.T,2021-06-29,0.0046096225871506,0.0008870697196430087
8306.T,2022-06-27,0.0059590316573556,-0.04330231447427338
8308.T,2018-06-26,0.0048840995426002,-0.021190568445970726
8308.T,2019-06-25,0.0048575364315232,0.01746519683208922
8308.T,2020-06-23,0.0059744540585084,-0.04744813248946379
8308.T,2021-06-25,0.0056449336720293,-0.03378773029280742
8308.T,2022-06-28,0.005560962046434,-0.008655903004638825
8309.T,2018-06-29,0.0049848942598187,0.00955166885412638
8309.T,2020-06-29,0.0056738492923626,-0.005027234703934113
8309.T,2021-06-24,0.0076442858962925,0.01468496306583169
8309.T,2022-06-24,0.0069034143914422,-0.018098444353474328
8316.T,2018-06-28,0.003770197486535,0.018080809788940957
8316.T,2019-06-27,0.0045780426708128,-0.005402352523922625
8316.T,2020-06-26,0.004995361450082,-0.012011176698379878
8316.T,2021-06-29,0.0050251256281407,0.0040883883721266456
8316.T,2022-06-22,0.0051310831395814,-0.009439399850928802
8331.T,2018-06-28,0.0050614605929139,0.0055543570126047916
8331.T,2019-06-27,0.0048215018465326,0.00014761160231259798
8331.T,2021-06-28,0.0043917024855167,-0.015683790193911366
8331.T,2022-06-29,0.0050853614239011,-0.0023436206569306794
8354.T,2018-06-28,0.0061128091136426,0.025003452804301027
8354.T,2019-06-27,0.0059849738953266,0.017370358058959916
8354.T,2020-06-26,0.0045535317636605,-0.013528917680644535
8354.T,2022-06-29,0.0054966125527291,-0.01222717379991315
8411.T,2019-06-24,0.0063115374905326,0.008084382852420923
8411.T,2020-06-26,0.0063506129079899,-0.012753573785491353
8411.T,2022-06-22,0.0069244534349957,-0.01370876563382807
8253.T,2018-06-20,0.01190036900369,-0.024048755502201202
8253.T,2019-06-20,0.0118303194186243,0.021203549186604567
8253.T,2020-06-18,0.0116847248778415,-0.02023234452429288
8253.T,2021-06-23,0.011408393317941,-0.03930838048164517
8253.T,2022-06-22,0.0102154119475904,-0.019293136677406345
8697.T,2018-06-13,0.0130465444287729,0.03445324552431763
8697.T,2019-06-12,0.010978670012547,0.010102749758871323
8697.T,2020-06-16,0.0113706207744314,0.0007046594425062808
8697.T,2021-06-09,0.0116166505324298,-0.009191081213017385
8697.T,2022-06-09,0.0113747156321091,0.02835990301024925
8601.T,2018-06-28,0.0093415869442881,0.05190634493124924
8601.T,2019-06-27,0.0078262786596119,-0.010759779064268093
8601.T,2020-06-26,0.0097453116042912,0.012227958802646408
8601.T,2021-06-24,0.0098023961412789,-0.039644598755498354
8601.T,2022-06-29,0.0096779071525782,-0.006730171533665973
8630.T,2018-06-28,0.0031611182455793,-0.0002142327503526784
8630.T,2019-06-27,0.0028005601120224,0.027256246636908357
8630.T,2020-06-26,0.0035485612898248,0.0027735220209745455
8630.T,2021-06-25,0.003515475735575,-0.009816357706474502
8630.T,2022-06-24,0.0036192823040197,-0.009464103066152247
8725.T,2018-06-25,0.0031958699526765,-0.010128658056545529
8725.T,2019-06-24,0.0032912781130005,-0.03206772426958169
8725.T,2020-06-25,0.0037211885587336,-0.03300077236173804
8725.T,2021-06-28,0.0036439354502863,0.02001799416918961
8725.T,2022-06-27,0.0046550757150869,9.646357139532664e-05
8766.T,2018-06-22,0.0033725187897475,-0.0022842385883603752
8766.T,2019-06-21,0.0024794964714857,-0.03314528757300336
8766.T,2020-06-26,0.0025620637865535,-0.005388952698668487
8766.T,2021-06-25,0.0027133479212253,0.006467712869924781
8766.T,2022-06-24,0.0029195788728656,0.035868042132775
8795.T,2018-06-27,0.0050232964472917,-0.004932826941929027
8795.T,2019-06-26,0.0049757432516482,0.028144229722569733
8795.T,2020-06-25,0.0052055286304074,-0.046850411044764353
8795.T,2021-06-17,0.0051612903225806,0.00032258537199715207
8795.T,2022-06-16,0.0053964300539643,0.10172389566637781
1332.T,2018-06-27,0.0096096096096096,0.02494648334207802
1332.T,2019-06-26,0.0084400465657741,-0.043361265318472134
1332.T,2020-06-25,0.0070459290187891,-0.03768501900036328
1332.T,2021-06-25,0.0073956682514527,-0.004557071593484814
1332.T,2022-06-28,0.0097785447224618,0.0250618992324938
2002.T,2018-06-27,0.013355592654424,-0.03354682480296559
2002.T,2019-06-26,0.0117277486910994,-0.020790064249226636
2002.T,2020-08-28,0.0099041031284389,-0.01382105193356618
2002.T,2021-06-25,0.0110415293342122,-0.009720804404048499
2002.T,2022-06-28,0.0100033909799932,0.034584774700254214
2269.T,2018-06-28,0.0091768631813125,-0.019450814416015764
2269.T,2019-06-27,0.009251471825063,-0.004299547392713227
2269.T,2020-06-26,0.0099741411156261,0.00232242986775511
2269.T,2021-06-29,0.0086358547897009,-0.0014882906566680973
2269.T,2022-06-29,0.0118552732871439,0.03830896389053469
2282.T,2018-06-27,0.0144927536231884,-0.0017227656685188317
2282.T,2019-06-26,0.0149345335515548,-0.019800475609430403
2282.T,2020-06-26,0.0157057243232072,0.00010733812577037177
2282.T,2021-06-25,0.0179514255543822,0.0021804800927842163
2282.T,2022-06-27,0.0140172029308697,0.011756945732714082
2501.T,2018-03-30,0.0132242909344005,0.024696873317264723
2501.T,2019-03-29,0.0135350318471337,-0.044026998745830534
2501.T,2021-03-31,0.0156758957654723,-0.013469261667636259
2501.T,2022-03-31,0.0165495706479313,-0.0030960447220986656
2501.T,2023-03-31,0.0177147918511957,0.024312271995627913
2502.T,2018-03-28,0.016359918200409,0.01593325159768792
2502.T,2019-03-27,0.0203557988368114,0.024516034371167127
2502.T,2020-03-26,0.0212671029149315,0.01498602663591872
2502.T,2021-03-26,0.0204788909892879,0.003182027521497854
2502.T,2022-03-28,0.022530329289428,0.011404924604128307
2502.T,2023-03-29,0.0220994475138121,0.01646464549028055
2503.T,2018-03-29,0.013788098693759,0.01088464807589055
2503.T,2019-03-28,0.0171648987463838,0.017173849860707645
2503.T,2020-03-27,0.0149036125060748,-0.04387836854885643
2503.T,2021-03-30,0.0160104558078745,-0.028494779604399736
2503.T,2022-03-30,0.0176820728291316,0.01528556316782679
2503.T,2023-03-30,0.0181747873163186,0.007647500294450727
2801.T,2018-06-26,0.0076910751482134,0.01087037173398842
2801.T,2019-06-25,0.0059582919563058,0.0165716359048112
2801.T,2020-06-23,0.0056233933161953,0.017646059612258305
2801.T,2021-06-22,0.0094388414791828,0.013072281378079038
2801.T,2022-06-21,0.0103741496598639,0.050489274797243903
2802.T,2018-06-26,0.0092395167022032,-0.007497331455646292
2802.T,2019-06-25,0.0092274678111587,-0.027738639498094343
2802.T,2020-06-24,0.009076923076923,-0.004766285032396022
2802.T,2021-06-23,0.0132508833922261,0.03965100432663816
2802.T,2022-06-23,0.0121222468840703,0.07266694565146502
2871.T,2018-06-26,0.0105237981344176,0.0081392960751164
2871.T,2019-06-25,0.0128735632183908,-0.057437532099680964
2871.T,2020-06-24,0.0095564370717634,-8.128506828751145e-05
2871.T,2021-06-22,0.0114517916512744,0.00643199001203887
2871.T,2022-06-24,0.0094514455151964,0.02021679896716372
2914.T,2018-03-27,0.0101757631822386,0.030125686588786144
2914.T,2020-03-19,0.0168330105764933,-0.02910749335447979
2914.T,2021-03-24,0.0166035537430818,0.039414963358640205
2914.T,2022-03-23,0.017159056997911,0.0033814744961977606
2914.T,2023-03-24,0.0168808747362363,0.012918099210372435
3086.T,2018-05-28,0.0192582025677603,0.005329344768142321
3086.T,2019-05-27,0.0192932187201528,-0.022563267841844526
3086.T,2020-05-29,0.0144956714314475,0.021510956369009942
3086.T,2021-05-28,0.0145307769929364,0.028292529914916112
3086.T,2022-05-27,0.0185933710590137,0.0348466936358329
3092.T,2018-06-27,0.0039181541140618,-0.060029240332071444
3092.T,2019-06-26,0.0024390243902439,0.09516063036599631
3092.T,2020-06-12,0.0034192904972218,0.06730116560202475
3092.T,2021-06-14,0.0046793980017705,-0.05143766812788321
3092.T,2022-06-14,0.0047028644719965,-0.08617550007310568
3099.T,2018-06-18,0.0115792067011579,-0.0018220486600885547
3099.T,2020-06-15,0.0105713000449842,-0.05647744655468339
3099.T,2021-06-25,0.0092896174863387,-0.06180750780130757
3099.T,2022-06-27,0.0120211898940505,0.01013110146068857
3382.T,2018-05-25,0.0114285714285714,0.026845745646410166
3382.T,2019-05-24,0.0151476251604621,0.007403049716973987
3382.T,2020-05-28,0.0152000950005937,0.040771364068587015
3382.T,2021-05-28,0.0124083474337281,-0.017824354902158335
3382.T,2022-05-27,0.0093352828703182,0.02505073801859425
7453.T,2018-05-24,0.0052521008403361,0.0027740667561657398
7453.T,2019-05-23,0.010027662517289,0.002267335891473588
7453.T,2020-05-28,0.0099608680184987,0.045030850926614976
7453.T,2020-11-30,0.012782401902497,-0.11420955515565047
7453.T,2021-11-29,0.0156424581005586,-0.09107728285671934
7453.T,2022-11-24,0.0158465387823186,0.00487464437863435
8233.T,2018-05-24,0.0120746432491767,0.010005081665143117
8233.T,2019-05-23,0.0111216280170373,0.003927169089676837
8233.T,2020-05-21,0.0089100704517198,0.03515034531635568
8233.T,2021-05-27,0.0090412507063477,-0.0018255331836010873
8233.T,2022-05-26,0.0109668755595344,-0.0058738945081065076
8252.T,2018-06-25,0.0124366651312759,0.016637762271413545
8252.T,2019-06-20,0.0126535169333829,-0.04124912759973835
8252.T,2020-08-06,0.0147101240265359,0.11268615087167083
8252.T,2021-06-25,0.015,-0.017846958796885828
8252.T,2022-06-29,0.0161398789509078,-0.02372976086061089
8267.T,2018-05-24,0.0172966047405509,0.02042467873705741
8267.T,2019-05-30,0.0123046225473894,-0.06242800115718702
8267.T,2020-05-25,0.0089692692251139,-0.003912635062521187
8267.T,2021-05-27,0.008610411975096,-0.027227431814114238
8267.T,2022-05-26,0.0128084606345475,0.017397763839133672
9843.T,2018-05-18,0.0063171193935565,-0.014094317678179372
9843.T,2019-05-17,0.0064301024053346,-0.051550167911005806
9843.T,2020-05-15,0.0081727962638645,0.03747092502244971
9843.T,2021-05-14,0.007953216374269,0.00469280386761302
9843.T,2022-05-20,0.0058170280274986,-0.004046472652162902
9983.T,2018-11-30,0.0136354906856155,-0.0038636711519695784
9983.T,2019-11-29,0.0150346954510408,-0.04431332488162067
9983.T,2020-11-27,0.0124284868810416,0.04409027260889036
9983.T,2021-11-26,0.0140284031866989,-0.042730677325929015
9983.T,2022-11-25,0.0155459146782357,-0.030241987724799493
2413.T,2019-06-28,0.0166095438966517,0.028382352180190196
2413.T,2022-06-29,0.0180442374854481,0.08489978961598839
2432.T,2018-06-25,0.0146531100478468,0.01028591601377234
2432.T,2019-06-24,0.0147324113048707,-0.06037628938331099
2432.T,2020-06-22,0.0128325508607198,-0.07092479496704784
2432.T,2021-06-22,0.0137795275590551,0.028936477265406844
2432.T,2022-06-27,0.0155490767735665,0.06421504624187661
3659.T,2018-03-28,0.0136239782016348,-0.06364733451996823
3659.T,2019-03-27,0.0151111111111111,0.006061848756457402
3659.T,2020-03-26,0.014892443463872,0.10575589719124494
3659.T,2021-03-26,0.0168910002639218,0.03771013876258519
3659.T,2022-03-28,0.017599159443131,0.009954063921993942
3659.T,2023-03-27,0.0165952890792291,0.02708787347440758
3697.T,2019-11-28,0.0111883882673117,0.02441493061365007
3697.T,2020-11-27,0.0107858243451463,-0.0004060540353663343
3697.T,2021-11-29,0.009928637914986,-0.1281324578333623
3697.T,2022-11-29,0.0104857693130751,0.06757298099377926
4307.T,2018-06-27,0.0106562703053931,-0.02490898313352823
4307.T,2019-06-25,0.0116731517509727,-0.03853850603975468
4307.T,2020-06-23,0.0099370652533951,0.06703705441298066
4307.T,2021-06-22,0.0135979822348941,0.007487968893695636
4307.T,2022-06-21,0.0138705416116248,-0.03490560896384398
4324.T,2018-03-29,0.0134180790960451,0.032595953076752344
4324.T,2019-03-28,0.0135321100917431,0.0038303005167528584
4324.T,2020-03-27,0.0116624742739538,-0.06917150178695669
4324.T,2021-03-26,0.0110513305220299,-0.08046224584866751
4324.T,2022-03-30,0.0123546511627906,0.014578281569947144
4324.T,2023-03-30,0.0124436148701197,0.006717066917038023
4385.T,2018-09-28,0.0066371681415929,0.07381679827314643
4385.T,2019-09-27,0.0085005100306018,0.027036595337870242
4385.T,2020-09-25,0.0074372482181592,0.016837055428225674
4385.T,2021-09-29,0.0098392915710068,0.07300681320304793
4385.T,2022-09-28,0.0104447439353099,-0.029150993120201793
4661.T,2018-06-28,0.0092359361880772,-0.023254831613075334
4661.T,2019-06-27,0.0087114337568058,0.003647393370383556
4661.T,2020-06-26,0.007626933972543,-0.032721892871632956
4661.T,2021-06-29,0.0068143100511073,-0.02665505115424978
4661.T,2022-06-29,0.0034110289937464,0.01435504835671728
4689.T,2018-06-18,0.0175034546292031,-0.03258134640807821
4689.T,2019-06-17,0.0190217391304347,0.017794896244275098
4689.T,2020-06-22,0.0188405797101449,0.17412208602818624
4689.T,2021-06-17,0.0151650312221231,0.07867200254874372
4689.T,2022-06-16,0.0115354017501988,-0.04345228870303268
4704.T,2018-03-27,0.0056577086280056,0.03949483356826533
4704.T,2019-03-26,0.0090415913200723,0.019858217365628206
4704.T,2020-03-26,0.008182601205857,0.2834155383559831
4704.T,2021-03-25,0.010847730012053,0.005511042688383997
4704.T,2022-03-29,0.0081680280046674,0.018613578009027208
4704.T,2023-03-28,0.0097962382445141,-0.0046688872627188675
4751.T,2018-12-19,0.0102140077821011,-0.09715888195728245
4751.T,2019-12-20,0.0108646446355817,-0.031215573208600404
4751.T,2020-12-15,0.0117381489841986,-0.016999145557000928
4751.T,2021-12-10,0.0141617176793056,0.01966932643291759
4751.T,2022-12-09,0.0133333333333333,-0.072857448921076
4755.T,2018-03-29,0.0165234633179114,-0.02647628847006671
4755.T,2019-03-28,0.0168652612282309,-0.06973375627811736
4755.T,2020-03-27,0.0171364509929532,0.029628748574987505
4755.T,2021-03-30,0.0137031533762588,-0.04590261171919718
4755.T,2022-03-30,0.0113286939634245,0.0009423306513090604
4755.T,2023-03-30,0.0110139293812763,-0.05733976066942015
6098.T,2018-06-20,0.0144358007859491,0.03521634060951866
6098.T,2019-06-20,0.0150178784266984,0.021355161797662437
6098.T,2020-06-30,0.0121559172192083,-0.029788877571666518
6098.T,2021-06-18,0.0148209139563606,-0.00569281175355602
6098.T,2022-06-22,0.0116487455197132,0.02766621993046746
6178.T,2019-06-20,0.0094043887147335,0.004537279382507755
6178.T,2020-06-18,0.0089979235561024,-0.020118575729665453
6178.T,2022-06-20,0.0091609410784926,0.01782754018408291
6532.T,2018-05-31,0.0108005082592121,-0.040706298152786584
6532.T,2019-05-30,0.0113814756671899,-0.0275598935583393
6532.T,2020-05-28,0.0094529364440868,0.06828091624849889
6532.T,2021-05-31,0.0091647573422203,0.07334286026286163
6532.T,2022-05-30,0.0101837502767323,-0.09414595828669667
7974.T,2018-06-29,0.0071403070332024,-0.032282125239488445
7974.T,2019-06-28,0.0056242969628796,0.04274342106921366
7974.T,2020-06-29,0.0061454421304199,-0.0011624651912384553
7974.T,2021-06-30,0.0059259259259259,0.006106562896941828
7974.T,2022-06-30,0.0053667262969588,0.003872245916541734
9602.T,2018-05-30,0.0047337278106508,-0.040220459227842995
9602.T,2019-05-23,0.0060986547085201,-0.00695738923845731
9602.T,2020-05-28,0.006765899864682,0.0007183529324549902
9602.T,2021-05-27,0.0076633690957224,0.02136319743602909
9602.T,2022-05-26,0.0073101844160159,0.0208411925646791
9735.T,2018-06-26,0.0062613051342702,0.026700932545219172
9735.T,2019-06-26,0.0058737151248164,-0.028378657652369483
9735.T,2020-06-25,0.0057100297914597,-0.008345140177621925
9735.T,2021-06-25,0.0057390638949113,0.011557873230867797
9735.T,2022-06-28,0.0054334091483447,0.02915732545805987
9766.T,2018-06-28,0.0083489521213153,-0.048805910616438894
9766.T,2019-06-27,0.0095526561043802,-0.043641208886436286
9766.T,2020-06-29,0.0057082452431289,-0.007593404805688788
9766.T,2021-06-29,0.0108027960177928,-0.08782885092466425
9766.T,2022-06-29,0.010854816824966,-7.073278410050891e-05
1605.T,2018-06-27,0.0061777600637704,0.036760992488615446
1605.T,2019-06-26,0.0059719934102141,0.01867140910959465
1605.T,2020-03-26,0.0059880239520958,0.08034596635276689
1605.T,2021-03-26,0.005162955792191,-0.047880270050713776
1605.T,2022-03-28,0.0052963943776736,-0.006171035230054016
1605.T,2023-03-29,0.0050729232720355,0.03966257083855819
3401.T,2018-06-20,0.0100043497172683,-0.018553156702389575
3401.T,2019-06-20,0.0113455865668255,0.007709616385402419
3401.T,2020-06-19,0.0101873749317809,-0.006843996595949833
3401.T,2021-06-23,0.011479173499508,0.01078263159865757
3401.T,2022-06-22,0.0119897615519331,-0.018137364672010117
3402.T,2018-06-26,0.0098039215686274,0.016545236493336078
3402.T,2019-06-25,0.0091042584434654,0.010353881199404705
3402.T,2020-06-23,0.0089163237311385,-0.020587194936954198
3402.T,2021-06-22,0.0137098090419454,-0.010893293847718144
3402.T,2022-06-23,0.0194174757281553,-0.037883234771080285
3861.T,2018-06-28,0.0090857467348097,0.05781269647739688
3861.T,2019-06-27,0.0094209558823529,-0.008638694803948676
3861.T,2020-06-26,0.008008658008658,-0.047423758483895906
3861.T,2021-06-29,0.0073188582581117,0.010867219038757347
3861.T,2022-06-29,0.0143709327548806,0.018649627271894856
3405.T,2018-03-23,0.0077745383867832,0.0023982274435982477
3405.T,2019-03-27,0.0037468776019983,-0.0009116015964161939
3405.T,2020-03-26,0.0035742652899126,-0.09430860775544628
3405.T,2021-03-25,0.0057822036620623,3.879816674693705e-05
3405.T,2022-03-24,0.0069686411149825,-0.006436408835875896
3405.T,2023-03-29,0.0083333333333333,0.01727860451093084
3407.T,2018-06-27,0.0115403913697942,0.02875266792625357
3407.T,2019-06-25,0.0097013020168496,0.0019055543168827772
3407.T,2020-06-24,0.008876990277582,-0.0063910771765312326
3407.T,2021-06-25,0.0070583746661579,0.01596989230253778
3407.T,2022-06-24,0.0073671965878247,-0.019927031433820134
4004.T,2018-03-29,0.0091836734693877,0.04950670047907963
4004.T,2019-03-28,0.0106621773288439,0.07959953136656567
4004.T,2020-03-26,0.0110368864362474,-0.012285868978129496
4004.T,2021-03-30,0.0085031000885739,-0.02802237231679143
4004.T,2022-03-30,0.0123674911660777,0.017923308871072807
4004.T,2023-03-30,0.0103955375253549,0.022176479237004408
4005.T,2018-06-21,0.0152357422277125,0.0036616777537635085
4005.T,2019-06-21,0.0176699610661874,0.01154829250822064
4005.T,2020-06-24,0.0146438872864433,-0.05901101157049672
4005.T,2021-06-23,0.0157217722725107,-0.011088760135966633
4005.T,2022-06-23,0.0169408298551436,-0.030749894369590525
4021.T,2018-06-27,0.0119500271591526,0.02617979154013868
4021.T,2019-06-26,0.0098814229249011,0.012320569220933858
4021.T,2020-06-25,0.0125922709509335,0.006032490229562412
4021.T,2021-06-25,0.011874469889737,0.015841015419278417
4021.T,2022-06-28,0.0116079105760963,0.029100685758152438
4042.T,2018-06-27,0.0079699953117674,0.0373404358402982
4042.T,2019-06-26,0.0111994219653179,0.04026604852952616
4042.T,2020-06-26,0.0061942517343904,-0.007228578727688933
4042.T,2021-06-25,0.0068916349809885,0.01052095113373506
4042.T,2022-06-24,0.0111132774419964,-0.03519640672707491
4043.T,2018-06-25,0.0106609808102345,-0.005978646481676692
4043.T,2019-06-24,0.0103537532355478,0.10939219851223328
4043.T,2020-06-25,0.0078619785979471,0.027481857583186213
4043.T,2021-06-28,0.0076552930883639,0.00986784912321053
4043.T,2022-06-27,0.0061492790500424,-0.02432184488141529
4061.T,2018-06-21,0.0096026490066225,-0.007637798220893305
4061.T,2019-06-20,0.0088148873653281,0.03339952801904203
4061.T,2020-06-19,0.0063525674960296,0.004171007588219916
4061.T,2021-06-22,0.0073099415204678,-0.01573297958890705
4061.T,2022-06-22,0.0070662768031189,-0.04439410542351821
4063.T,2018-06-29,0.0105011933174224,0.03161951080941057
4063.T,2019-06-28,0.0077554744525547,0.023632952852945664
4063.T,2020-06-29,0.0064469914040114,0.031129916232421333
4063.T,2021-06-30,0.0086336336336336,0.023553583421619978
4063.T,2022-06-30,0.0064420218037661,0.0444264287903358
4183.T,2018-06-26,0.007918025151374,0.03721440480796659
4183.T,2019-06-25,0.0074360499702558,0.014103082617474044
4183.T,2020-06-24,0.0091493924231593,-0.04627341048057561
4183.T,2021-06-25,0.0139135179375255,0.027070981276186522
4183.T,2022-06-24,0.0158610271903323,-0.029203940720690637
4188.T,2018-06-26,0.0222682547902641,0.026420750334541568
4188.T,2019-06-25,0.0223972434161949,0.01424113560277879
4188.T,2020-06-24,0.0148683672077479,-0.05172531463425434
4188.T,2021-06-24,0.015044361579015,-0.009665616993351262
4188.T,2022-06-24,0.0153803519467922,-0.043529280304101574
4208.T,2018-06-28,0.0130174433741213,0.02448363773873572
4208.T,2019-06-27,0.0132978723404255,0.036209454736942204
4208.T,2020-06-26,0.0104534973097617,-0.00916412713012276
4208.T,2021-06-29,0.0133355284820546,-0.005706626850542608
4208.T,2022-06-29,0.0121065375302663,0.006637353163658034
4452.T,2018-03-23,0.0100200400801603,0.04562485839789482
4452.T,2019-03-26,0.0120953397367484,-0.00038786518206262825
4452.T,2020-03-25,0.0099288122892469,0.07201990597502599
4452.T,2021-03-26,0.0107621348561388,0.026873146366309345
4452.T,2022-03-25,0.0101180438448566,0.017147721655030528
4452.T,2023-03-24,0.010107668644254,-0.008453836120540098
4901.T,2018-06-29,0.0096208262591963,0.023430732492486988
4901.T,2019-06-28,0.0106286748077792,-0.002922566586856676
4901.T,2020-06-29,0.0064487102579484,-0.005966773276368297
4901.T,2021-06-30,0.0066417600664176,0.0010671933816151949
4901.T,2022-06-30,0.0064516129032258,0.026997616486614383
4911.T,2018-03-27,0.0059642147117296,0.10313325823241559
4911.T,2019-03-26,0.01218820861678,0.02216855211427368
4911.T,2020-03-25,0.010840108401084,0.006099351929540343
4911.T,2021-03-25,0.0090114324142568,-0.05508277901855486
4911.T,2022-03-25,0.011462081833933,0.03710251081211036
4911.T,2023-03-24,0.0108685197653169,0.025612662893672707
6988.T,2018-06-22,0.0181392627267407,-0.019700080349394907
6988.T,2019-06-21,0.0137724550898203,0.03597079165261104
6988.T,2020-06-19,0.0139897767016411,-0.018654580472110605
6988.T,2021-06-18,0.0120481927710843,0.002011500900009717
6988.T,2022-06-17,0.0136402387041773,-0.026752898498549463
5019.T,2018-06-28,0.0104817947774917,0.12416615517441407
5019.T,2019-06-27,0.009392486011191,-0.01856345923318884
5019.T,2020-06-25,0.0102715877437325,-0.01678177180708904
5019.T,2021-06-23,0.0069191551347414,-0.010253797355693352
5019.T,2022-06-23,0.0079072219293621,-0.06403016541988818
5020.T,2018-06-27,0.0098000784006272,0.04793719600142915
5020.T,2019-06-26,0.0092408044935676,0.033879928866836315
5020.T,2021-06-25,0.0080778410134018,-0.0008430747241474964
5020.T,2022-06-28,0.0098182883939038,-0.007854544415412093
5101.T,2018-03-29,0.017156862745098,0.015108970789328121
5101.T,2019-03-28,0.0203488372093023,0.02798824162867771
5101.T,2020-03-27,0.0217864923747276,0.00906961343713962
5101.T,2021-03-30,0.0207231040564373,0.0024024552602738784
5101.T,2022-03-30,0.0217829770068576,0.0913454338718301
5101.T,2023-03-30,0.0216981132075471,0.03715584270468762
5108.T,2018-03-23,0.0063246661981728,0.008387659832306315
5108.T,2019-03-22,0.0101537568900493,-0.0072989861879497134
5108.T,2020-03-24,0.0094043887147335,-0.010478931703667847
5108.T,2021-03-26,0.0126560917988525,0.03244101357981094
5108.T,2022-03-23,0.0156135642839717,0.00224601274071209
5108.T,2023-03-28,0.0162835249042145,0.021480880956583202
5201.T,2018-03-29,0.011441647597254,0.024667445062504182
5201.T,2019-03-28,0.008130081300813,0.0230058744269222
5201.T,2020-03-27,0.0073295092415551,0.019170735444994605
5201.T,2021-03-30,0.0071623465211459,0.021156621859281542
5201.T,2022-03-30,0.0078740157480314,0.02357513131027354
5201.T,2023-03-30,0.0074582338902147,-0.0005605729184597276
5214.T,2018-03-30,0.0101329955668144,-0.02100910525612828
5214.T,2019-03-29,0.010752688172043,0.0774181654117206
5214.T,2020-03-30,0.0127915726109857,-0.03477703336957422
5214.T,2021-03-31,0.0101975780752071,0.032917367722470364
5214.T,2022-03-31,0.0103092783505154,-0.012023650698507983
5233.T,2018-06-29,0.0067024128686327,-0.02842171619930833
5233.T,2019-06-28,0.0090756302521008,0.0051396884324842644
5233.T,2020-06-29,0.0057755775577557,-0.012263013177039662
5233.T,2021-06-30,0.0059255079006772,0.021121339701158495
5233.T,2022-06-30,0.0075127448349879,-0.009551964820874009
5301.T,2018-03-29,0.0085877862595419,0.060105348093892466
5301.T,2019-03-28,0.0084860828241683,0.04830039933064426
5301.T,2020-03-27,0.0092316855270994,-0.017456456392401513
5301.T,2021-03-30,0.0074550128534704,0.016835768959944094
5301.T,2022-03-30,0.0091047040971168,0.016382052001154244
5301.T,2023-03-30,0.0086455331412103,0.03539804833263287
5332.T,2019-06-25,0.0130133024869866,0.01148251471887899
5332.T,2020-06-24,0.0130374479889043,-0.0293271627171851
5332.T,2021-06-25,0.0123873873873873,-0.011234813097648736
5332.T,2022-06-24,0.0135135135135135,0.04229084907434217
5333.T,2018-06-26,0.0126893164142447,0.009097627729305911
5333.T,2019-06-21,0.0111069974083672,0.03414091401465111
5333.T,2020-06-29,0.0085094702168542,-0.03524723437565421
5333.T,2021-06-28,0.0100755667506297,-0.012587867204795489
5333.T,2022-06-27,0.0112951807228915,-0.005175372941641297
5401.T,2018-06-26,0.012480145223508,0.012591553488392826
5401.T,2019-06-25,0.0138942493245851,0.002829594289147794
5401.T,2020-07-02,0.0091653427838201,-0.0003228482854974943
5401.T,2021-06-23,0.0144369586140519,0.03902289080257157
5401.T,2022-06-23,0.011639185257032,-0.0700336897272102
5406.T,2018-06-21,0.0082412060301507,-0.07698229566463345
5406.T,2019-06-20,0.0071263482280431,0.0030052211131869925
5406.T,2020-06-24,0.0099667774086378,-0.1292576351990969
5406.T,2021-06-23,0.0112615462482601,0.0155705340827267
5406.T,2022-06-22,0.0130494505494505,-0.09216171047610713
5411.T,2018-06-21,0.017149984409105,-0.03943717214393294
5411.T,2019-06-21,0.0188356164383561,0.04227763539128115
5411.T,2020-06-19,0.020098730606488,-0.027564877625947993
5411.T,2021-06-25,0.0210812648758925,0.027581013749869775
5411.T,2022-06-24,0.0257527733755942,-0.013815277131490276
3436.T,2018-03-28,0.0085978835978835,-0.06541507036441911
3436.T,2019-03-28,0.0091911764705882,0.05454407926275032
3436.T,2020-03-26,0.00912894636744,0.16181735151162974
3436.T,2021-03-25,0.0106735369893264,-0.009464650462134998
3436.T,2022-03-29,0.0093537414965986,0.03816684631670692
3436.T,2023-03-29,0.0107671601615074,0.0004101207470591662
5706.T,2018-06-28,0.0064415815193247,-0.0339152776817395
5706.T,2019-06-27,0.0067911714770797,-0.03188788181365999
5706.T,2020-06-26,0.0065189048239895,-0.014784581086458477
5706.T,2021-06-29,0.0065063091482649,0.01311435169075247
5706.T,2022-06-29,0.006902321690023,-0.016234558941763837
5711.T,2018-06-22,0.0094420600858369,0.00822369155592968
5711.T,2019-06-21,0.0086021505376344,0.04161369165151396
5711.T,2020-06-30,0.0081768625075711,-0.033082919680221895
5711.T,2021-06-24,0.0083426028921023,0.03630983166128648
5711.T,2022-06-28,0.0104956268221574,-0.011347007226914707
5713.T,2018-06-26,0.0096878363832077,0.0028753452109477524
5713.T,2019-06-25,0.0092031425364758,0.046786794047530667
5713.T,2020-06-26,0.0110138378988986,0.02121951417887984
5713.T,2021-06-25,0.0090287277701778,-0.019465993424156912
5713.T,2022-06-24,0.0096205237840726,-0.10190203687032022
5714.T,2018-06-26,0.010518679724338,0.0023962369712583025
5714.T,2019-06-25,0.0094600830641439,-0.006853662842259854
5714.T,2020-07-15,0.0099090318388564,-0.010660630973434938
5714.T,2021-06-24,0.010387811634349,0.00700874412175196
5714.T,2022-06-24,0.0102680125304559,-0.01974095112172291
5801.T,2018-06-22,0.0135084427767354,-0.00544205606637437
5801.T,2019-06-27,0.0153760134190662,0.04855518924160737
5801.T,2020-06-23,0.012094064949608,-0.03506040033617924
5801.T,2021-06-24,0.0091402456441016,0.002781603641125733
5801.T,2022-06-21,0.0191787558396852,-0.03297334614880778
5802.T,2018-06-27,0.0107050572166851,0.016409758968038046
5802.T,2019-06-21,0.0113014947138169,0.018428121325111922
5802.T,2020-06-25,0.0088070456365092,-0.011415634827407293
5802.T,2021-06-25,0.0106540396567031,-0.007448936360970831
5802.T,2022-06-24,0.0106348694811472,-0.005677646952094025
5803.T,2018-06-29,0.0134048257372654,0.010543320824413258
5803.T,2019-06-27,0.0094235033259423,0.030358011000298637
5803.T,2020-08-17,0.0098916627414036,-0.05443731449140575
5803.T,2021-06-30,0.008412787436904,0.07948861950202678
5803.T,2022-06-29,0.0091690544412607,-0.08324075212216958
2768.T,2018-06-19,0.0116920361791308,0.01335809625707762
2768.T,2019-06-20,0.0100225507391631,-0.00029525503064694995
2768.T,2020-06-18,0.0082734935997502,-0.02807838217419733
2768.T,2021-06-18,0.007496800146279,-0.02585149457963834
2768.T,2022-06-17,0.0061752988047808,-0.0967248824101596
8001.T,2018-06-22,0.0081759463657918,-0.03875156891590928
8001.T,2019-06-21,0.0063390065995137,0.01879240626729608
8001.T,2020-06-19,0.0066487123379902,-0.01936638769384478
8001.T,2021-06-18,0.0062664397338697,0.0024260627596601313
8002.T,2018-06-22,0.0096747289407839,-0.012028138102958372
8002.T,2019-06-21,0.008610086100861,0.008433480631204719
8002.T,2020-06-19,0.0107949790794979,-0.04220872303579844
8002.T,2021-06-24,0.0148828372387587,0.0083671200806765
8002.T,2022-06-24,0.0129160063391442,-0.052369755894229215
8015.T,2018-06-21,0.015299026425591,-0.01280938933152127
8015.T,2019-06-25,0.0117149365440937,-0.011493136592342669
8015.T,2020-06-23,0.0097412480974124,-0.03343447528158203
8015.T,2021-06-24,0.0122212037885731,-0.030193572345259313
8015.T,2022-06-24,0.0122607655502392,-0.04433724253827254
8031.T,2018-06-21,0.007033204842091,-0.02806742494513522
8031.T,2019-06-20,0.0061741098991562,0.0013765924664238503
8031.T,2020-06-19,0.0057491915199425,-0.04577710613294604
8031.T,2021-06-18,0.0062648961525366,-0.020443617690414008
8031.T,2022-06-22,0.0067897165458141,-0.10915802168090495
8053.T,2018-06-22,0.0115551694178974,-0.022334822561733362
8053.T,2019-06-21,0.0097863171125875,0.009295734097362236
8053.T,2020-06-19,0.0102206736353077,-0.01459880107217824
8053.T,2021-06-18,0.0080958190085394,-0.007534768373815882
8053.T,2022-06-24,0.0089363557105492,-0.0009914933506749764
8058.T,2018-06-22,0.0103408251556399,0.007684276243127184
8058.T,2019-06-21,0.007679017085813,-0.011187057686168119
8058.T,2020-06-19,0.0076795663303719,-0.05625440896249914
8058.T,2021-06-25,0.0089884216940889,0.012423478062449943
8058.T,2022-06-24,0.0086741016109045,-0.07841038792617284
1721.T,2018-06-26,0.0108384458077709,-0.00691624426063037
1721.T,2019-06-25,0.0106007067137809,0.004355073004470108
1721.T,2020-06-26,0.0118929633300297,0.04729925650175917
1721.T,2021-06-29,0.011330861145447,-0.005768011481922605
1721.T,2022-06-29,0.0101135190918472,0.006046825529951865
1801.T,2018-06-29,0.0060919890344197,0.021380380851348586
1801.T,2019-06-27,0.0051003060183611,0.005194316050076064
1801.T,2020-06-25,0.0056424724288279,0.0007107173936306702
1801.T,2021-06-28,0.0051400668208686,0.015069676648157749
1801.T,2022-06-29,0.0053272450532724,0.01432572231139682
1802.T,2018-06-27,0.0055617352614015,-0.014720377924791264
1802.T,2019-06-26,0.005166475315729,-0.0015856459078210311
1802.T,2020-06-25,0.0047021943573667,-0.009229141572101512
1802.T,2021-06-25,0.0055452865064695,-0.015757052264698646
1802.T,2022-06-24,0.0049725202826485,-0.007404249795815183
1803.T,2018-06-28,0.0086890819795995,0.020316023007673184
1803.T,2019-06-27,0.0091961852861035,-0.005301627461888047
1803.T,2020-06-26,0.010024383635871,-0.007473320535836166
1803.T,2021-06-29,0.0104859335038363,0.0010326667663791474
1803.T,2022-06-29,0.0111413716266402,0.005865031233183722
1808.T,2018-06-28,0.0059900166389351,-0.005244045212884041
1808.T,2019-06-27,0.0048966267682263,0.008258363149632868
1808.T,2021-06-29,0.0048465266558966,0.020791634704104486
1808.T,2022-06-29,0.0058580289455547,-0.007072167017316704
1812.T,2018-06-27,0.008078335373317,-0.020860139400300168
1812.T,2019-06-26,0.0091063108852181,-0.01468966376846315
1812.T,2020-06-26,0.0093872674517835,0.012935932879269328
1812.T,2021-06-28,0.0097589826999852,-0.03677946956341149
1812.T,2022-06-29,0.0098743267504488,0.018433448506513763
1925.T,2018-06-28,0.0093032462391132,0.0351010050963358
1925.T,2019-06-25,0.0099729898192395,-0.05862700142470141
1925.T,2020-06-26,0.012569130216189,-0.03757237288155272
1925.T,2021-06-29,0.0110294117647058,0.007600318646136895
1925.T,2022-06-29,0.0129446735065682,0.01350281962781327
1928.T,2018-04-27,0.008827238335435,0.012983380307891456
1928.T,2019-04-26,0.010484668644906,0.01373299696233599
1928.T,2020-04-24,0.011517077045274,0.034052206879576316
1928.T,2021-04-28,0.0101975780752071,-0.008144595122375125
1928.T,2022-04-27,0.0118160334484639,-0.009249196439894632
1963.T,2018-06-28,0.0032725572697522,0.0243565636880626
1963.T,2019-06-27,0.0049134800256355,0.04578665946051127
1963.T,2020-06-26,0.0065172468605945,-0.004825373508294789
1963.T,2021-06-29,0.005965697240865,0.011806932050670184
1963.T,2022-06-29,0.0075452716297786,0.0001898081570922399
5631.T,2018-06-28,0.0111675126903553,0.027729104022274062
5631.T,2019-06-25,0.0077968367119625,0.0023764035529490815
5631.T,2020-06-30,0.0087907375643224,-0.015008808979485252
5631.T,2021-06-21,0.008019246190858,-0.009869815190236853
5631.T,2022-06-24,0.0069524913093858,-0.01613682638648333
6103.T,2018-06-26,0.0120957788200444,0.016305658457238185
6103.T,2019-06-21,0.0127276717138468,0.02501496537337479
6103.T,2020-06-19,0.0112294288480154,-0.007808556105015197
6103.T,2021-06-23,0.0130651182082123,-0.026268275125946105
6103.T,2022-06-23,0.0148440435926343,-0.06312233830083878
6113.T,2018-06-27,0.0063243106501391,0.019083403942683062
6113.T,2019-06-26,0.011120615911035,0.009410824466812934
6113.T,2020-06-25,0.0084656084656084,-0.027215277413576194
6113.T,2021-06-25,0.0131738954195379,-0.001319423590776558
6113.T,2022-06-28,0.0117035110533159,-0.017224208000795934
6273.T,2018-06-27,0.0078204692281536,0.006986711824512921
6273.T,2019-06-27,0.0064683053040103,0.03295052151938037
6273.T,2020-06-26,0.006263701847792,0.016555789895475
6273.T,2021-06-29,0.0075187969924812,0.0012845877499083214
6273.T,2022-06-29,0.0083798882681564,0.008197362834446234
6301.T,2018-06-18,0.0070122714750813,-0.06565996210334579
6301.T,2019-06-17,0.0074266617155588,0.024724548117231827
6301.T,2020-06-29,0.00631629126445,0.02627231121697852
6301.T,2021-06-17,0.0072084641320776,-0.0687146360562077
6301.T,2022-06-20,0.0066785396260017,-0.10607066889010222
6302.T,2018-06-28,0.0092555331991951,0.041957687181375894
6302.T,2019-06-27,0.0088888888888888,0.03191259215175807
6302.T,2020-07-31,0.0105708245243128,-0.027071223340534575
6302.T,2021-06-29,0.0101123595505617,0.044020722234253865
6302.T,2022-06-29,0.0110871573760394,-0.04161150262202058
6302.T,2023-03-30,0.0094129303938568,0.012316486961483904
6305.T,2018-06-26,0.0156599552572706,0.017852275039121977
6305.T,2019-06-25,0.0146771037181996,-0.009534008237811009
6305.T,2020-07-21,0.0135906496330524,-0.03574186699678062
6305.T,2021-06-29,0.0148644709997085,-0.028864891589173186
6305.T,2022-06-28,0.0141878669275929,-0.061972504482109975
6326.T,2018-03-23,0.0117302052785923,0.022651712977209547
6326.T,2019-03-22,0.0103092783505154,0.039910528783576496
6326.T,2020-03-19,0.0101851851851851,-0.04091522110591871
6326.T,2021-03-19,0.008780487804878,-0.045049003805443404
6326.T,2022-03-18,0.0111940298507462,0.020157903005750048
6326.T,2023-03-24,0.0108330220395965,-0.012744742363239428
6361.T,2018-03-29,0.0076009501187648,-0.004382266403056525
6361.T,2019-03-29,0.0073544027032399,0.056824017351287184
6361.T,2020-03-30,0.0074291300097751,0.06109426516372581
6361.T,2021-03-29,0.0100856327307326,0.04694588053787191
6361.T,2022-03-30,0.0125169657668526,-0.02009418921926315
6361.T,2023-03-30,0.0136792452830188,0.00791978474082701
6367.T,2018-06-28,0.0093795093795093,-0.01952178377129372
6367.T,2019-06-27,0.007502679528403,0.02967345383310354
6367.T,2020-06-26,0.0091306073838824,0.08036107206482625
6367.T,2021-06-29,0.0101588474325821,-0.003484041934660464
6367.T,2022-06-29,0.0138786084381939,0.05868736346805554
6471.T,2018-06-22,0.0137174211248285,0.004581474641253327
6471.T,2019-06-25,0.0083333333333333,0.04343588131390968
6471.T,2020-06-30,0.0126201923076923,-0.010398758000232988
6471.T,2021-06-25,0.0142240284480568,-0.03790189022940264
6471.T,2022-06-28,0.0165118679050567,-0.023497308085889367
6472.T,2018-06-27,0.0090600226500566,0.05165981469231547
6472.T,2019-06-28,0.0086340491476643,0.008908621641643986
6472.T,2020-07-31,0.0080119247251723,-0.11635873087951254
6472.T,2021-06-28,0.0074808303721713,-0.01738451853653572
6472.T,2022-06-22,0.0084214298512811,-0.08261671521455258
6473.T,2018-06-27,0.0148148148148148,0.013665150422988635
6473.T,2019-06-26,0.0161395856052344,0.05021051320102857
6473.T,2020-06-25,0.0117685518143184,0.021957393929533733
6473.T,2021-06-25,0.0126768867924528,-0.012052619226871498
6473.T,2022-06-28,0.0155747836835599,-0.0340381800749172
7004.T,2018-06-27,0.0139713587146349,0.031540766862183454
7004.T,2019-06-26,0.0158339197748064,0.06944309501875534
7004.T,2020-06-24,0.0142935678944474,-0.0158743477486866
7004.T,2022-06-23,0.01270468661773,-0.0195866871971764
7011.T,2018-06-21,0.0094968680541523,-0.01640579723542497
7011.T,2019-06-27,0.0126416023641438,-0.03587334057923843
7011.T,2020-06-26,0.0095364238410596,-0.039314749958356376
7011.T,2021-06-29,0.010406582768635,-0.016636209499532983
7011.T,2022-06-29,0.0134048257372654,0.030575529839205445
7013.T,2018-06-22,0.0096662830840046,-0.019843628084198817
7013.T,2019-06-20,0.0091761827079934,-0.00015066059827302178
7013.T,2020-06-25,0.0108730412535976,-0.0021983118876747754
7013.T,2021-06-24,0.0135740811883723,-0.030407660955470987
7013.T,2022-06-23,0.0138476755687438,-0.0711175293251406
7012.T,2018-06-27,0.0095066803699897,0.01351425718362569
7012.T,2019-06-26,0.0113285272914521,-0.0034749351758423114
7012.T,2020-06-25,0.008323654665118,-0.07147633905496734
7012.T,2021-06-25,0.0089917734838339,0.004359495011446848
7012.T,2022-06-24,0.0125968992248062,-0.03385072465738288
7832.T,2018-06-18,0.0123361603700848,0.04743486633789408
7832.T,2019-06-24,0.0137408197109689,-0.052888141552995295
7832.T,2020-06-22,0.0119124972926142,-0.0386703704518839
7832.T,2021-06-21,0.0085714285714285,-0.039802394003358124
7832.T,2022-06-20,0.0130188679245283,0.012938178765075472
7911.T,2018-06-28,0.0101844205890448,-0.0009005832290122535
7911.T,2019-06-27,0.0096099491237987,-0.00680255160804041
7911.T,2020-07-21,0.0090670484371271,-0.04947111715476621
7911.T,2021-06-29,0.0065374737333644,0.002000541365131246
7911.T,2022-06-29,0.0109215017064846,-0.05035178699391934
7912.T,2018-06-28,0.007959972708665,-0.006112955890447181
7912.T,2019-06-27,0.0080645161290322,-0.03605712886490981
7912.T,2020-06-26,0.010441767068273,-0.009002211955614313
7912.T,2021-06-29,0.0089250297500991,-0.0007091498849781976
7912.T,2022-06-29,0.009126737191454,-0.04004385800747168
7951.T,2018-06-26,0.0092755076460265,0.0014897080378395103
7951.T,2019-06-25,0.006769070554543,-0.0008435216318592696
7951.T,2020-06-30,0.009927797833935,-0.0043960421174849915
7951.T,2021-06-25,0.0128273650454302,-0.016910744198253877
7951.T,2022-06-23,0.0154420921544209,0.03263418027617849
3289.T,2018-06-27,0.0144563167818981,-0.0013403802027485007
3289.T,2019-06-26,0.0133492727634987,-0.051333030298307256
3289.T,2020-06-25,0.0102497473653818,-0.03410497664173226
3289.T,2021-06-25,0.0100982155208189,-0.06898033179258534
3289.T,2022-06-28,0.0102379634753735,0.008019803932298218
8801.T,2018-06-28,0.0069881201956673,-0.0009594067186860504
8801.T,2019-06-27,0.0096586178184845,-0.0438530899580277
8801.T,2020-06-26,0.0096253516955427,-0.07505864893097222
8801.T,2021-06-29,0.0091830272324255,-0.03189730824087168
8801.T,2022-06-29,0.0104430379746835,-0.023734630361854143
8802.T,2018-06-28,0.0210864084345633,-0.012527390395298111
8802.T,2019-06-27,0.0207394048692515,-0.04103142222387849
8802.T,2020-06-26,0.0161314413741598,-0.020715371751266892
8802.T,2021-06-29,0.0138811771238201,-0.043971924498315905
8802.T,2022-06-29,0.0153504342557059,-0.02653342274102012
8804.T,2018-03-28,0.010482180293501,0.0026235403614634266
8804.T,2019-03-27,0.0198412698412698,0.023470530927733855
8804.T,2020-03-25,0.0175934652843229,0.026907727928056895
8804.T,2021-03-25,0.0172878311629995,-0.0023941657845838807
8804.T,2022-03-29,0.0192307692307692,0.025693316420957145
8804.T,2023-03-29,0.0210007778065854,0.025174449294113548
8830.T,2018-06-29,0.0206331260599208,0.0024079698867746652
8830.T,2019-06-28,0.0175438596491228,-0.022388310509051428
8830.T,2020-06-29,0.0142678347934918,-0.008176358632132206
8830.T,2021-06-30,0.0123755716976055,-0.023738046805343353
8830.T,2022-06-30,0.0145765267655189,-0.036975286560683975
9001.T,2018-06-22,0.0131122252217508,-0.02390822365464691
9001.T,2019-06-21,0.01248293348937,-5.849078535277892e-05
9001.T,2020-06-23,0.0114777618364418,0.013571426861700186
9001.T,2021-06-23,0.0100058858151854,-0.04863984878263268
9001.T,2022-06-23,0.0134128166915052,-0.006601496484806974
9005.T,2018-06-28,0.0120831319478008,-0.036967608638263844
9005.T,2019-06-27,0.0133180252583237,0.0010888571172777556
9005.T,2020-06-26,0.0116745713243341,-0.0238942347125341
9005.T,2021-06-29,0.0111652456354039,-0.01565870520623756
9005.T,2022-06-29,0.0138912707940318,0.006521268605339714
9007.T,2018-06-28,0.0137770241627808,-0.02234250966465114
9007.T,2019-06-27,0.0115579099446183,-0.015549673123946147
9007.T,2020-06-26,0.0123541523678792,0.019252423843712084
9007.T,2021-06-29,0.0098866650590788,-0.028476359134973782
9007.T,2022-06-29,0.0131453154875717,-0.008413535805344494
9008.T,2018-06-28,0.011868877166541,-0.02190541234387974
9008.T,2019-06-27,0.0114146706586826,-0.02764906375891262
9008.T,2020-06-26,0.0109482606392371,0.012139891551516842
9008.T,2021-06-29,0.009430894308943,-0.030278292686169765
9008.T,2022-06-29,0.0110462363894587,0.015157260134867422
9009.T,2018-06-28,0.0158127767235926,-0.026892526659276373
9009.T,2019-06-27,0.0177095631641086,-0.019843273461983956
9009.T,2020-06-26,0.0101411811493338,0.018262510829652762
9009.T,2021-06-29,0.0084903706771588,-0.042441935448328395
9009.T,2022-06-29,0.0106496272630457,-0.01579387720999882
9020.T,2018-06-22,0.008386531480786,-0.01461101635823319
9020.T,2019-06-21,0.0093028597680027,-0.01762613716385833
9020.T,2020-06-23,0.0076871336600365,-0.045024872832940446
9020.T,2021-06-22,0.0073153622607475,-0.022591575579278045
9020.T,2022-06-22,0.0075264702130373,0.004598687951991694
9021.T,2018-06-22,0.009886121887123,0.036188579325488655
9021.T,2019-06-21,0.0114871541501976,-0.004202492768975236
9021.T,2020-06-24,0.0108466405543838,-0.021135536334811397
9021.T,2021-06-24,0.0068580542264752,-0.018787819078771365
9021.T,2022-06-24,0.0097481722177091,0.035899611106587626
9022.T,2018-06-22,0.0094964664310954,-0.009374409147946888
9022.T,2019-06-21,0.0114997604216578,-0.038301964726515876
9022.T,2020-06-23,0.0112813963388676,-0.019414038737958828
9022.T,2021-06-23,0.0084951456310679,-0.031160875349084793
9022.T,2022-06-23,0.011047619047619,-0.014671230399741702
9064.T,2018-06-22,0.0116202297636339,-0.03129511357988603
9064.T,2019-06-21,0.011113949923352,-0.02214074321252587
9064.T,2021-06-18,0.0128755364806866,0.043204021080113376
9064.T,2022-06-17,0.0120645248746102,0.02027128445817745
9101.T,2018-06-20,0.0106672244300355,-0.03909574662253652
9101.T,2019-06-19,0.0079720007777561,0.017241134577360005
9101.T,2020-06-29,0.0079051383399209,-0.03941001642668495
9101.T,2021-06-18,0.0083064926258687,0.049445699053141466
9104.T,2018-06-26,0.0106965174129353,-0.003509034946566015
9104.T,2019-06-25,0.0092759598041741,0.0646743420646658
9104.T,2020-06-23,0.0068991950939057,-0.042006972181136734
9104.T,2021-06-22,0.0094948727687049,0.004488505756332594
9104.T,2022-06-21,0.0100836730315382,-0.06974221948082188
9107.T,2018-06-21,0.0110803324099723,-0.04614801585144318
9107.T,2019-06-21,0.0078771965259543,0.08762274249782386
9107.T,2020-06-23,0.011472275334608,-0.024425291595529423
9107.T,2021-06-23,0.0108913091798177,0.04480922754485471
9107.T,2022-06-23,0.0120279047389944,-0.018720868128413524
9201.T,2018-06-20,0.0121130551816958,-0.037538671862368
9201.T,2019-06-19,0.0098833981121599,-0.023624802849497042
9201.T,2021-06-18,0.0118292205248726,-0.052451285636324216
9201.T,2022-06-22,0.0131252868288205,0.04296448961527301
9202.T,2018-06-29,0.0097131582941265,-0.008949423225511274
9202.T,2019-06-24,0.0115307486631016,-0.01821238299301975
9202.T,2020-07-17,0.0081313775510204,-0.03514255579769871
9202.T,2021-06-30,0.0100344935716525,0.022409011211300508
9501.T,2018-06-28,0.0128317293671624,0.031061862498181658
9501.T,2019-06-27,0.0118793786171184,-0.05475272644403573
9501.T,2020-06-26,0.0054435234442657,-0.04255557109335892
9501.T,2021-06-30,0.0051375538614517,-0.00515216545894537
9501.T,2022-06-29,0.0054366292898402,0.32727022256771987
9502.T,2018-06-28,0.0056573275862068,0.003737432091103386
9502.T,2019-06-27,0.0048437878420925,-0.05477401372993167
9502.T,2020-06-26,0.0059077482390365,-0.03647535000555441
9502.T,2021-06-28,0.0103448275862068,-0.015904031247975705
9502.T,2022-06-29,0.0074262263044752,0.06084555643290879
9503.T,2018-06-28,0.0058856502242152,0.01839880891269974
9503.T,2019-06-21,0.0047281323877068,-0.028212634985049296
9503.T,2020-06-26,0.0018243419338024,0.02972969719112243
9503.T,2021-06-28,0.0030864197530864,-0.011473289728547402
9503.T,2022-06-29,0.0077461269365317,0.0299724452314935
9531.T,2018-06-28,0.0067298868155399,0.013458745224168268
9531.T,2019-06-27,0.0078566505858028,-0.02342272474615418
9531.T,2020-06-26,0.0074055158324821,0.015327577587574123
9531.T,2021-06-29,0.0078192875760208,-0.009226993667209558
9531.T,2022-06-29,0.0097922848664688,-0.0337432060618681
9532.T,2018-06-29,0.0083583369052721,0.03540953466606854
9532.T,2019-06-24,0.0068337129840546,-0.00023927397859674696
9532.T,2020-06-29,0.0067898310437391,-0.019956255351670532
9532.T,2021-06-28,0.0088739893512127,-0.027585194241555866
9532.T,2022-06-28,0.0094880847308031,-0.013807782968357864
