Ticker,filing_date,alpha,beta
4151.T,2018-03-16,0.001826552761167198,1.16228272584024
4519.T,2018-03-22,0.0012818698956454481,1.2075786544508638
3405.T,2018-03-23,-0.0013733928088608314,1.2436807732992254
4452.T,2018-03-23,0.0015969644075366598,0.8885210938613688
5108.T,2018-03-23,-0.0008374306237498869,0.9734846651838118
6326.T,2018-03-23,-0.0008187054501321237,1.0119202758308894
7272.T,2018-03-26,-0.0002458791805411247,1.0877718256826696
2914.T,2018-03-27,-0.0018837264994564808,0.47820392221836927
4704.T,2018-03-27,0.0005372444437777742,1.4447541325420579
4911.T,2018-03-27,0.0034794876467268963,0.7159113114683692
2502.T,2018-03-28,0.0015830893180329613,0.8639269265491045
3436.T,2018-03-28,0.004462708496305192,1.3248349917137712
3659.T,2018-03-28,0.002942006154062302,0.671344106770478
8804.T,2018-03-28,0.0014069480941030195,0.8201946173597143
2503.T,2018-03-29,8.23406788776431e-05,1.0482795000400145
4004.T,2018-03-29,0.0035697057880846633,1.2925320358727077
4324.T,2018-03-29,-0.00011388564852498356,0.5720161471807919
4755.T,2018-03-29,-0.0024066144938435048,0.5446319370883071
5101.T,2018-03-29,0.0008452418513617348,1.234632381768765
5201.T,2018-03-29,3.9617549181814645e-05,1.2513960360061043
5301.T,2018-03-29,0.005736456274188011,1.0379175869761825
6361.T,2018-03-29,7.174570626890546e-05,1.3849371524288219
6723.T,2018-03-29,-0.0002662429791072912,1.1245389784952937
7751.T,2018-03-29,0.00039200797481288004,0.8246711874583253
2501.T,2018-03-30,-0.00017747669536109767,0.8017024993678724
4578.T,2018-03-30,0.0016171380313900925,0.7385167271606998
5214.T,2018-03-30,-0.003234994375076802,1.4906292840535758
1928.T,2018-04-27,-0.00037249115413556046,0.8872019770888496
9843.T,2018-05-18,0.0012267591015108152,0.25022927585945226
7453.T,2018-05-24,0.0009966343578790187,0.6921826518206327
8233.T,2018-05-24,-0.0007698297972465801,0.7575540501590575
8267.T,2018-05-24,0.0022552207822696866,0.7468771151455844
3382.T,2018-05-25,0.0008343713298996051,0.5776369024148591
3086.T,2018-05-28,0.00027619347436787196,1.0400245187719541
6506.T,2018-05-30,-0.0012796262567464707,1.4836342056908502
9602.T,2018-05-30,0.00018201092888609706,0.9576091766621881
6532.T,2018-05-31,0.0046735677449499325,1.4096838696765668
7741.T,2018-06-08,0.0012689058363294942,1.0590694826789557
8697.T,2018-06-13,0.0006846286858075634,0.9487675873751402
6861.T,2018-06-14,0.0008326037509158049,1.1647967564394517
4503.T,2018-06-15,0.0016374200757611193,0.7257436735136781
3099.T,2018-06-18,0.0002170494855477698,1.0122699810136688
4568.T,2018-06-18,0.003335345952615999,0.8301788013449157
4689.T,2018-06-18,-0.0019501071150831361,0.6296434974400151
6301.T,2018-06-18,-3.737200892323252e-06,1.3836495346509619
7832.T,2018-06-18,0.0017162910489202775,0.7406253272909815
2768.T,2018-06-19,0.00287664438764191,0.9717630926066244
4506.T,2018-06-19,0.0028591293961463295,0.798038757253561
6758.T,2018-06-19,0.00046872864341882117,1.0003721969684483
8035.T,2018-06-19,0.0001952611017829812,1.3252468960848556
3401.T,2018-06-20,-0.0011207539522020346,0.9442514154625975
4507.T,2018-06-20,-0.000778520336967211,1.2096758329916535
4523.T,2018-06-20,0.0016877793324084054,0.953605130321548
4902.T,2018-06-20,-2.3430926113224016e-05,0.9654020714819584
6098.T,2018-06-20,0.0011754864473289945,1.302574697455105
6645.T,2018-06-20,-0.000464264841801504,1.4517917815014258
6902.T,2018-06-20,-0.00101294285750072,1.1934119806608623
7186.T,2018-06-20,-0.0006821717721322942,1.3440539456479057
7267.T,2018-06-20,-0.00028112392680489334,1.1050453761994574
8253.T,2018-06-20,-0.00031683684283803854,1.3058684317794909
9101.T,2018-06-20,-0.0010319956645273222,1.1144794295765603
9201.T,2018-06-20,-0.0003160759335338048,0.45509598332987855
4005.T,2018-06-21,-0.0017204299765398489,1.3822301382032953
4061.T,2018-06-21,4.3792816620136005e-05,1.408507348721581
5406.T,2018-06-21,0.0014524052833834755,1.0618408789263305
5411.T,2018-06-21,-0.0008256714663876109,1.0349434311606196
6594.T,2018-06-21,0.0012084887687858789,1.1479055950640156
6753.T,2018-06-21,-0.0016271794731389543,0.9763304364775918
7011.T,2018-06-21,0.0004308268265589604,0.887107898018893
8015.T,2018-06-21,-0.0005568987730241455,1.4812222632975012
8031.T,2018-06-21,0.0014186767503891586,0.8958340277580328
9107.T,2018-06-21,-0.0014052853314915597,0.5687104577901811
9433.T,2018-06-21,0.0008502991864561119,0.7480814564446929
9984.T,2018-06-21,-0.0006947744723980782,1.0971661405185178
5711.T,2018-06-22,-0.0018288337966938613,1.0170570808749004
5801.T,2018-06-22,-0.0017481840282880187,1.2837413822732293
6471.T,2018-06-22,-0.0023760812871708612,1.5253059322246425
6770.T,2018-06-22,-0.001833900892371826,1.0430847726247197
6988.T,2018-06-22,-0.0010553084881991812,1.21276233154581
7013.T,2018-06-22,0.0013168842141755871,0.8998015875799322
7211.T,2018-06-22,0.0007770278787391693,0.8160555966184856
8001.T,2018-06-22,0.0005480976381543993,0.9418544814397088
8002.T,2018-06-22,0.001043582913855166,0.8791492992034599
8053.T,2018-06-22,0.00038659061956245643,1.017022546912096
8058.T,2018-06-22,0.0006240433902193243,1.0145055815408903
8766.T,2018-06-22,0.0007443507009450184,0.9491448796139714
9001.T,2018-06-22,-0.00037904619738973375,0.8136520551780958
9020.T,2018-06-22,1.266869214325934e-06,0.6622155797746547
9021.T,2018-06-22,-0.00011707865829026427,0.5442195934990557
9022.T,2018-06-22,0.0013771347447293389,0.7015804567912279
9064.T,2018-06-22,0.003442765447210754,0.4686082363648738
2432.T,2018-06-25,-0.00035296801529570855,0.9369477701941187
4043.T,2018-06-25,0.001956780291504092,1.6357621368502768
4543.T,2018-06-25,0.0022889753004069987,1.1392193066625451
6701.T,2018-06-25,0.0001914129601963915,0.5059872666243261
6702.T,2018-06-25,-0.0011443502738567402,0.7346262825005524
7203.T,2018-06-25,0.000221055321007316,0.9781008923286613
7270.T,2018-06-25,0.0002210568429027792,0.6510698841693606
8252.T,2018-06-25,0.0017339616430317873,1.0357689782155493
8725.T,2018-06-25,-0.00029310475153087066,0.7556022481775402
1721.T,2018-06-26,-0.0005675262913452783,1.106778480699456
2801.T,2018-06-26,0.0012974730350597725,1.240231415385233
2802.T,2018-06-26,6.427156936457396e-05,0.619015272379912
2871.T,2018-06-26,-0.00022569691724528429,1.0405156423548536
3402.T,2018-06-26,-0.001147828224715535,0.801378252141261
4183.T,2018-06-26,-0.0006866748548199943,1.0428261004621688
4188.T,2018-06-26,-0.0014571952156454385,1.1957467901066938
5333.T,2018-06-26,0.00015191481957778182,1.1423179873533642
5401.T,2018-06-26,-0.0013888888843034334,1.0360013132972896
5713.T,2018-06-26,-0.0007183101159996064,1.1914394967617752
5714.T,2018-06-26,-0.0016043435896027185,1.1422267500993104
6103.T,2018-06-26,-0.0009659032946518522,1.6305772392793452
6305.T,2018-06-26,0.0008521898243572297,1.3810458580505642
6504.T,2018-06-26,0.00014764478908286898,1.5481932131669247
6841.T,2018-06-26,-0.0002197143928984466,1.510655253764827
6971.T,2018-06-26,-0.0004638872064360776,1.2932533551226089
7205.T,2018-06-26,-0.0010317955282032184,1.1498757473836785
7733.T,2018-06-26,-0.0007750343673504035,0.9791435071525606
7951.T,2018-06-26,0.003942690674040272,1.034491209829809
8308.T,2018-06-26,-0.000463586468992574,1.002404161190523
9104.T,2018-06-26,-0.0018595598626173755,0.9942191131695921
9735.T,2018-06-26,8.064855322148523e-05,1.0499596184185123
1332.T,2018-06-27,-0.0008659746482017351,0.7850595328384802
1605.T,2018-06-27,-0.0007628883629340442,1.1369685143430177
1802.T,2018-06-27,-0.0013960774051403266,1.0985941392091527
1812.T,2018-06-27,-0.0012146706743386077,1.045922285454693
2002.T,2018-06-27,0.00045029950058028353,0.9544971248816927
2282.T,2018-06-27,-0.0015079454230359514,0.7188665406723749
3092.T,2018-06-27,0.0016148827454835848,1.3375251999588589
3289.T,2018-06-27,0.0004363818316363108,1.0865000821786897
3407.T,2018-06-27,0.0008575142451957906,1.1864946023049485
4021.T,2018-06-27,0.0022012370082722787,1.446021124825366
4042.T,2018-06-27,-0.0020926242848339177,1.3156405476904907
4307.T,2018-06-27,0.000922168185326298,1.1504603816892918
5020.T,2018-06-27,6.715301133245247e-05,1.1706190346438041
5802.T,2018-06-27,-0.000627687057818992,1.2487799616635245
6113.T,2018-06-27,-0.001715038806982603,1.44548063279386
6146.T,2018-06-27,-0.001089560547964243,1.2514803684081965
6273.T,2018-06-27,-5.814019861266422e-06,1.6208288371836865
6472.T,2018-06-27,-0.0008557637979996307,1.2241660623563753
6473.T,2018-06-27,-0.0008952410461798023,1.5584246342797758
7004.T,2018-06-27,0.00017606426383933905,0.8317227979827637
7012.T,2018-06-27,-0.0010301941237388142,1.3287296625201028
7261.T,2018-06-27,-0.0004492903907213319,0.7109414317501267
7735.T,2018-06-27,0.0007564180950755006,1.2729573950435673
7752.T,2018-06-27,-0.00010587145654603449,0.9004708587590233
8795.T,2018-06-27,-0.00044984318469140714,1.1035174970074073
9432.T,2018-06-27,0.00015731082787402627,0.6533975126633841
1803.T,2018-06-28,-0.00022995395407697164,1.0598748440850394
1808.T,2018-06-28,0.00013229036181214277,1.161252727595092
1925.T,2018-06-28,-0.0003217569756837848,1.2322640908199332
1963.T,2018-06-28,0.0012939587553355226,1.2468505093151447
2269.T,2018-06-28,-4.851247355403194e-06,0.6415439289809691
3861.T,2018-06-28,0.0001567333240879274,1.0977542294967388
4208.T,2018-06-28,-7.478461533303344e-05,0.8751576613858432
4502.T,2018-06-28,-0.0029336351614161716,0.9276176582828377
4661.T,2018-06-28,0.0011294572338581923,0.8075062023293704
5019.T,2018-06-28,-0.0012207191124520482,1.433949816086842
5631.T,2018-06-28,-0.0008323770306849743,1.2832962868810573
5706.T,2018-06-28,-0.0022739792194609596,1.3754886291984056
6302.T,2018-06-28,-0.0014323135402309634,1.2263238967032486
6367.T,2018-06-28,0.00017507215122298045,1.4453358278905293
6479.T,2018-06-28,-0.0006100432618026851,1.4377291555961662
6503.T,2018-06-28,-0.0012053719616898447,1.2183904605741318
6674.T,2018-06-28,-0.0001653038965361133,1.0559203630141163
6762.T,2018-06-28,0.0017465923454424654,1.4310784896866258
6857.T,2018-06-28,0.002760056481152408,0.9807544366036381
6952.T,2018-06-28,0.000952400159025027,0.9348270000253649
6963.T,2018-06-28,-0.001418285722856055,1.3926798391994284
6981.T,2018-06-28,0.001160503248462407,0.8383856606739495
7201.T,2018-06-28,6.685261424647186e-05,0.559283291247594
7202.T,2018-06-28,-0.0018587307506368676,1.2281938879207246
7269.T,2018-06-28,4.0351043527809226e-05,0.8275136686985252
7731.T,2018-06-28,-0.0019182849275501325,1.033039843333544
7911.T,2018-06-28,-0.0007684265472057963,1.0498917565853072
7912.T,2018-06-28,-6.0661240705869185e-05,1.0643425062615257
8304.T,2018-06-28,0.00027723203889763536,0.7056153649730624
8316.T,2018-06-28,-0.00010706413477734898,0.9437681980015016
8331.T,2018-06-28,-0.00037648509446410686,1.2651105823178577
8354.T,2018-06-28,-3.9508411359635864e-05,1.2341608032653006
8601.T,2018-06-28,-0.0003748622929342152,0.97352145095399
8630.T,2018-06-28,0.0014070126722558504,0.948287915313736
8801.T,2018-06-28,0.0014773409905146223,1.1518422759642541
8802.T,2018-06-28,0.0007167817689851985,1.1703850277872943
9005.T,2018-06-28,0.0010878957218366713,0.6868713479642906
9007.T,2018-06-28,0.00017365155293002857,0.7526752114265355
9008.T,2018-06-28,0.0005678301300281807,0.7899729939229957
9009.T,2018-06-28,0.0006652537641007686,1.0685487194579548
9501.T,2018-06-28,0.0020682333292132427,1.046471338966606
9502.T,2018-06-28,0.00226907224875855,0.5791870219377963
9503.T,2018-06-28,0.0018587369332312927,0.7395137171684383
9531.T,2018-06-28,0.0018937437553085295,0.8358440816989278
9766.T,2018-06-28,-0.0013393085443111057,1.1804624565535924
1801.T,2018-06-29,0.0014268939640954287,0.996567116981067
4063.T,2018-06-29,0.0002675626579009868,1.4512212429058313
4901.T,2018-06-29,-0.00016410626037021634,1.3128455122296216
5233.T,2018-06-29,-0.001324458647013866,1.1693063964569124
5803.T,2018-06-29,-0.0017279103367712338,1.6636262201001697
6501.T,2018-06-29,-0.000412345243555131,1.1564750421163446
6752.T,2018-06-29,-0.00032227143991147645,1.1037735842340257
6954.T,2018-06-29,-0.0007432976049750469,1.3836940530445032
6976.T,2018-06-29,0.004345569768011846,1.26904562404972
7974.T,2018-06-29,0.0010315828759361518,0.8503559265637918
8309.T,2018-06-29,0.0007114897189957436,0.8615931154641917
8830.T,2018-06-29,0.0015432754309367678,1.094927111972144
9202.T,2018-06-29,-0.00027466628344961135,0.5330204704414049
9532.T,2018-06-29,0.001236230091950993,0.7701889132131601
6920.T,2018-09-27,0.0005238312714688199,1.1695884037909203
9983.T,2018-11-30,0.002590068443018592,0.8084507509511287
4751.T,2018-12-19,-0.0016903003365332835,1.636697349959783
4151.T,2019-03-14,0.0013053771661809901,0.8453312364155282
5108.T,2019-03-22,0.0013720777632789487,0.760062179971955
6326.T,2019-03-22,-0.00017022144525434416,1.2073820688684205
4452.T,2019-03-26,0.0011687245582411685,1.0302527375517638
4704.T,2019-03-26,-0.0009461976558605466,1.163047323843945
4911.T,2019-03-26,0.0007673024763473237,1.2801061767439221
2502.T,2019-03-27,0.0010463664942300314,0.9200963320695998
3405.T,2019-03-27,0.00035489448908363743,1.011800021972669
3659.T,2019-03-27,0.0031928590346437112,1.3874219050363295
8804.T,2019-03-27,0.0008161784300717583,0.9605731777650459
2503.T,2019-03-28,-0.00014176188255704309,1.0656414182828184
3436.T,2019-03-28,0.0015349509568368448,1.7914994847596406
4004.T,2019-03-28,-0.0008162309309357888,1.7115625905911103
4324.T,2019-03-28,0.00042637896229686257,1.0617943692886622
4519.T,2019-03-28,0.0017326822888936648,0.8469219835885515
4755.T,2019-03-28,0.0014219057622729438,1.0996786982179032
5101.T,2019-03-28,0.0007844017891347978,1.112799406851679
5201.T,2019-03-28,-0.0009968849829905834,0.8854773847391466
5301.T,2019-03-28,-0.0009754216726034646,1.5740313384323505
6723.T,2019-03-28,0.0013100198783224611,1.9724064566638602
7272.T,2019-03-28,-0.0009816833083023636,1.2536577042944113
7751.T,2019-03-28,1.793483346141506e-05,0.7222335849784807
2501.T,2019-03-29,0.0014716002124475645,0.8545679386281584
4578.T,2019-03-29,-0.0004151237648455095,1.1107839527659868
5214.T,2019-03-29,0.0001778500458666861,1.1190236400656293
6361.T,2019-03-29,-0.0001785167076971553,1.346654354405971
1928.T,2019-04-26,0.001571815808346525,0.6896368150558867
9843.T,2019-05-17,-0.000287521026832923,0.7051255446776904
7453.T,2019-05-23,-0.002265051548880075,1.1853379102530588
8233.T,2019-05-23,-0.003285541520678591,0.7441621537853103
9602.T,2019-05-23,0.0017868324419263162,0.5830790693244338
3382.T,2019-05-24,-0.0023836415653574862,0.5463128703302751
3086.T,2019-05-27,-0.0015242820045493985,1.0493194001650803
6506.T,2019-05-29,0.002902580242526958,1.7827313514544156
6532.T,2019-05-30,0.005656952898983464,1.727952472801497
8267.T,2019-05-30,-0.002509734726160558,1.0118747797913112
7741.T,2019-06-07,0.0022027306876782576,1.151281219337712
8697.T,2019-06-12,-0.0003040845457894258,0.896927304657366
4568.T,2019-06-17,0.0033624674134920406,1.15733770142367
4689.T,2019-06-17,0.00042170044749359535,0.6231160114032692
6301.T,2019-06-17,-0.00012882138339103945,1.4429429911685459
6861.T,2019-06-17,0.001564372818862394,1.1915275899950295
4503.T,2019-06-18,-0.0004955206316198422,1.147073242790601
4507.T,2019-06-18,-0.0002762122780507323,0.9093903922084331
6758.T,2019-06-18,0.00023925373116819298,1.043480344220476
8035.T,2019-06-18,0.0016604483892717807,1.3552596378854314
4902.T,2019-06-19,0.0003789817013045393,0.8137735262887805
6501.T,2019-06-19,0.0018354391845882478,1.2770954378261272
6594.T,2019-06-19,0.0009796531766655828,1.3542925779852049
6645.T,2019-06-19,0.0027374472513967945,1.6891101727273514
7205.T,2019-06-19,-0.001443147330479918,1.0447353804031607
7267.T,2019-06-19,-0.00021236430725071498,1.0019477799703502
9101.T,2019-06-19,-0.0005065985711526846,0.9437399985200766
9201.T,2019-06-19,-0.000768066557847427,0.4943558123677398
9984.T,2019-06-19,0.0024271285805274137,1.12018581103389
2768.T,2019-06-20,-0.0007330759260030695,0.9903671295290388
3401.T,2019-06-20,0.00012126562101414192,0.8553669911837178
4061.T,2019-06-20,0.00019013537491453715,1.3217418252486826
4506.T,2019-06-20,-0.0036402245687172613,0.967175543496404
4523.T,2019-06-20,-0.0032708755743596726,0.7628540014088326
5406.T,2019-06-20,-0.0015581346631487727,1.1104401398420054
6098.T,2019-06-20,0.0021013866680411734,1.3041339505506473
6178.T,2019-06-20,-0.0003571072103418919,0.4329106646156584
7013.T,2019-06-20,-0.0024722623398580716,1.485273276991538
7186.T,2019-06-20,-0.0005619494439051397,1.1372848348842801
8031.T,2019-06-20,0.00022734996159360363,1.0441065578132898
8252.T,2019-06-20,0.0005770658684622359,0.7901138322754016
8253.T,2019-06-20,-0.0011541265783139335,0.8869270884239738
9433.T,2019-06-20,0.0008277423827058621,0.5121586007693122
4005.T,2019-06-21,-0.0007914888330315343,1.2148615432160912
5333.T,2019-06-21,7.593747813759886e-05,1.0234632675900228
5411.T,2019-06-21,-0.001240382661176829,1.0043603187158587
5711.T,2019-06-21,-0.0004015097518356581,0.9246207098356609
5802.T,2019-06-21,-0.0006589396424347776,1.1052315489606486
6103.T,2019-06-21,0.00104734881188798,1.234227681165532
6770.T,2019-06-21,-0.002164527703386601,1.2094380756501988
6988.T,2019-06-21,-0.0005814470952117602,1.0314482313988562
7203.T,2019-06-21,-5.526891350044936e-06,0.8964035150639833
7211.T,2019-06-21,-0.0024384807247999456,1.2985550382342486
8001.T,2019-06-21,0.0006027443667843631,0.8984784894673963
8002.T,2019-06-21,-0.0010708682547210223,1.3364532760494687
8053.T,2019-06-21,4.294368012797606e-05,1.0326307295425412
8058.T,2019-06-21,-0.0004400033693067448,0.9202867302131966
8766.T,2019-06-21,0.0006983782748201003,0.7519666578497078
9001.T,2019-06-21,0.0008332645551730874,0.8327667497939435
9020.T,2019-06-21,0.0007436442054513067,0.8547884395174338
9021.T,2019-06-21,0.0013805272124596364,0.6362886229374676
9022.T,2019-06-21,0.0003222710749743176,0.7889423907509435
9064.T,2019-06-21,-0.0023749738019142722,0.8707977455912209
9107.T,2019-06-21,-0.0012915130418165647,1.403797060489279
9503.T,2019-06-21,-0.002258163579737431,0.5936699684133477
2432.T,2019-06-24,0.0013926573416397576,0.45540945248294556
4043.T,2019-06-24,0.00035605324611305306,1.2542712094905488
4543.T,2019-06-24,0.0003440058786061297,0.9436824324419549
6701.T,2019-06-24,0.0017577816866019016,0.6445106802311497
6702.T,2019-06-24,0.0008630867112552804,0.8741400669951632
7270.T,2019-06-24,0.001389628795978621,1.188299488428435
7832.T,2019-06-24,0.0019461186428974388,0.8706948023439672
8411.T,2019-06-24,-0.0009621829533192749,0.5567860423574462
8725.T,2019-06-24,0.0010445204109252432,0.6083540201649661
9202.T,2019-06-24,-0.0002876129324835829,0.5997055078203798
9532.T,2019-06-24,-0.0004162450388053981,0.7627491382933687
1721.T,2019-06-25,-0.00010673217606762736,0.8488660525182782
1925.T,2019-06-25,-0.0002981120502873926,0.9369694061599195
2801.T,2019-06-25,-0.0020052486037967897,1.0397890775413974
2802.T,2019-06-25,4.743390868387429e-05,0.7224732307162339
2871.T,2019-06-25,-0.0010906997068038118,0.4443208516332701
3402.T,2019-06-25,-0.0004476184443236355,1.055127214481649
3407.T,2019-06-25,0.000515271839004796,1.262983346473756
4183.T,2019-06-25,-0.00039523567900614826,1.260510022519547
4188.T,2019-06-25,-0.0010337676434911591,1.1728901850049074
4307.T,2019-06-25,0.0018051992109728847,0.9902157342692693
5332.T,2019-06-25,0.0006403469307134354,0.9859858961764709
5401.T,2019-06-25,-0.0005074649789573058,0.9180653522574623
5631.T,2019-06-25,-0.0008388074826184241,1.6405730081925833
5713.T,2019-06-25,-0.0004548362122194845,1.3430169852565252
5714.T,2019-06-25,-5.509251271845703e-05,0.8405563902947901
6146.T,2019-06-25,0.0018562583801489416,1.5969500948438078
6305.T,2019-06-25,0.0003534476194746556,1.4573844591097018
6471.T,2019-06-25,-0.0003637846750007421,1.1998697795645512
6504.T,2019-06-25,0.0011250198799822061,1.539125614229427
6841.T,2019-06-25,0.0009164756317035353,1.303648990244832
6971.T,2019-06-25,0.002108377500433034,0.9693776214390625
7733.T,2019-06-25,0.005604050569895313,1.0329893777140948
7951.T,2019-06-25,0.00025973927396881464,1.0906630563831048
8015.T,2019-06-25,-0.00038962417901981377,1.2108237855977204
8308.T,2019-06-25,-0.0012857507459477465,0.7741395688109707
9104.T,2019-06-25,-0.00048273769291134317,1.3496827665098758
9434.T,2019-06-25,0.0015728604218520506,0.3128585979693904
1332.T,2019-06-26,0.00041205212528969186,0.5811806477475934
1605.T,2019-06-26,-0.0006422439070430828,1.0508823198476327
1802.T,2019-06-26,-0.00015922077190611158,0.986336088510974
1812.T,2019-06-26,0.00012767041125641545,1.113056273357168
2002.T,2019-06-26,0.001308394348583065,0.8811274643792915
2282.T,2019-06-26,0.0007569701392150404,0.6246534723337982
3092.T,2019-06-26,-0.0014252408044168972,1.4041493068437727
3289.T,2019-06-26,0.0013270531961211334,0.9393948208948788
4021.T,2019-06-26,-0.00258052076047753,0.8451980506075529
4042.T,2019-06-26,-2.8974729797849794e-05,1.1843794623097688
5020.T,2019-06-26,-0.0005911028778751455,1.1402893279815727
6113.T,2019-06-26,0.0012708760556175047,1.2682391096694936
6473.T,2019-06-26,-0.0005071300942623546,1.435242502784094
6753.T,2019-06-26,-0.0008795894518357951,2.1248103302248467
6902.T,2019-06-26,-0.0011901719393168201,1.1220328966351412
7004.T,2019-06-26,0.0010168429151529935,0.9341350782535994
7012.T,2019-06-26,0.0002096852190552024,1.338802352758677
7202.T,2019-06-26,-0.002126319693818627,1.3940598201062988
7735.T,2019-06-26,-0.0014340269576639249,1.6500134839417027
7752.T,2019-06-26,-0.00012458679385151717,0.8484789358700404
8304.T,2019-06-26,-0.0022992505533393427,0.8539985160186374
8795.T,2019-06-26,-0.0016068571783329356,1.300910083484518
9432.T,2019-06-26,0.001050004017643621,0.5135628177442537
9735.T,2019-06-26,0.00041781355855974377,0.6056800155957095
1801.T,2019-06-27,-0.0012480683003334753,0.9000187811539863
1803.T,2019-06-27,0.0002936178361961463,0.9191168570512009
1808.T,2019-06-27,-0.0001933475752902645,1.0355027554675638
1963.T,2019-06-27,5.984455284762421e-06,1.7964170662061993
2269.T,2019-06-27,-0.0013568029541991254,0.6235953152000829
3861.T,2019-06-27,-9.150568507563019e-05,0.8775864928909842
4208.T,2019-06-27,-0.00027655681723280575,1.3603132584308169
4502.T,2019-06-27,0.00014753258184787828,0.8731186956761009
4661.T,2019-06-27,0.0016923149348161287,0.6974106040191942
5019.T,2019-06-27,-0.0009252549663971124,1.4976400133549939
5706.T,2019-06-27,0.0004699788341265532,1.6333311582519032
5801.T,2019-06-27,0.0011435679531431944,1.5455044468139525
5803.T,2019-06-27,-0.0015295939122298076,1.4622448642134362
6273.T,2019-06-27,0.0009707610030526407,1.4035988823078775
6302.T,2019-06-27,9.79363143572456e-05,1.335085893521715
6367.T,2019-06-27,0.0013334257906170756,1.281091855085735
6479.T,2019-06-27,0.0005558758779119993,1.4992696322174222
6503.T,2019-06-27,0.0013330329546121886,1.2551990449023807
6674.T,2019-06-27,-0.0015811881545673187,1.3340150541509703
6724.T,2019-06-27,0.0007129539361335789,0.8117540467513966
6762.T,2019-06-27,0.0004683304155674763,1.242616275586923
6857.T,2019-06-27,0.0024180008843903288,1.213026597821935
6952.T,2019-06-27,-0.0007505290842532761,0.9515962389157371
6963.T,2019-06-27,0.00013407830066592175,1.3882487291339567
7011.T,2019-06-27,0.0017197612523117923,0.6086645209314081
7201.T,2019-06-27,-0.0012023818748068452,0.7697843584964087
7261.T,2019-06-27,-0.00035572177410785717,1.0867942139950255
7731.T,2019-06-27,-0.0004646435347212676,1.3016452917838377
7911.T,2019-06-27,-4.000079526457266e-05,0.9873854883855054
7912.T,2019-06-27,0.00037025042368676333,0.894301308792267
8306.T,2019-06-27,-0.0007081385008182753,0.8252448376610612
8316.T,2019-06-27,0.0003884337943620905,0.7913423195060597
8331.T,2019-06-27,-0.0012591527614216724,1.0125338857216526
8354.T,2019-06-27,-0.001559630257080791,1.1581077624849379
8601.T,2019-06-27,-0.0017787069088597402,0.91848463625022
8630.T,2019-06-27,0.0011289280779569469,0.8385464674348866
8801.T,2019-06-27,0.00017314083029517432,0.8891714595942063
8802.T,2019-06-27,0.001193852879288753,0.8413736018155368
9005.T,2019-06-27,0.0007426484100419594,0.6967928807567138
9007.T,2019-06-27,0.001103253663704831,0.6876560317205991
9008.T,2019-06-27,0.0013942935372317853,0.5580441722512276
9009.T,2019-06-27,0.001756006473982284,0.8071040627289366
9501.T,2019-06-27,-0.001958571290582492,0.6468181237110343
9502.T,2019-06-27,-0.000779985247007675,0.7530632634445702
9531.T,2019-06-27,-0.00040558619050661286,0.5238250969200708
9766.T,2019-06-27,0.0012406428494307952,0.7327530891526786
2413.T,2019-06-28,0.0033665511026630037,1.3308180361000512
4063.T,2019-06-28,0.0005595811119125953,1.1097244847554608
4901.T,2019-06-28,0.0019875974374915168,0.7890229396480756
5233.T,2019-06-28,-0.0003469121894694174,0.8987032472022669
6472.T,2019-06-28,-0.0008970593359109439,1.4401142763787793
6752.T,2019-06-28,-0.0011222158695609545,1.250002312403427
6954.T,2019-06-28,0.0012630378586998515,1.1382756153054048
6976.T,2019-06-28,0.001999208575623508,2.025683121382869
7269.T,2019-06-28,-0.0006438721315931261,0.8569281776347739
7974.T,2019-06-28,0.0031409144488833704,1.1654492508782932
8830.T,2019-06-28,-4.96605181113331e-05,0.5393555063857748
4385.T,2019-09-27,-0.0019069253443763628,1.3372473966446148
6920.T,2019-09-30,0.0041507182383225694,1.8587327412453356
3697.T,2019-11-28,-0.0007077810574465556,1.5176590734970064
9983.T,2019-11-29,0.00023511181279483028,0.4302222951993591
4751.T,2019-12-20,-0.0007721884738836238,0.6521539556728218
4151.T,2020-03-12,0.002573975848713021,0.7077605565536197
2914.T,2020-03-19,-0.00023416708207781093,0.6322826479316148
6326.T,2020-03-19,-0.0009302574973924522,1.3839051049694135
5108.T,2020-03-24,-0.0009276312831976992,0.8577925055092415
4452.T,2020-03-25,0.00027145216925336825,0.6015255508484862
4911.T,2020-03-25,-0.0023036442121427978,0.8450321885245712
8804.T,2020-03-25,0.0010726316052335767,0.7386331081464386
1605.T,2020-03-26,2.536879842598937e-05,1.0169996552049525
2502.T,2020-03-26,-0.001716276184306212,0.8453353143959463
3405.T,2020-03-26,-0.0010157255367170249,1.4324898535688593
3436.T,2020-03-26,0.0024371502847475883,1.3840948546799814
3659.T,2020-03-26,0.0032727960473936555,0.5947240516515839
4004.T,2020-03-26,-0.0010104891605424021,1.1265076224687403
4704.T,2020-03-26,0.0013358812215819112,0.6833284570856551
7272.T,2020-03-26,-0.00016390194676870628,1.3693679667565297
2503.T,2020-03-27,-6.720610216020894e-05,0.9257777190294884
4324.T,2020-03-27,-0.0021518284423567378,1.2554030464400117
4755.T,2020-03-27,-0.0006839802970487885,0.6470191475058017
5101.T,2020-03-27,-0.0010387929815354364,1.2140622299183186
5201.T,2020-03-27,0.00019293170367795334,1.2966372731420894
5301.T,2020-03-27,-0.0004870595551195421,0.7246019858638912
6723.T,2020-03-27,0.000714202298247382,1.9345319610921106
7751.T,2020-03-27,0.00025193966271200817,0.7519967018691329
4519.T,2020-03-30,0.0039213964593227246,0.6445411264475593
4578.T,2020-03-30,-0.0004331627817297461,1.322221081374496
5214.T,2020-03-30,-0.0016753044257538463,1.1916789030883537
6361.T,2020-03-30,0.0001715317590127674,1.3229676295687034
1928.T,2020-04-24,-0.0006715705850464822,0.9905972282829254
9843.T,2020-05-15,0.0007003039242359132,0.7267738689836574
8233.T,2020-05-21,-0.001966867887164529,0.79681979769237
8267.T,2020-05-25,0.0014993566424244353,0.8829850413994268
3382.T,2020-05-28,1.1219812219489828e-05,0.6608184467869505
6506.T,2020-05-28,0.0004114565559426571,1.3622668555818953
6532.T,2020-05-28,0.004622177547542855,1.5190297841955045
7453.T,2020-05-28,-0.005161369696018657,1.0946922380537076
9602.T,2020-05-28,-0.001143990377983691,0.7424602044811963
3086.T,2020-05-29,-0.0024381240930897025,1.0895291864032894
3092.T,2020-06-12,0.0018149892997033983,1.136061863249016
3099.T,2020-06-15,-0.0019763771200898574,1.0726800870905047
4568.T,2020-06-15,0.00358733299839903,1.0796147674440573
6861.T,2020-06-15,0.0014850507941444016,0.8074382791102832
8697.T,2020-06-16,0.0021434752281827415,0.5798800397863796
2768.T,2020-06-18,-0.0017391026640931847,1.1789508691474058
4503.T,2020-06-18,0.0009107831749858064,0.9556830711864875
6178.T,2020-06-18,-0.001703003158154937,0.8703561039197001
6594.T,2020-06-18,0.00010387340747009888,1.1956713399904415
8253.T,2020-06-18,-0.0026385467811768063,1.1234702139867823
9433.T,2020-06-18,0.0009928267688388934,0.7007087938424469
3401.T,2020-06-19,-0.0005372267847240789,0.8746206776481196
4061.T,2020-06-19,0.00010205865961513088,1.188390073659524
4523.T,2020-06-19,0.0010208660226034521,0.9306935419579312
5411.T,2020-06-19,-0.004584542598780826,1.5025110335103926
6103.T,2020-06-19,-0.0003684762348480147,1.5228517569306101
6902.T,2020-06-19,-0.0007804113212979632,1.082168633930517
6988.T,2020-06-19,0.00047155550888920467,1.0384208591449435
7267.T,2020-06-19,0.00032013309343772783,1.3664902519252127
8001.T,2020-06-19,0.000402907804998688,0.9695320177350235
8002.T,2020-06-19,-0.002956600513126466,1.2552932173007472
8031.T,2020-06-19,-0.00018715702505569414,1.1062249003877198
8053.T,2020-06-19,-0.0013081441729988895,1.0402313544196922
8058.T,2020-06-19,-0.0003966028207619031,0.8661630784435816
2432.T,2020-06-22,-0.0002919765128483583,0.7303924370378336
4689.T,2020-06-22,0.0027903082549913995,1.0804532130656688
6702.T,2020-06-22,0.0022418382635976146,1.0191457585857426
7186.T,2020-06-22,-0.0015357331131625076,1.1508358678631077
7205.T,2020-06-22,-0.0028323954590805255,1.420171522441337
7832.T,2020-06-22,0.0005813574709222576,0.9549507901552609
2801.T,2020-06-23,0.0013104730582243775,1.2142108783153995
3402.T,2020-06-23,-0.0015611281997128521,1.30965442148658
4307.T,2020-06-23,0.002795175856995982,0.9907452763672757
4506.T,2020-06-23,-0.0019992915219236777,1.1954753097548056
5801.T,2020-06-23,0.0009888223979721432,1.1448752328737777
6762.T,2020-06-23,-0.00025150019416451887,1.3786774945327867
7741.T,2020-06-23,0.000738467596960686,0.8410217421847127
8015.T,2020-06-23,-0.001722248246814725,1.555466644832027
8035.T,2020-06-23,0.0015049811189327942,1.2553998997191451
8308.T,2020-06-23,-0.001382428528627394,1.0750407846888599
9001.T,2020-06-23,0.0006795172360143987,0.8303525089486183
9020.T,2020-06-23,-0.00014827783065384122,0.8766630785069145
9022.T,2020-06-23,-0.00011097414127389407,0.9898147723314038
9104.T,2020-06-23,-0.0016211945467020906,1.5511152842303126
9107.T,2020-06-23,-0.00177770076016632,1.7987655770919144
2802.T,2020-06-24,0.0008130384102156869,0.7099538604694089
2871.T,2020-06-24,0.0019270302611618818,0.4161144882566611
3407.T,2020-06-24,-0.0019926221827866715,1.2816670844408857
4005.T,2020-06-24,-0.0019147609047833953,1.3410996486345197
4183.T,2020-06-24,-0.0004000060212427108,1.0958019627291278
4188.T,2020-06-24,-0.0011664258661025029,0.890636888624869
4502.T,2020-06-24,0.0009360967904081628,1.044103825640166
4507.T,2020-06-24,-5.518302774329116e-05,0.8588302001584736
5332.T,2020-06-24,0.000695096946269533,1.2950290161618176
5406.T,2020-06-24,-0.0016004766059903904,1.5277772417465403
6645.T,2020-06-24,0.0022786781870497413,1.1318838987493456
6701.T,2020-06-24,0.002435539030568039,1.1128527617032848
6770.T,2020-06-24,-0.003648347590192471,1.6336164064857042
6841.T,2020-06-24,9.363487878675581e-05,1.5504595696382892
7004.T,2020-06-24,0.001207246281556174,1.0011830872082628
7203.T,2020-06-24,7.932459233174515e-05,1.092721910883282
7270.T,2020-06-24,-7.408950374588295e-05,1.2058443807077726
9021.T,2020-06-24,-0.0013126986182397172,1.075209733766044
9432.T,2020-06-24,-0.00043560052098521625,0.5100893573058587
1332.T,2020-06-25,-0.0009609052642164275,1.1469889025634727
1801.T,2020-06-25,-0.00032698133763120235,1.111480920819119
1802.T,2020-06-25,-0.00045846468170632,1.2332283493620388
3289.T,2020-06-25,-0.0008722763659123989,1.787127759698056
4021.T,2020-06-25,0.0014712740865529149,1.2504520197936857
4043.T,2020-06-25,0.00041662494307624935,1.378957954338003
5019.T,2020-06-25,-0.0014577049380267285,0.6721142984727306
5802.T,2020-06-25,-0.0009922944764448405,1.3133253479808111
6113.T,2020-06-25,-0.0011134861258953448,1.1426431718887728
6473.T,2020-06-25,-0.001779669730922919,1.5243663204534084
6971.T,2020-06-25,-0.001193588908432003,0.9989620853152391
7012.T,2020-06-25,-0.0012648872499907593,1.589505069947465
7013.T,2020-06-25,-0.001627516663758175,1.9176758625685655
7211.T,2020-06-25,-0.0018112967002903043,1.4003686816374723
7261.T,2020-06-25,-0.00016866788533008523,1.5822914520414217
7735.T,2020-06-25,-0.0018016909821403223,1.3411814562939475
8725.T,2020-06-25,-0.0005590114294129378,0.7703210959832906
8795.T,2020-06-25,-0.0019495515301874012,1.2499445656239025
9434.T,2020-06-25,0.00020683468473363116,0.35936981832668385
9735.T,2020-06-25,0.00033787454858812046,0.8007907757758659
9984.T,2020-06-25,0.0026279319570816813,1.4556634841968126
1721.T,2020-06-26,0.0007256895628042067,0.9389535356571549
1803.T,2020-06-26,-0.0007328633995588698,1.024330801944356
1812.T,2020-06-26,-0.00032561786412996913,1.1320049088412183
1925.T,2020-06-26,-0.0007352202218553417,1.1507758615671433
1963.T,2020-06-26,-0.0021165624752986912,1.3252425894069264
2269.T,2020-06-26,0.001380799607603739,0.40525128324649073
2282.T,2020-06-26,0.00017521138472995708,1.1203283228648064
3861.T,2020-06-26,0.0001684702563386879,0.9147597797459549
4042.T,2020-06-26,0.00029243350430217026,1.22826318406543
4208.T,2020-06-26,-0.0007003470819158637,1.1515850073774814
4543.T,2020-06-26,0.00203757224769799,1.078240419111315
4661.T,2020-06-26,0.0014724900480522893,0.8359051770963485
5706.T,2020-06-26,0.00016205839931622697,1.355403320149927
5713.T,2020-06-26,0.0003310547048549418,1.3311214090515326
6146.T,2020-06-26,0.0009886936935993263,1.219347608516606
6273.T,2020-06-26,0.0019254018806178035,1.0660654234625235
6367.T,2020-06-26,0.001303664817576475,0.9833514928752582
6479.T,2020-06-26,-7.848874526056597e-05,1.489695892477449
6503.T,2020-06-26,0.0006672998049224144,1.1173504731927926
6674.T,2020-06-26,-0.00021589759141045625,1.4914222651386853
6724.T,2020-06-26,-0.0009950072706016015,1.4984258509156827
6752.T,2020-06-26,0.001160937251324125,1.3688821496105381
6758.T,2020-06-26,0.0003491458466785742,0.9760080758484946
6857.T,2020-06-26,0.0005042929967341485,1.4599535740445246
6952.T,2020-06-26,0.00026716803937031867,1.2681907908624326
6963.T,2020-06-26,-0.00013228656637738023,1.335392092672079
6981.T,2020-06-26,0.000387194248362086,1.0291220361975828
7011.T,2020-06-26,-0.0028527901734244094,1.0771105051523786
7269.T,2020-06-26,-0.00015006066294172694,1.379121433891439
7731.T,2020-06-26,-0.0019021533691412074,0.9790809977927432
7912.T,2020-06-26,-0.0004014879964678137,1.240985771172586
8316.T,2020-06-26,-0.001126515399312619,1.0148488475822182
8354.T,2020-06-26,-0.00021603474520245827,1.183255681320459
8411.T,2020-06-26,-0.0007790798014826695,1.0477115487372326
8601.T,2020-06-26,-0.0006290938608959705,1.1381219944351668
8630.T,2020-06-26,0.00032369625282504134,1.0067237997990228
8766.T,2020-06-26,-0.0015839848733758908,0.8431617996551194
8801.T,2020-06-26,-0.0010689787979316831,1.2700297784081873
8802.T,2020-06-26,-0.00043370227826876936,1.2791407990347547
9005.T,2020-06-26,-0.0005433890129139875,0.98018482766447
9007.T,2020-06-26,0.0014797900092404443,0.8681840798780056
9008.T,2020-06-26,0.0007421799071372732,0.8838888824276294
9009.T,2020-06-26,-0.00043826070126617327,1.164034176250449
9501.T,2020-06-26,-0.0014617203747117268,0.9735053204060802
9502.T,2020-06-26,0.0002839245726246781,0.5929848053179835
9503.T,2020-06-26,-0.0004195983751609765,0.8920826645643778
9531.T,2020-06-26,0.0005235665181175336,0.6247683839589644
4063.T,2020-06-29,0.002139281927730381,1.4430442031954973
4901.T,2020-06-29,0.0005079446581261311,0.636271453736701
5233.T,2020-06-29,-0.0006694881517683517,1.2371616882117613
5333.T,2020-06-29,-0.00023882907345540655,1.262702957409764
6301.T,2020-06-29,-0.0004777204020564263,1.1138909021661498
6976.T,2020-06-29,0.000990033716814513,1.3251419482162161
7202.T,2020-06-29,-0.0009665079759306589,1.3681040527180008
7752.T,2020-06-29,-0.001796753387283674,1.3753344542820896
7974.T,2020-06-29,0.0009588087474698029,0.4610151025347191
8309.T,2020-06-29,-0.0018882762637954114,1.0980655442104437
8830.T,2020-06-29,-0.0005193067687774633,1.5013723684845988
9101.T,2020-06-29,-0.0006406206227625398,1.3036501635585565
9532.T,2020-06-29,0.0012567560256657175,0.6322054989872076
9766.T,2020-06-29,-0.00046849218560279435,1.124522035272254
5631.T,2020-06-30,-0.0009367092516959063,1.504129391739664
5711.T,2020-06-30,-0.0004952151023950805,1.1218636292320985
6098.T,2020-06-30,0.001092974070285463,1.684331511045994
6471.T,2020-06-30,-0.0007630548738294938,1.4769052319703955
6753.T,2020-06-30,-0.0016701415897982669,1.3728703421200241
6954.T,2020-06-30,0.0007710785422607063,1.1791671307881975
7951.T,2020-06-30,0.0001237214630469977,1.4369013669480537
5401.T,2020-07-02,-0.0029551689856635024,1.6087029067589742
7201.T,2020-07-06,-0.0013904045738515605,1.3925115776616064
4902.T,2020-07-15,-0.003706913409159569,1.3983345170595611
5714.T,2020-07-15,-0.0002721989931085693,1.3115029825993256
9202.T,2020-07-17,-0.0014850118954620405,1.1297530384698862
6305.T,2020-07-21,0.0007937609380443749,1.4313016766909354
7911.T,2020-07-21,-0.000402543999781738,1.2731233142853335
6302.T,2020-07-31,-0.0006976474140438522,1.3445888127106993
6472.T,2020-07-31,-0.0014782004873303803,1.6168676327114813
6504.T,2020-08-06,1.3229117463038446e-05,1.531772889542093
8252.T,2020-08-06,-0.0010310921779422798,1.3878611887663244
5803.T,2020-08-17,-0.0005933936832862397,1.24648754528718
2002.T,2020-08-28,-0.0011129473079252747,1.084342469945081
6501.T,2020-08-31,-0.0009060738360039708,1.3414275098502966
4385.T,2020-09-25,0.007922190711828014,0.6335961529829363
6920.T,2020-09-29,0.003533662431661552,1.0314316456522468
3697.T,2020-11-27,0.003237850014455764,0.07195175483091722
9983.T,2020-11-27,0.0016865217792199692,0.8286236001691819
7453.T,2020-11-30,0.0031525482879942316,1.0808582346569637
4751.T,2020-12-15,0.001999394083604827,0.23906719871722015
4151.T,2021-03-09,0.000247166262868806,0.7715790140209711
6326.T,2021-03-19,0.0012596584463811654,1.0547047610171876
4519.T,2021-03-23,-0.0005276920007395334,0.9978987104346855
2914.T,2021-03-24,-0.0002898832906745752,0.4075428114840467
3405.T,2021-03-25,0.0002558054817711256,1.0576813184762295
3436.T,2021-03-25,0.00437296848324062,0.909339724977217
4704.T,2021-03-25,-0.002752530089520911,0.7024566939473791
4911.T,2021-03-25,0.0015827747156725107,0.9177252710412055
7272.T,2021-03-25,0.0031324317935695445,1.1990832268988083
8804.T,2021-03-25,-0.00026483644933680914,1.664344866454703
1605.T,2021-03-26,0.0021029890852785936,1.2748691204053904
2502.T,2021-03-26,0.0009772324667523245,1.323293982101412
3659.T,2021-03-26,0.0023580755164058914,0.6859075383916103
4324.T,2021-03-26,0.00016287154799552155,1.3421959606227012
4452.T,2021-03-26,-0.0021041284721322728,0.818337725708929
5108.T,2021-03-26,0.0009697159867498907,1.1919629533415232
6361.T,2021-03-29,0.0020403360686724542,1.1155421853456795
2503.T,2021-03-30,-0.0005805646484676283,0.8697313494754277
4004.T,2021-03-30,0.0021421626735897872,0.9623030361901241
4755.T,2021-03-30,-0.0005685496177761553,0.6476311697678343
5101.T,2021-03-30,0.0004518862068851239,1.3696165484583922
5201.T,2021-03-30,0.001559767489701243,0.7316767455247806
5301.T,2021-03-30,0.0019150340053032326,0.9398755018288593
7751.T,2021-03-30,0.002038207834603532,0.7974800416393374
2501.T,2021-03-31,5.7601885924424105e-05,1.210040348191082
4578.T,2021-03-31,-0.00138645941078435,0.9750422803385284
5214.T,2021-03-31,0.0012506209090693656,0.9363917216740629
6723.T,2021-03-31,0.0025028753464047962,1.0544574367348236
1928.T,2021-04-28,0.001237312963959493,1.027184836909682
9843.T,2021-05-14,-0.0012532719379845366,0.8130093612179383
6506.T,2021-05-27,-0.0004530514818762565,1.1889273120257755
8233.T,2021-05-27,0.002573437800441414,0.8605387103966854
8267.T,2021-05-27,-0.0010419000956754998,1.0131695087447712
9602.T,2021-05-27,-0.0007081723412307654,0.7767722346897399
3086.T,2021-05-28,0.001043221427512174,1.0444169755570163
3382.T,2021-05-28,0.002199913690085053,1.1313688501293282
6532.T,2021-05-31,0.004424146794301325,1.6092301320794693
7741.T,2021-06-04,-0.0003798072067462587,0.8242514603316069
8697.T,2021-06-09,-0.0008412662558841132,1.2228678869827034
3092.T,2021-06-14,0.0028335298216539623,0.9699679549726544
6861.T,2021-06-14,-0.0003592508660503559,1.1288002662193564
4689.T,2021-06-17,-0.002844787881085476,0.9199441763647928
6301.T,2021-06-17,0.0008897095224191984,1.2492824296355627
8035.T,2021-06-17,0.0017018930040861953,1.176510288546267
8795.T,2021-06-17,0.0019498292529704984,1.2734727129293892
2768.T,2021-06-18,0.00310628560548362,1.1377895508883216
4503.T,2021-06-18,0.0005622138025042604,0.9177291669625087
4523.T,2021-06-18,-0.0008934565250306658,0.805351751354364
6098.T,2021-06-18,0.0018074515358912995,1.3763420524631893
6988.T,2021-06-18,-0.001013035840254146,1.197029074410092
8001.T,2021-06-18,0.0007306256077751346,0.8870102623776955
8031.T,2021-06-18,0.0019526803612955703,0.9612918331760258
8053.T,2021-06-18,0.000823959779304225,0.9647388426184479
9064.T,2021-06-18,0.0010907097888332563,0.8733642086034091
9101.T,2021-06-18,0.006153701895084243,1.064846844706505
9201.T,2021-06-18,0.001496133545588343,0.8015175211462366
4568.T,2021-06-21,-0.0030863997342524523,1.1540167426505819
5631.T,2021-06-21,-0.0012812278065334618,1.5041791634592472
7733.T,2021-06-21,-0.0005785231938534266,1.2470438201698735
7832.T,2021-06-21,-0.002140444198932269,1.2184505864723283
2432.T,2021-06-22,0.0012659334975390127,0.6224802668841486
2801.T,2021-06-22,-0.0004872086039898742,1.2039513555082575
2871.T,2021-06-22,0.00019761053691375686,0.4461023620298268
3402.T,2021-06-22,0.0005701284447147887,1.0946203516228086
4061.T,2021-06-22,0.0002426264614277605,1.0838545543057023
4307.T,2021-06-22,-0.00042267890295912404,0.8035168620635593
6701.T,2021-06-22,-0.0011013528036848176,1.1973784304041521
6902.T,2021-06-22,0.0015213442783025928,1.2278600106315873
9020.T,2021-06-22,0.0008504433514679904,0.9203036935344083
9104.T,2021-06-22,0.003992265092776859,0.7637331362663204
2802.T,2021-06-23,0.0008060762139467856,0.4544734229629416
3401.T,2021-06-23,-0.0007471438457979303,0.7339292776269175
4005.T,2021-06-23,0.003682978122754387,0.9828772415819168
4507.T,2021-06-23,-0.00043631890605017596,0.7658432244927501
4543.T,2021-06-23,-0.000906402613370294,1.1965408130762558
5019.T,2021-06-23,0.001317422433915522,0.6593442992810241
5401.T,2021-06-23,0.0037745893016535104,1.500642264805967
5406.T,2021-06-23,0.002737291813907366,1.4365759665552713
6103.T,2021-06-23,-0.0005987269841617012,1.2230335805302681
6501.T,2021-06-23,0.00277497935117825,1.102264647337582
6594.T,2021-06-23,-0.0008018370534918104,1.2026574326271116
6762.T,2021-06-23,-0.0011374233213309495,1.2408536227370721
6841.T,2021-06-23,-0.0021310351249104746,1.4624845808723932
7186.T,2021-06-23,0.0008269188605030374,1.3188475091001508
7267.T,2021-06-23,0.00048826866162246713,1.1728957476306252
8253.T,2021-06-23,0.0014501865208345999,0.9932954724421659
9001.T,2021-06-23,-0.0012619107997971187,0.9341417086370598
9022.T,2021-06-23,0.0011745970512220846,0.8731929039824069
9107.T,2021-06-23,0.004262732740187384,0.8829073855792692
9434.T,2021-06-23,0.0007847884794155082,0.4670886232747137
4188.T,2021-06-24,0.003112909438013947,0.812148775693891
4506.T,2021-06-24,0.004788781974104937,0.9709282113000827
5711.T,2021-06-24,-0.00043807701829370004,1.19647828377164
5714.T,2021-06-24,0.0010794223320538024,1.3035922154348063
5801.T,2021-06-24,0.0003926160092978177,0.6144682877992795
6857.T,2021-06-24,0.0020608248006286516,1.5233218192757187
7013.T,2021-06-24,0.0019510399142483985,1.5610107934909687
7203.T,2021-06-24,0.0009999717157763606,0.9371605777562501
7205.T,2021-06-24,0.0003496548708018316,1.0537975222995928
7211.T,2021-06-24,0.0027863825209639695,1.2820444315510149
7270.T,2021-06-24,-0.00026954391959641114,0.8731770013203654
8002.T,2021-06-24,0.0026614569410905093,1.3102234945553695
8015.T,2021-06-24,0.0008609547403215703,1.673030590451489
8309.T,2021-06-24,0.0013657124539656414,0.9563923146000493
8601.T,2021-06-24,0.002849175343869004,0.9859418748093415
9021.T,2021-06-24,0.0013753908656372912,0.9326793727225288
1332.T,2021-06-25,0.0013856825083981821,0.8302907719209985
1802.T,2021-06-25,-0.0002541114043563405,1.240115769540643
2002.T,2021-06-25,-0.00020612272567014072,0.7125182303214453
2282.T,2021-06-25,-0.0006733964004307148,0.7042210117707757
3099.T,2021-06-25,0.0022358438171450625,1.0397080303575992
3289.T,2021-06-25,0.001512697529624016,0.9677118808498285
3407.T,2021-06-25,0.0011879485414788078,1.0081017772344392
4021.T,2021-06-25,-0.0015795379092330328,1.373630091937168
4042.T,2021-06-25,0.0012786816197531354,1.0070680096814992
4183.T,2021-06-25,0.0015368024919398128,1.118181702434335
5020.T,2021-06-25,0.0017652849427051839,0.8686208970750937
5332.T,2021-06-25,-0.0007206396023727456,1.238737465981942
5411.T,2021-06-25,0.0028125312529675506,1.542421215097915
5713.T,2021-06-25,-0.00022483528512266316,1.734432699403086
5802.T,2021-06-25,0.001273774216230063,1.2656116766173806
6113.T,2021-06-25,0.00018929272257865986,1.0646741701525382
6471.T,2021-06-25,0.0007550982942042899,1.1658446699850684
6473.T,2021-06-25,0.0024843810482669884,1.4661687150135618
6504.T,2021-06-25,0.0028515530525512044,1.076594871786587
6645.T,2021-06-25,-0.0015082739694415506,1.414496536804005
6770.T,2021-06-25,-0.002055957240433264,0.9548850720639396
6963.T,2021-06-25,3.228054067490674e-05,1.074227670227691
6971.T,2021-06-25,6.729513825796452e-05,1.1270774009881752
7012.T,2021-06-25,0.001367288384609703,1.110672578733606
7202.T,2021-06-25,0.0035542129105647913,1.3135782628563306
7261.T,2021-06-25,0.002209167473103576,1.5531406763834492
7269.T,2021-06-25,-0.0008357113481225538,1.153637878003151
7735.T,2021-06-25,0.002838662515789422,1.2516521335921849
7752.T,2021-06-25,0.006361330616816431,0.8602414690366935
7951.T,2021-06-25,0.0002604273641141489,1.3519875966519095
8058.T,2021-06-25,0.0011921186399983278,0.7912835238669341
8252.T,2021-06-25,0.0012749681797796474,1.0403707789379866
8304.T,2021-06-25,0.002131685753369807,1.1024891136025698
8308.T,2021-06-25,0.0022045630700420126,1.0788065608619164
8630.T,2021-06-25,0.00017777040075597707,0.8462572943251947
8766.T,2021-06-25,-0.0006628858472083551,0.8894621525060249
9432.T,2021-06-25,0.0007781583118980214,0.6808023198137912
9735.T,2021-06-25,-0.0013381898165224012,0.8602795312186613
1801.T,2021-06-28,0.0002729742569765819,1.0485738890726832
1812.T,2021-06-28,0.0004586970597389233,1.0799082765466
4043.T,2021-06-28,-0.0005448074151300319,1.0431006492019705
5333.T,2021-06-28,0.001434755220993189,1.0970455916520407
6472.T,2021-06-28,0.0006077798022084643,1.5283747472342153
6702.T,2021-06-28,0.0016252434312674217,0.7870812463476061
6724.T,2021-06-28,0.0017209075930364167,1.0368896398890994
8331.T,2021-06-28,0.0013782654740668874,1.2490891548160765
8725.T,2021-06-28,0.0004211366433496533,0.9023430890738066
9502.T,2021-06-28,0.0004982986965387313,0.42200198161525954
9503.T,2021-06-28,0.0006734497848247978,0.5142743122444219
9532.T,2021-06-28,-0.00042457978178707406,0.5980111808891146
1721.T,2021-06-29,-0.000577124660375251,0.9029299442747595
1803.T,2021-06-29,0.0013075038218091444,1.0848082058501871
1808.T,2021-06-29,0.0021063554465150045,1.1414716628405688
1925.T,2021-06-29,9.657436409506832e-05,1.0829072474398822
1963.T,2021-06-29,0.0003739848700083278,1.4218467239866843
2269.T,2021-06-29,-0.0009642374574378345,0.454403610589981
3861.T,2021-06-29,0.0005155026440131418,1.028051006577634
4208.T,2021-06-29,0.0018050620013189192,0.857312717740696
4502.T,2021-06-29,-0.00035430272591801057,0.45823911932129446
4661.T,2021-06-29,-0.0008883908931735423,0.7981881831636904
4902.T,2021-06-29,0.003944632696084439,1.111014303811544
5706.T,2021-06-29,-0.0020099456673775386,1.4650554551466042
6146.T,2021-06-29,-0.0005803403421357604,1.0562534872965397
6273.T,2021-06-29,-0.0001908096358070266,1.2144447991951588
6302.T,2021-06-29,0.0025005986983533115,1.1694312319124265
6305.T,2021-06-29,0.0017386250639083748,1.2930578013211633
6367.T,2021-06-29,-0.0013677340577476786,1.5472315383579118
6479.T,2021-06-29,0.0031721820879814797,1.4166599559880582
6503.T,2021-06-29,0.0002395076811187915,1.0591711380153137
6674.T,2021-06-29,-0.00041984387807359835,1.1933772224441168
6952.T,2021-06-29,-0.0002742977790842984,0.6827406330618112
6981.T,2021-06-29,-0.0015361394006486325,1.2362368190151125
7011.T,2021-06-29,0.00036722819591914185,1.1800654855625266
7201.T,2021-06-29,-0.0008749349905233499,1.1635388991193552
7731.T,2021-06-29,0.005097099263956787,0.9897020384529641
7911.T,2021-06-29,0.002052984703560832,1.1970271211780943
7912.T,2021-06-29,0.0018421552395263287,1.3193851736942226
8306.T,2021-06-29,0.0027244992949811988,1.078638607248089
8316.T,2021-06-29,0.0018330543206682864,1.051478340870039
8801.T,2021-06-29,0.0012227361644219655,1.0295663591261481
8802.T,2021-06-29,0.00017617530316423253,0.867928352877188
9005.T,2021-06-29,0.000866681579126378,1.1084798003682073
9007.T,2021-06-29,-0.0019487471043719156,1.1101876791103904
9008.T,2021-06-29,-0.0021876764237624318,1.2367485837488457
9009.T,2021-06-29,-0.000884739943083955,1.0786555711729324
9531.T,2021-06-29,-0.0011335379030272315,0.49595239135746255
9766.T,2021-06-29,0.0011571581532550442,1.450253479351803
4063.T,2021-06-30,4.549356441253089e-05,1.1877232479174114
4901.T,2021-06-30,0.002923048685550008,0.8606506436783847
5233.T,2021-06-30,-0.0007865754965709915,0.8869229523133574
5803.T,2021-06-30,-0.000636083456984645,1.2799567262525873
6753.T,2021-06-30,0.0023857167808090714,0.8646635523770188
6954.T,2021-06-30,-0.0005675146913772158,1.416215396439311
6976.T,2021-06-30,0.00011533708716718327,1.2294759617455977
7974.T,2021-06-30,4.900259801952022e-05,0.6580458955881295
8830.T,2021-06-30,0.0011990992450989857,1.1405848807674188
9202.T,2021-06-30,0.0014660931992865169,0.8415415689999208
9501.T,2021-06-30,0.002542107643444957,0.900867985966836
4385.T,2021-09-29,0.0008880905102441807,0.8359839176901958
6920.T,2021-09-29,0.004946915493278142,1.0933219754500387
9983.T,2021-11-26,-0.001937345418630261,0.9020299025996787
3697.T,2021-11-29,0.005380054608971093,1.2859564749430428
7453.T,2021-11-29,0.0005065520082046267,1.012547126472219
4751.T,2021-12-10,-0.001108504643876599,0.9277403271465031
4151.T,2022-03-08,-0.0024322247283583244,1.0077144811544403
6326.T,2022-03-18,-0.00038764300285878636,1.2394689144377151
2914.T,2022-03-23,0.0013903751791473152,0.45364627107873157
5108.T,2022-03-23,0.0006916100709650771,0.9304192732955948
3405.T,2022-03-24,0.0012982606590547763,0.7486833007847404
7272.T,2022-03-24,-0.0008101916647107142,1.0289058596064762
4452.T,2022-03-25,-0.001683022318737131,0.36758634570725957
4911.T,2022-03-25,-0.00038264009925780256,0.9580743272437933
1605.T,2022-03-28,0.0035573956304060725,0.3574489099831967
2502.T,2022-03-28,-0.0006055720450514483,0.7270958566489318
3659.T,2022-03-28,0.00493085170717881,1.1045503083746322
3436.T,2022-03-29,-0.0004347180755448663,1.4203608214795818
4519.T,2022-03-29,0.00028333074974256056,0.995516685252986
4704.T,2022-03-29,0.0012258380208123388,0.6786140230528256
8804.T,2022-03-29,0.0009509891220527203,0.9105086359009485
2503.T,2022-03-30,-0.00039383865514221753,0.48574736558796733
4004.T,2022-03-30,-0.0012197777648180852,1.3650961507201176
4324.T,2022-03-30,0.0019522580218569261,1.1926066385070289
4755.T,2022-03-30,-0.00018325227635422635,0.7978838718300445
5101.T,2022-03-30,-0.0011816170664379448,1.1789712819847495
5201.T,2022-03-30,-0.0002571483418359063,1.13888494872228
5301.T,2022-03-30,-0.0010148785237290257,1.4769144431610188
6361.T,2022-03-30,0.0021720930407323593,1.3858458865291496
6723.T,2022-03-30,0.0008638979167846037,1.5811374616246132
7751.T,2022-03-30,0.0006173156933181687,0.6889995959965401
2501.T,2022-03-31,-0.0006278111563223217,0.6626029998375831
4578.T,2022-03-31,-0.001540303425762286,0.5811996171199746
5214.T,2022-03-31,0.0007060802498640276,0.8364519874017816
1928.T,2022-04-27,0.0006046905485978562,0.765539560684822
9843.T,2022-05-20,-0.0034922780554997946,0.813151781210975
8233.T,2022-05-26,0.0016499403608501554,0.7721001357226971
8267.T,2022-05-26,-0.0005423338093218221,0.5517053466806079
9602.T,2022-05-26,-0.0004034816245864205,0.8780675407284932
3086.T,2022-05-27,0.00013941539658684934,0.9174298507983669
3382.T,2022-05-27,0.0020650593083529553,0.42955296710729346
6506.T,2022-05-27,-0.0008519932168300517,1.2475190110500156
6532.T,2022-05-30,2.6330420630164136e-05,1.8745885016149568
7741.T,2022-06-03,-0.0028393383684965634,1.48276060188516
8697.T,2022-06-09,-0.0014881900075599678,0.8265539831165281
6861.T,2022-06-13,-0.0024021476574548326,1.3430546304019444
3092.T,2022-06-14,-0.0016384312170486274,0.9078689175439332
4689.T,2022-06-16,-0.0038115988099121307,1.1792007933953732
8795.T,2022-06-16,0.0007994147017383098,0.8169820434189454
2768.T,2022-06-17,0.0025499144368338255,0.6698530802642426
6988.T,2022-06-17,0.0012364433052034348,1.324036548947119
9064.T,2022-06-17,-0.0009205254562239625,0.5256710093477116
4503.T,2022-06-20,0.0013179499033037707,0.5583150199001229
4902.T,2022-06-20,-0.0007039361667426644,0.48665328421049875
6178.T,2022-06-20,0.0013241551202214936,0.48555232457434516
6301.T,2022-06-20,0.0025796842377707463,1.0384022614401474
6594.T,2022-06-20,-0.0039346398426615276,1.423666922054735
7832.T,2022-06-20,0.0008728048713044217,0.8326391668298694
2801.T,2022-06-21,-0.0025849207316316213,1.0361233279256394
4307.T,2022-06-21,-0.0027222549110677004,0.8972310358152038
5801.T,2022-06-21,0.0003255161315080553,0.9212613503986239
6902.T,2022-06-21,-0.0010519763350213592,1.5204338847036818
7733.T,2022-06-21,0.0017783212671802096,1.2685073118655685
8035.T,2022-06-21,0.0006044166159414842,1.5276777775392403
9104.T,2022-06-21,0.0040560205200811696,1.0130619734188304
3401.T,2022-06-22,0.00020984997858537632,0.6906353178940927
4061.T,2022-06-22,-0.00047132934522619576,0.8138625468865368
5406.T,2022-06-22,0.002856888861760842,0.9348209852294281
6098.T,2022-06-22,-0.002612654196608386,1.8309508963545147
6472.T,2022-06-22,0.0022763595810277367,1.2892767339610898
6501.T,2022-06-22,0.001533434717231284,1.37287538088657
6701.T,2022-06-22,0.0003759742867919059,0.9440512940556689
6841.T,2022-06-22,0.0015264263799388482,0.9662859802717352
6857.T,2022-06-22,-0.0011054606888936049,1.6562805176739708
7186.T,2022-06-22,0.0009026357966051485,0.5214192967244115
7267.T,2022-06-22,0.0007709050881356042,1.0625557025581012
8031.T,2022-06-22,0.0024803813792791435,0.7398844305519491
8253.T,2022-06-22,0.003621422478253742,0.5738327810956934
8316.T,2022-06-22,0.0008412949866817901,0.7623269112864128
8411.T,2022-06-22,0.001067035675363673,0.6077629596046321
9020.T,2022-06-22,-0.00023081731551648216,0.7586516321968945
9201.T,2022-06-22,0.0015665859786740486,1.1470757231840956
2802.T,2022-06-23,-0.00021511350865130978,0.8809873500514388
3402.T,2022-06-23,0.0004346019196107123,0.9958077829480706
4005.T,2022-06-23,0.000519929431668558,0.8406639557008124
4506.T,2022-06-23,-0.0023086760086435034,0.8821604723112474
4543.T,2022-06-23,-0.0008984240864908474,1.0778874846773483
5019.T,2022-06-23,0.00254860469734751,0.3659745313835422
5401.T,2022-06-23,0.0024512021095034068,0.937772317851163
6103.T,2022-06-23,0.0013457238596174992,1.3430364226542963
6770.T,2022-06-23,0.0033605587008951033,1.1162368739610358
7004.T,2022-06-23,0.0010257111233102482,1.1491397037041735
7013.T,2022-06-23,0.00537437912660042,0.9192909603453169
7203.T,2022-06-23,0.001007826450722023,1.3211775307483924
7205.T,2022-06-23,-0.0021490376616118993,1.6823371178365991
7270.T,2022-06-23,0.001171422687789484,0.9699334613144094
7951.T,2022-06-23,-0.00034546982515415306,1.135863317900412
8304.T,2022-06-23,0.0012035204278028366,0.6807778145609155
9001.T,2022-06-23,0.0012455649463482994,0.4791640579504099
9022.T,2022-06-23,0.0010779437218363995,0.7069131770318469
9107.T,2022-06-23,0.006157748184593435,1.3007454745110991
9433.T,2022-06-23,0.0034646356630026963,0.3175574443409044
1802.T,2022-06-24,0.0008444428303985838,0.7176642618606962
2871.T,2022-06-24,-0.0013570865287484296,0.27314934489436954
3407.T,2022-06-24,0.00032478374826002657,1.0994504641730012
4042.T,2022-06-24,0.001811306852921175,1.1089135030633765
4183.T,2022-06-24,0.0008564951724136256,1.2985077350459149
4188.T,2022-06-24,-0.00033939022029508,0.947935842139868
4507.T,2022-06-24,-0.0012658176871864347,0.6797481064259436
5332.T,2022-06-24,-0.0012464640114165197,1.3003175089537045
5411.T,2022-06-24,0.0017917035041574057,0.9779825107094117
5631.T,2022-06-24,0.00011804766884527976,1.6847217142526978
5713.T,2022-06-24,0.002910801579185014,0.6001504602261679
5714.T,2022-06-24,0.0008968604847843353,0.9182990335080571
5802.T,2022-06-24,0.0006082115999330348,1.3782603577821593
6645.T,2022-06-24,-0.004082489158449568,1.2275495011879578
6752.T,2022-06-24,0.00028101120251306107,1.2198932614684457
6753.T,2022-06-24,-0.0010591490312469908,1.1040286639735697
6762.T,2022-06-24,0.0006231275048119389,1.7282619661903413
6963.T,2022-06-24,0.0008007155561348281,1.317145654877436
7012.T,2022-06-24,0.0025920865575338645,0.9102155933024034
7211.T,2022-06-24,0.0027808459182463207,1.3780413507705485
8002.T,2022-06-24,0.002644965241172716,0.6967114692443501
8015.T,2022-06-24,0.00024276652030486034,1.5720725164977694
8053.T,2022-06-24,0.001711733253504945,0.6983835735087607
8058.T,2022-06-24,0.00266806962107574,0.6968275720756043
8309.T,2022-06-24,0.0006352888682518832,0.6700164646025176
8630.T,2022-06-24,0.0022357247478594225,0.7119299995040272
8766.T,2022-06-24,0.002110670910810559,0.6544182655398865
9021.T,2022-06-24,0.000275080141861385,0.6583927135483054
9434.T,2022-06-24,0.0009276775491923433,0.4004720421208063
2282.T,2022-06-27,-2.5541241676884795e-05,0.5345185516226361
2432.T,2022-06-27,0.0011486565455467012,0.6481756869425438
3099.T,2022-06-27,0.0032292511741364234,0.7213800138495166
4043.T,2022-06-27,0.0001043934872048233,1.0091061113971445
4568.T,2022-06-27,0.0023166480204665687,0.8633951575144966
5333.T,2022-06-27,0.0003224401120596003,1.0209388534950248
6702.T,2022-06-27,0.0005425232092749003,1.097802250774713
7261.T,2022-06-27,0.002820822735089514,1.2338703018614403
7735.T,2022-06-27,0.0005782710746830967,1.545032065884556
7752.T,2022-06-27,0.0005059771606982268,0.90527181368452
8306.T,2022-06-27,0.0021846084937689057,0.7734483071060877
8725.T,2022-06-27,0.0018424124126642442,0.7216739261221579
9432.T,2022-06-27,0.0026957527100721656,0.27959306988173227
1332.T,2022-06-28,0.00022987961798300955,0.881325510953536
2002.T,2022-06-28,-0.0005939558246336904,0.456097950442063
3289.T,2022-06-28,0.0009860905487944003,1.022390249075018
4021.T,2022-06-28,0.0013958228595419345,1.146853846486253
5020.T,2022-06-28,0.002359739932163475,0.40110941071550366
5711.T,2022-06-28,0.0009103816816061224,0.6913673993877937
6113.T,2022-06-28,-9.350117737323157e-05,1.1429136110875873
6305.T,2022-06-28,4.521226116540445e-05,1.2118248195779497
6471.T,2022-06-28,0.0008061779230664079,1.2156264552008862
6473.T,2022-06-28,0.0004375205144656884,1.2599731924041948
6504.T,2022-06-28,0.0007345909191216783,1.638905077985831
6758.T,2022-06-28,-0.0008424691365576356,1.7288887505846378
6971.T,2022-06-28,0.0005659954842278786,0.9421436572557454
7202.T,2022-06-28,0.0011568941892620855,1.1592826680921773
8308.T,2022-06-28,0.0012709612247286128,0.5727781140940654
9532.T,2022-06-28,0.002749554029887651,0.2205646683625807
9735.T,2022-06-28,0.0009952821378635874,0.3322989963191026
1721.T,2022-06-29,5.7521030998037504e-05,0.5542736850060563
1801.T,2022-06-29,0.0016789620406873027,0.7357975807737522
1803.T,2022-06-29,0.0004286350654157113,0.7185929393052993
1808.T,2022-06-29,0.0015585400953361758,0.7736186240906548
1812.T,2022-06-29,0.0011484869219256062,0.6081161477562902
1925.T,2022-06-29,5.149923820978487e-05,0.9621833764638885
1963.T,2022-06-29,0.007333586923483018,0.789761418728892
2269.T,2022-06-29,-0.00036266945403032075,0.30489097510871244
2413.T,2022-06-29,-0.00319162235608036,1.5529577367011724
3861.T,2022-06-29,0.0007777606106634973,0.5230399604884676
4208.T,2022-06-29,0.0007410186913819539,0.8138871424421932
4502.T,2022-06-29,0.0021001876011170024,0.57915122534371
4661.T,2022-06-29,0.00019282940947564116,0.6729576813554125
5706.T,2022-06-29,0.001883002241022985,0.8998710973785007
5803.T,2022-06-29,0.004816197696020987,1.8699929291917385
6146.T,2022-06-29,0.0007172565617554319,1.2513912858396776
6273.T,2022-06-29,-0.0006468962786272054,1.3934075243925215
6302.T,2022-06-29,0.0018937268489923303,0.840669480831987
6367.T,2022-06-29,-0.00164247675515378,1.2564190997944225
6479.T,2022-06-29,-0.002108819154662778,1.4575308048454523
6503.T,2022-06-29,0.0003944908127234108,0.9489112310121199
6674.T,2022-06-29,-0.0008242399804760262,1.444248982751797
6724.T,2022-06-29,0.0011182184140554512,0.812671723410292
6952.T,2022-06-29,-0.0014743627351196352,0.7861170631119335
6981.T,2022-06-29,-0.0004478505305745795,1.1866102376245413
7011.T,2022-06-29,0.007100910304989394,0.5529329983898958
7269.T,2022-06-29,-0.0003816719653726393,1.3974322458884072
7731.T,2022-06-29,0.003288890398626132,1.0545657485367348
7911.T,2022-06-29,0.0017618986417698703,0.8314002649451784
7912.T,2022-06-29,0.0007008009695381976,0.8098555527608177
8252.T,2022-06-29,0.0016933868025854886,0.9432223879434712
8331.T,2022-06-29,0.0008116660813995806,0.5690441796200716
8354.T,2022-06-29,0.0021301102597909402,0.46928530926592427
8601.T,2022-06-29,0.00023633138385016348,0.5813402840680006
8801.T,2022-06-29,0.0025871238917412435,0.8530507035197479
8802.T,2022-06-29,0.002335957426134938,0.6607297550743941
9005.T,2022-06-29,-8.427665814035855e-05,0.6696134516806156
9007.T,2022-06-29,-0.0018414778023049302,0.720091059845201
9008.T,2022-06-29,-0.0011566857955791366,0.7011379838859804
9009.T,2022-06-29,0.0013749383190652864,0.8501501427815451
9501.T,2022-06-29,0.005945197743131127,0.6355076416879983
9502.T,2022-06-29,0.001026250983339189,0.2261187780363991
9503.T,2022-06-29,0.0019317521420069918,0.18276024064304294
9531.T,2022-06-29,0.0024535165411154773,0.11417137718528805
9766.T,2022-06-29,0.004895899518469882,0.7590828894568112
4063.T,2022-06-30,7.067629850891245e-05,1.46077708833882
4901.T,2022-06-30,-0.001407397194511828,1.1793598078599072
5233.T,2022-06-30,-0.0011455677041547372,0.7165305569862556
6954.T,2022-06-30,-0.0006388348355690079,1.2288477755560914
6976.T,2022-06-30,-0.00066617135511391,1.6110435973672899
7201.T,2022-06-30,0.0005480726365233818,1.5004276509859997
7974.T,2022-06-30,0.0009998504490160544,0.5870019456502982
8830.T,2022-06-30,0.001054143883192138,1.0446842370089282
4385.T,2022-09-28,-0.002783518943763362,1.678641857825538
6920.T,2022-09-29,-0.000250083663423044,1.66982051474187
7453.T,2022-11-24,0.0008378082897622323,0.9972748214069406
9983.T,2022-11-25,0.0030888527143241094,0.972544575387215
3697.T,2022-11-29,0.002582132147590176,1.3259395824248468
4751.T,2022-12-09,-0.0015889361815731818,1.1155712911029103
4151.T,2023-03-09,-0.00032406624222738683,0.6999746909057916
7272.T,2023-03-23,0.0015330928534334357,1.2355084895951185
2914.T,2023-03-24,0.0018299110818074849,0.5171615222481223
4452.T,2023-03-24,-0.0014920099056968368,0.554732861753134
4911.T,2023-03-24,0.001699917777461314,1.1582297166372049
6326.T,2023-03-24,-0.00034594741020200055,1.2178369467602677
3659.T,2023-03-27,0.0011095253983742705,1.133069447483178
4704.T,2023-03-28,-0.0023936301232364704,0.9600766284639002
5108.T,2023-03-28,0.00043287588845414965,0.9610587610061724
1605.T,2023-03-29,0.00018946726674594079,0.9563066188588483
2502.T,2023-03-29,4.7560702209703564e-05,1.1074259653397893
3405.T,2023-03-29,0.0015921226975888173,0.5566164851859081
3436.T,2023-03-29,0.00023346379424278975,1.1845466989589026
8804.T,2023-03-29,-0.0023058051676741343,0.9461908979611724
2503.T,2023-03-30,-0.0012069807535011942,0.6056535505185013
4004.T,2023-03-30,0.00039677440527581434,1.1817776887895535
4324.T,2023-03-30,-3.3775180937728987e-06,1.1271208541226214
4519.T,2023-03-30,-0.0015093864712180346,0.9857846746911328
4755.T,2023-03-30,0.0002558279639972407,1.1182226301846188
5101.T,2023-03-30,0.0009480946298015915,1.0247968497472022
5201.T,2023-03-30,0.00070951913427606,0.9325897189809051
5301.T,2023-03-30,0.0023250226829532733,1.2941381432031556
6302.T,2023-03-30,0.0012600039962524282,1.0096588382722775
6361.T,2023-03-30,0.0011421383187611189,1.6016546141196457
7751.T,2023-03-30,-0.001309032512755956,1.0285642852592538
2501.T,2023-03-31,9.288282089682347e-05,0.5787770523558021
4578.T,2023-03-31,-0.0016061951219228012,0.8970892662118275
