Ticker,EventDate,CAR
4151.T,2018-03-16,0.010833858062283102
4519.T,2018-03-22,0.03535278227351896
3405.T,2018-03-23,-0.0005036253932838644
4452.T,2018-03-23,0.004809154711580971
5108.T,2018-03-23,-0.005662474278266667
6326.T,2018-03-23,-0.010623902316081422
7272.T,2018-03-26,-0.005591916552302514
2914.T,2018-03-27,0.005102144284956011
4704.T,2018-03-27,-0.018177756923421017
4911.T,2018-03-27,0.011696974882741719
2502.T,2018-03-28,-0.005139728990972547
3436.T,2018-03-28,-0.04499786113573653
3659.T,2018-03-28,-0.02782302725355499
8804.T,2018-03-28,-0.012329535258413777
2503.T,2018-03-29,0.012700039780670127
4004.T,2018-03-29,-0.020505585123342013
4324.T,2018-03-29,0.018356378463125385
4755.T,2018-03-29,-0.0248003103171182
5101.T,2018-03-29,-0.0003590370375402682
5201.T,2018-03-29,0.02838141169062131
5301.T,2018-03-29,-0.00195049248393599
6361.T,2018-03-29,-0.0036898121215670986
6723.T,2018-03-29,-0.007406366505434012
7751.T,2018-03-29,-0.002546412686805963
2501.T,2018-03-30,-0.002373016581836325
4578.T,2018-03-30,-0.0001465102756476556
5214.T,2018-03-30,0.031948785794111235
1928.T,2018-04-27,0.006626434710675826
9843.T,2018-05-18,-0.009689563881223733
7453.T,2018-05-24,0.0006156302982866582
8233.T,2018-05-24,0.0011848176801856538
8267.T,2018-05-24,0.0042051503845697315
3382.T,2018-05-25,0.008886879091948477
3086.T,2018-05-28,-0.0001014270585388919
6506.T,2018-05-30,0.0015178739421648768
9602.T,2018-05-30,-0.0034439529822155816
6532.T,2018-05-31,0.021849154145188225
7741.T,2018-06-08,0.011900043460066387
8697.T,2018-06-13,0.01563167970357788
6861.T,2018-06-14,-0.016423678305328936
4503.T,2018-06-15,0.012359478298136299
3099.T,2018-06-18,0.0013259084575184595
4568.T,2018-06-18,0.004338642060590773
4689.T,2018-06-18,-0.012849431209282969
6301.T,2018-06-18,-0.02528014144415363
7832.T,2018-06-18,0.013149706476505757
2768.T,2018-06-19,0.014659849795021654
4506.T,2018-06-19,-0.004383894581709373
6758.T,2018-06-19,0.005176957796082019
8035.T,2018-06-19,0.011042231771735134
3401.T,2018-06-20,-0.0021743920729055477
4507.T,2018-06-20,0.013691213863262865
4523.T,2018-06-20,0.016527136619062383
4902.T,2018-06-20,0.0018595611247608232
6098.T,2018-06-20,0.006477760173901774
6645.T,2018-06-20,-0.005028152028766316
6902.T,2018-06-20,0.0065491146571498285
7186.T,2018-06-20,-0.030434085059692396
7267.T,2018-06-20,-0.008809531380079075
8253.T,2018-06-20,0.030482402628025783
9101.T,2018-06-20,-0.009127906579586372
9201.T,2018-06-20,-0.0019882141329846583
4005.T,2018-06-21,0.006665397741603881
4061.T,2018-06-21,-0.005170541754156533
5406.T,2018-06-21,-0.018263311704584517
5411.T,2018-06-21,0.000204811526746083
6594.T,2018-06-21,-0.003947507422429055
6753.T,2018-06-21,0.0013182525714419114
7011.T,2018-06-21,-0.008262088282544156
8015.T,2018-06-21,-0.009385492527334827
8031.T,2018-06-21,-0.01089285548707418
9107.T,2018-06-21,-0.008259692206691049
9433.T,2018-06-21,-0.001252835429162191
9984.T,2018-06-21,0.04827435461912567
5711.T,2018-06-22,0.012608178181162867
5801.T,2018-06-22,-0.008174030924460082
6471.T,2018-06-22,-0.0012060830683469116
6770.T,2018-06-22,-0.00015865421385648313
6988.T,2018-06-22,0.010169090972691884
7013.T,2018-06-22,-0.002143001600759453
7211.T,2018-06-22,0.017890156587141225
8001.T,2018-06-22,-0.0021457953834459215
8002.T,2018-06-22,-0.009095136407852877
8053.T,2018-06-22,0.0005253038887373567
8058.T,2018-06-22,0.0024136877634542164
8766.T,2018-06-22,-0.012927462131249168
9001.T,2018-06-22,0.0016422516169262362
9020.T,2018-06-22,0.014359362547688461
9021.T,2018-06-22,0.008709414839864846
9022.T,2018-06-22,0.002599735619557767
9064.T,2018-06-22,-0.01224397983808494
2432.T,2018-06-25,-0.0008120889380202855
4043.T,2018-06-25,0.010648400216793695
4543.T,2018-06-25,-0.00944093811835227
6701.T,2018-06-25,0.0029901140020829903
6702.T,2018-06-25,0.0019036901143213176
7203.T,2018-06-25,-0.0059400861039664524
7270.T,2018-06-25,-0.02330993065412335
8252.T,2018-06-25,0.015851800608179804
8725.T,2018-06-25,0.005127413713923859
1721.T,2018-06-26,-0.01340854716515253
2801.T,2018-06-26,0.001993254773636142
2802.T,2018-06-26,0.012993509385171926
2871.T,2018-06-26,0.017563940331013935
3402.T,2018-06-26,0.011344978798024923
4183.T,2018-06-26,0.02402345578649874
4188.T,2018-06-26,0.016662120993974114
5333.T,2018-06-26,0.004154410603657125
5401.T,2018-06-26,0.004539208728615327
5713.T,2018-06-26,0.0004399633384530974
5714.T,2018-06-26,0.005584688429648031
6103.T,2018-06-26,0.010498083346788886
6305.T,2018-06-26,0.005396902346490924
6504.T,2018-06-26,-0.01325635309047074
6841.T,2018-06-26,0.010331111292526843
6971.T,2018-06-26,0.0037275865509613475
7205.T,2018-06-26,-0.0016902345175514922
7733.T,2018-06-26,-0.002020455384132026
7951.T,2018-06-26,-0.005618687704320968
8308.T,2018-06-26,0.0063430092126206886
9104.T,2018-06-26,0.024094516155774015
9735.T,2018-06-26,-0.0033379023743281273
1332.T,2018-06-27,-0.0029561801078689383
1605.T,2018-06-27,0.015225736469857377
1802.T,2018-06-27,0.0011549168669185645
1812.T,2018-06-27,-0.00017370626063307765
2002.T,2018-06-27,0.00955299491371316
2282.T,2018-06-27,-0.01758083964239482
3092.T,2018-06-27,-0.003100361846286725
3289.T,2018-06-27,-0.0019502897921781918
3407.T,2018-06-27,0.004208778159613829
4021.T,2018-06-27,-0.004412349633853495
4042.T,2018-06-27,-0.0005395347187356935
4307.T,2018-06-27,0.017343847065021078
5020.T,2018-06-27,0.0631702044349192
5802.T,2018-06-27,-0.007878246620584138
6113.T,2018-06-27,-0.01516162332889382
6146.T,2018-06-27,0.0029482575869784707
6273.T,2018-06-27,-0.019828962542563867
6472.T,2018-06-27,-0.003897231540846165
6473.T,2018-06-27,-0.016429219429771227
7004.T,2018-06-27,-0.012054580642867251
7012.T,2018-06-27,-0.008478095873612866
7261.T,2018-06-27,-0.006684268351137322
7735.T,2018-06-27,-0.004659039833265401
7752.T,2018-06-27,-0.007965821887769535
8795.T,2018-06-27,-0.002152356890241712
9432.T,2018-06-27,0.012557359411527485
1803.T,2018-06-28,-0.004919987294924393
1808.T,2018-06-28,0.002852245511472223
1925.T,2018-06-28,0.004296307320911108
1963.T,2018-06-28,0.030677612309043877
2269.T,2018-06-28,-0.010035888827041099
3861.T,2018-06-28,-0.005845913077228781
4208.T,2018-06-28,0.005472893441019373
4502.T,2018-06-28,0.028846972497908067
4661.T,2018-06-28,-0.011431503843747906
5019.T,2018-06-28,0.019981404010446603
5631.T,2018-06-28,0.00770319562671461
5706.T,2018-06-28,0.016678663142385097
6302.T,2018-06-28,0.007283093105107918
6367.T,2018-06-28,0.009514055427067788
6479.T,2018-06-28,0.022584575637591742
6503.T,2018-06-28,0.03008480092867688
6674.T,2018-06-28,0.004903550208367465
6762.T,2018-06-28,0.001045193017652236
6857.T,2018-06-28,0.02262068929775399
6952.T,2018-06-28,-0.006878453014342211
6963.T,2018-06-28,0.0202984859002283
6981.T,2018-06-28,0.015807032712439998
7201.T,2018-06-28,0.003702583485022245
7202.T,2018-06-28,0.011184041643129016
7269.T,2018-06-28,0.0033971908991665594
7731.T,2018-06-28,0.005707853167628217
7911.T,2018-06-28,0.0023065662137490067
7912.T,2018-06-28,-0.008817779386046411
8304.T,2018-06-28,-0.005530982241899329
8316.T,2018-06-28,-0.002332888214486829
8331.T,2018-06-28,-0.007764479027819304
8354.T,2018-06-28,-0.005896053225731895
8601.T,2018-06-28,-0.006047636604716916
8630.T,2018-06-28,-0.005447590175084704
8801.T,2018-06-28,0.0007364510652684913
8802.T,2018-06-28,-0.0036260228055413875
9005.T,2018-06-28,-0.0018945400943197826
9007.T,2018-06-28,-0.0019597749902608872
9008.T,2018-06-28,-0.011218432345643658
9009.T,2018-06-28,-0.0005200270449583172
9501.T,2018-06-28,-0.008975626109102202
9502.T,2018-06-28,-0.011533262001968787
9503.T,2018-06-28,-0.012258199984599543
9531.T,2018-06-28,0.003690312972906646
9766.T,2018-06-28,0.009788644643842744
1801.T,2018-06-29,-0.013395861219173785
4063.T,2018-06-29,-0.011374794889410652
4901.T,2018-06-29,0.014850225125066886
5233.T,2018-06-29,-0.008121441182094577
5803.T,2018-06-29,0.00800954119463849
6501.T,2018-06-29,0.009980518044456849
6752.T,2018-06-29,0.00798160650999925
6954.T,2018-06-29,0.0017334503682557853
6976.T,2018-06-29,0.012565368832570043
7974.T,2018-06-29,0.001771285526056281
8309.T,2018-06-29,0.0035319776720969536
8830.T,2018-06-29,-0.022492433457668905
9202.T,2018-06-29,0.0005508060354427224
9532.T,2018-06-29,-0.00012781170451040685
6920.T,2018-09-27,-0.027904862604739875
9983.T,2018-11-30,-0.008674703074513715
4751.T,2018-12-19,0.012621240356644749
4151.T,2019-03-14,0.004595938030883408
5108.T,2019-03-22,-0.0024208418913205087
6326.T,2019-03-22,0.005332320603820476
4452.T,2019-03-26,0.005519599840894614
4704.T,2019-03-26,-0.001159280491324119
4911.T,2019-03-26,-0.015860546747622682
2502.T,2019-03-27,0.01471384149602425
3405.T,2019-03-27,0.0014692968723556982
3659.T,2019-03-27,0.004053216281843292
8804.T,2019-03-27,-0.011787869926720002
2503.T,2019-03-28,0.0063318405064924956
3436.T,2019-03-28,0.01689967552876564
4004.T,2019-03-28,0.022643827860528837
4324.T,2019-03-28,0.0024112976225726356
4519.T,2019-03-28,-0.0033193390468573072
4755.T,2019-03-28,0.006182401324355873
5101.T,2019-03-28,0.001153693174246441
5201.T,2019-03-28,0.0013859130296238302
5301.T,2019-03-28,-0.0014209104756393379
6723.T,2019-03-28,-0.02628395945093777
7272.T,2019-03-28,0.0042847689076661866
7751.T,2019-03-28,-0.0013106003661505234
2501.T,2019-03-29,-0.009104984784035573
4578.T,2019-03-29,0.006583472173197968
5214.T,2019-03-29,-0.007073056075770251
6361.T,2019-03-29,0.019016009452178143
1928.T,2019-04-26,0.0033498116662822198
9843.T,2019-05-17,-0.0167059999601449
7453.T,2019-05-23,-0.007984526938511354
8233.T,2019-05-23,0.009328647601583848
9602.T,2019-05-23,0.011241547060241261
3382.T,2019-05-24,0.007989641828200363
3086.T,2019-05-27,-0.0024177890480365566
6506.T,2019-05-29,-0.01532995875807847
6532.T,2019-05-30,-0.013972710439771385
8267.T,2019-05-30,-0.025686280138874147
7741.T,2019-06-07,-0.0023584338688656843
8697.T,2019-06-12,0.003805702645504375
4568.T,2019-06-17,0.019217962986271986
4689.T,2019-06-17,0.002386271699502915
6301.T,2019-06-17,-0.0071674530805760465
6861.T,2019-06-17,-0.01160646486493593
4503.T,2019-06-18,0.014562397406836163
4507.T,2019-06-18,0.01778002100097901
6758.T,2019-06-18,0.005133263440754504
8035.T,2019-06-18,-0.0020814182237468507
4902.T,2019-06-19,0.0069661545961749345
6501.T,2019-06-19,-0.00973920055622816
6594.T,2019-06-19,0.01149410122950299
6645.T,2019-06-19,0.009537262143527792
7205.T,2019-06-19,0.008378135823020591
7267.T,2019-06-19,0.003746721607756732
9101.T,2019-06-19,-0.0033917322349474345
9201.T,2019-06-19,-0.005541133402064045
9984.T,2019-06-19,0.018373069121688314
2768.T,2019-06-20,0.0006419943258463489
3401.T,2019-06-20,-0.028534541261855277
4061.T,2019-06-20,-0.01193765546381862
4506.T,2019-06-20,-0.004477059971052037
4523.T,2019-06-20,0.018865433717477585
5406.T,2019-06-20,-0.0031907265850209224
6098.T,2019-06-20,0.004217281673360905
6178.T,2019-06-20,0.009059973077916493
7013.T,2019-06-20,-0.006869792104723124
7186.T,2019-06-20,0.007176221750169472
8031.T,2019-06-20,-0.006444723197399503
8252.T,2019-06-20,-0.012091402397189144
8253.T,2019-06-20,-0.0006798447783856847
9433.T,2019-06-20,0.0006951702889606746
4005.T,2019-06-21,0.01995917419417334
5333.T,2019-06-21,0.008456247853750888
5411.T,2019-06-21,0.014165796410564889
5711.T,2019-06-21,0.015355536619846573
5802.T,2019-06-21,0.014224018872728781
6103.T,2019-06-21,-0.004649138255095445
6770.T,2019-06-21,0.0052284479825112536
6988.T,2019-06-21,0.014433781670349395
7203.T,2019-06-21,0.00018714460377399975
7211.T,2019-06-21,0.012108769591277335
8001.T,2019-06-21,0.006978563857720034
8002.T,2019-06-21,0.023888245714446654
8053.T,2019-06-21,0.003050050344975014
8058.T,2019-06-21,0.010258166341082528
8766.T,2019-06-21,-0.01249167600603186
9001.T,2019-06-21,-0.007532577188656055
9020.T,2019-06-21,-0.009617069039871294
9021.T,2019-06-21,-0.008875165562899114
9022.T,2019-06-21,-0.003456882872824007
9064.T,2019-06-21,-0.0026416118863114707
9107.T,2019-06-21,0.022747179130283134
9503.T,2019-06-21,0.008405045128198323
2432.T,2019-06-24,-0.02030499958292915
4043.T,2019-06-24,0.03502404413168875
4543.T,2019-06-24,-0.0002195084484587367
6701.T,2019-06-24,0.003717329937744661
6702.T,2019-06-24,0.004223303643021081
7270.T,2019-06-24,0.012429354095545495
7832.T,2019-06-24,-0.002982458921254968
8411.T,2019-06-24,0.0015946465616043042
8725.T,2019-06-24,-0.0038136038386194734
9202.T,2019-06-24,-0.0032462295412772255
9532.T,2019-06-24,-0.00466050151603615
1721.T,2019-06-25,0.012084854882421142
1925.T,2019-06-25,-0.021139067433513764
2801.T,2019-06-25,0.010242702818950618
2802.T,2019-06-25,0.016543052803528604
2871.T,2019-06-25,-0.00274384806074783
3402.T,2019-06-25,0.0006874516185596869
3407.T,2019-06-25,0.002520607963580528
4183.T,2019-06-25,-0.006709426921270306
4188.T,2019-06-25,-0.01010726175877109
4307.T,2019-06-25,0.002782883453267727
5332.T,2019-06-25,0.006863264844464645
5401.T,2019-06-25,0.004925963908625137
5631.T,2019-06-25,-0.0008186558362523813
5713.T,2019-06-25,0.009270957070865641
5714.T,2019-06-25,-0.00047367948299111007
6146.T,2019-06-25,-0.006811345686355701
6305.T,2019-06-25,-0.004504731439339353
6471.T,2019-06-25,-0.00917551953384079
6504.T,2019-06-25,0.011309067148702633
6841.T,2019-06-25,-0.004422328816283298
6971.T,2019-06-25,-0.010363577778986416
7733.T,2019-06-25,0.000552037909424056
7951.T,2019-06-25,0.008617531582046728
8015.T,2019-06-25,0.008273617678402453
8308.T,2019-06-25,-0.0006525715043590634
9104.T,2019-06-25,0.003784563221886258
9434.T,2019-06-25,0.006042843868482242
1332.T,2019-06-26,-0.008714108978892158
1605.T,2019-06-26,-0.00036546933033866635
1802.T,2019-06-26,0.008858027027773892
1812.T,2019-06-26,-0.0030531353735917133
2002.T,2019-06-26,-0.008022850163979245
2282.T,2019-06-26,0.008316614336958572
3092.T,2019-06-26,0.010777534694858471
3289.T,2019-06-26,-0.010683430313422585
4021.T,2019-06-26,-0.011856153085421971
4042.T,2019-06-26,0.01179602992112691
5020.T,2019-06-26,0.00944023187055978
6113.T,2019-06-26,0.0021117315516182393
6473.T,2019-06-26,0.02816909456374453
6753.T,2019-06-26,0.011729016539711902
6902.T,2019-06-26,0.008513593125807396
7004.T,2019-06-26,0.009675542534622472
7012.T,2019-06-26,0.0073269621770003
7202.T,2019-06-26,-0.010151861414082603
7735.T,2019-06-26,0.0440224200814394
7752.T,2019-06-26,-0.015946333297845974
8304.T,2019-06-26,0.006183554607131375
8795.T,2019-06-26,0.0049405507798092226
9432.T,2019-06-26,-0.01202519141662947
9735.T,2019-06-26,-0.004883025305157381
1801.T,2019-06-27,0.005548329388174365
1803.T,2019-06-27,-0.00038479474758213936
1808.T,2019-06-27,0.001332300744148241
1963.T,2019-06-27,0.0086948374687238
2269.T,2019-06-27,-0.007638979803456716
3861.T,2019-06-27,0.003803987922906692
4208.T,2019-06-27,0.004116926941083614
4502.T,2019-06-27,-0.01950672460594296
4661.T,2019-06-27,-0.014029527402050539
5019.T,2019-06-27,0.012275321470475237
5706.T,2019-06-27,0.000497264568536205
5801.T,2019-06-27,0.0075211212566519275
5803.T,2019-06-27,0.0037936869268019417
6273.T,2019-06-27,0.010761209164456307
6302.T,2019-06-27,-0.007006820763885008
6367.T,2019-06-27,0.03543491219171473
6479.T,2019-06-27,0.013574035219133633
6503.T,2019-06-27,0.011813833925400762
6674.T,2019-06-27,0.008967054588136701
6724.T,2019-06-27,-0.001862666610312402
6762.T,2019-06-27,0.025502492272597394
6857.T,2019-06-27,0.014607699834988767
6952.T,2019-06-27,-0.010989839284345037
6963.T,2019-06-27,0.02938552812425748
7011.T,2019-06-27,0.00496579696254793
7201.T,2019-06-27,0.013512901578907404
7261.T,2019-06-27,0.0013943283485156471
7731.T,2019-06-27,-0.007741156538571227
7911.T,2019-06-27,0.0055843109781081035
7912.T,2019-06-27,-0.008804268067435114
8306.T,2019-06-27,0.004789711762789976
8316.T,2019-06-27,0.0023582575673448437
8331.T,2019-06-27,0.013575944439276077
8354.T,2019-06-27,0.015528782819804814
8601.T,2019-06-27,0.015254339772625329
8630.T,2019-06-27,-0.007824789220116004
8801.T,2019-06-27,-0.0046622433448298955
8802.T,2019-06-27,-0.016258851243848245
9005.T,2019-06-27,0.002094984378382795
9007.T,2019-06-27,-0.017811791394272754
9008.T,2019-06-27,-0.030257243457965134
9009.T,2019-06-27,-0.01045261170296903
9501.T,2019-06-27,0.006659578279305561
9502.T,2019-06-27,-0.004827276606868389
9531.T,2019-06-27,-0.009423947482452035
9766.T,2019-06-27,-0.01616346450499199
2413.T,2019-06-28,0.006650900939789089
4063.T,2019-06-28,0.014598705712895078
4901.T,2019-06-28,0.007028007348777748
5233.T,2019-06-28,-0.0060310445638882115
6472.T,2019-06-28,-0.0094737283162568
6752.T,2019-06-28,0.0029477329964535713
6954.T,2019-06-28,-0.004943007731775309
6976.T,2019-06-28,0.01442894817716767
7269.T,2019-06-28,0.010784802368309088
7974.T,2019-06-28,0.0012504620217694776
8830.T,2019-06-28,-0.013049946723289923
4385.T,2019-09-27,-2.7423375279993223e-05
6920.T,2019-09-30,0.014908751042329414
3697.T,2019-11-28,0.0032978548716415678
9983.T,2019-11-29,0.002405907780868025
4751.T,2019-12-20,0.007149608908347092
4151.T,2020-03-12,-0.023534889113137336
2914.T,2020-03-19,-0.005136927023999488
6326.T,2020-03-19,0.024485835886528383
5108.T,2020-03-24,0.0005513762529487376
4452.T,2020-03-25,0.015790663947007635
4911.T,2020-03-25,0.03280676823310934
8804.T,2020-03-25,0.11740564449205476
1605.T,2020-03-26,-0.027013737465619587
2502.T,2020-03-26,-0.04436723887963809
3405.T,2020-03-26,-0.011228202777156693
3436.T,2020-03-26,-0.011683423808173141
3659.T,2020-03-26,-0.018275955884172912
4004.T,2020-03-26,0.02818790848504175
4704.T,2020-03-26,-0.04791259551042916
7272.T,2020-03-26,-0.0363806932815611
2503.T,2020-03-27,-0.0059614109959899644
4324.T,2020-03-27,-0.06262620505360532
4755.T,2020-03-27,-0.04295255230070425
5101.T,2020-03-27,-0.0011283133031042142
5201.T,2020-03-27,-0.00725137434850754
5301.T,2020-03-27,-0.010648194298947759
6723.T,2020-03-27,-0.0665712932671148
7751.T,2020-03-27,-0.012153378252323224
4519.T,2020-03-30,0.07605192226916613
4578.T,2020-03-30,0.06587287928363403
5214.T,2020-03-30,0.01459908765169806
6361.T,2020-03-30,-0.022545240197835555
1928.T,2020-04-24,-0.008316520490225085
9843.T,2020-05-15,0.0064878615070489394
8233.T,2020-05-21,-0.007266704147990391
8267.T,2020-05-25,-0.008852563472505948
3382.T,2020-05-28,0.026956346902000862
6506.T,2020-05-28,-0.024914271883162552
6532.T,2020-05-28,-0.013452316761535
7453.T,2020-05-28,0.001975053346761145
9602.T,2020-05-28,0.003056576018624281
3086.T,2020-05-29,-0.036975966472180405
3092.T,2020-06-12,-0.007841298940434355
3099.T,2020-06-15,-0.007549597145393768
4568.T,2020-06-15,6.120495322432459e-05
6861.T,2020-06-15,-0.012697853430166946
8697.T,2020-06-16,-0.002767491469091044
2768.T,2020-06-18,0.0006944635380296982
4503.T,2020-06-18,-0.011142663891143838
6178.T,2020-06-18,-0.012145055912116558
6594.T,2020-06-18,0.0011465348340503603
8253.T,2020-06-18,-0.006875628224907937
9433.T,2020-06-18,-0.013267596127161338
3401.T,2020-06-19,-0.0015574938747736646
4061.T,2020-06-19,-0.01131500033035957
4523.T,2020-06-19,-0.00785798990537683
5411.T,2020-06-19,-0.023112415194397506
6103.T,2020-06-19,-0.0025107893250275854
6902.T,2020-06-19,-0.02159257515877623
6988.T,2020-06-19,-0.0002813312960194892
7267.T,2020-06-19,-0.00938017768101683
8001.T,2020-06-19,-0.003011947242300639
8002.T,2020-06-19,-0.0009141447356323658
8031.T,2020-06-19,0.0006884366805860444
8053.T,2020-06-19,0.0030766764984844416
8058.T,2020-06-19,-0.00952243444776481
2432.T,2020-06-22,-0.025080933861298647
4689.T,2020-06-22,0.052476680937203764
6702.T,2020-06-22,-0.004783289905911997
7186.T,2020-06-22,0.00423323189366049
7205.T,2020-06-22,-0.010299757054615484
7832.T,2020-06-22,-0.026433760085393377
2801.T,2020-06-23,0.009840429703776814
3402.T,2020-06-23,0.006512505449309781
4307.T,2020-06-23,-0.005102302988643306
4506.T,2020-06-23,0.002661667183539243
5801.T,2020-06-23,-0.008647493451186736
6762.T,2020-06-23,-0.001169606944207098
7741.T,2020-06-23,-0.008881348597096885
8015.T,2020-06-23,-0.0015759507556171986
8035.T,2020-06-23,0.010233351634237676
8308.T,2020-06-23,-0.002773440197465577
9001.T,2020-06-23,0.00741625301736161
9020.T,2020-06-23,-0.0007761001155657723
9022.T,2020-06-23,0.005310973140312001
9104.T,2020-06-23,0.00871364001569
9107.T,2020-06-23,-0.028444729009414336
2802.T,2020-06-24,0.0005190125928700769
2871.T,2020-06-24,-0.00821177568815214
3407.T,2020-06-24,0.002938327242208553
4005.T,2020-06-24,-0.02501885682811627
4183.T,2020-06-24,-0.016922636130310042
4188.T,2020-06-24,-0.021244960557439435
4502.T,2020-06-24,0.0021844395806849297
4507.T,2020-06-24,-0.006994650227428591
5332.T,2020-06-24,-0.00116633951928714
5406.T,2020-06-24,-0.01864233862139861
6645.T,2020-06-24,0.017798416993308946
6701.T,2020-06-24,-0.0075835778165089865
6770.T,2020-06-24,0.01393334494188073
6841.T,2020-06-24,0.00934779666351512
7004.T,2020-06-24,-0.007069037225708745
7203.T,2020-06-24,0.016237993485931364
7270.T,2020-06-24,0.0053296362317073265
9021.T,2020-06-24,0.016387892295072735
9432.T,2020-06-24,-1.4616413977540897e-05
1332.T,2020-06-25,-0.006381324843446116
1801.T,2020-06-25,-0.027063751378861738
1802.T,2020-06-25,-0.009815579847530337
3289.T,2020-06-25,-0.025658468564183013
4021.T,2020-06-25,-0.015913224751658232
4043.T,2020-06-25,-0.013032708200015716
5019.T,2020-06-25,-0.0105160705726776
5802.T,2020-06-25,-0.02106388129978126
6113.T,2020-06-25,-0.013974645717554508
6473.T,2020-06-25,-0.024112625890755635
6971.T,2020-06-25,-0.01288058855379047
7012.T,2020-06-25,-0.033247592402966805
7013.T,2020-06-25,-0.021255842090353364
7211.T,2020-06-25,-0.0330342755665103
7261.T,2020-06-25,-0.03101367106164746
7735.T,2020-06-25,4.94815414447472e-05
8725.T,2020-06-25,-0.005786391386874179
8795.T,2020-06-25,-0.02386909847944811
9434.T,2020-06-25,-0.005636801934408531
9735.T,2020-06-25,-0.007000831799588363
9984.T,2020-06-25,0.009730645526217599
1721.T,2020-06-26,0.016002871147547663
1803.T,2020-06-26,0.024353880851406072
1812.T,2020-06-26,0.023759120645072223
1925.T,2020-06-26,0.00892328671884627
1963.T,2020-06-26,0.005957724845983437
2269.T,2020-06-26,-0.005407754767180795
2282.T,2020-06-26,0.0004985494582374541
3861.T,2020-06-26,0.0067098821831825355
4042.T,2020-06-26,0.007082839026364448
4208.T,2020-06-26,0.001964393815753092
4543.T,2020-06-26,-0.004602525809226493
4661.T,2020-06-26,-0.01839368419159141
5706.T,2020-06-26,-0.0003278388369079739
5713.T,2020-06-26,0.010509494772897173
6146.T,2020-06-26,0.008212631255282092
6273.T,2020-06-26,-0.005877225429212268
6367.T,2020-06-26,0.007607947591808219
6479.T,2020-06-26,-0.012165637948002754
6503.T,2020-06-26,-0.003418893492565212
6674.T,2020-06-26,-0.0011706724967672222
6724.T,2020-06-26,-0.01226062428226688
6752.T,2020-06-26,-0.0010307058282887221
6758.T,2020-06-26,-0.014812898460400603
6857.T,2020-06-26,0.010071846088642783
6952.T,2020-06-26,0.002995442622164621
6963.T,2020-06-26,-0.004722095369203792
6981.T,2020-06-26,-0.007639030053384774
7011.T,2020-06-26,-0.00983410226453264
7269.T,2020-06-26,0.0009114567312523518
7731.T,2020-06-26,-0.01648496658477286
7912.T,2020-06-26,0.011928367764731409
8316.T,2020-06-26,0.00791839886089953
8354.T,2020-06-26,0.003052358109764907
8411.T,2020-06-26,0.005542323739400747
8601.T,2020-06-26,0.00694196567612502
8630.T,2020-06-26,0.0008928758332109547
8766.T,2020-06-26,0.019600477044731963
8801.T,2020-06-26,-0.0015695849870825049
8802.T,2020-06-26,0.0019273650666752004
9005.T,2020-06-26,0.007763570520220017
9007.T,2020-06-26,-0.0012211700949466171
9008.T,2020-06-26,0.009583044609383655
9009.T,2020-06-26,0.01681229019896581
9501.T,2020-06-26,-0.002223913561403489
9502.T,2020-06-26,-0.004718770390134919
9503.T,2020-06-26,0.013219345685779697
9531.T,2020-06-26,-0.000552704958529558
4063.T,2020-06-29,0.007587904242543714
4901.T,2020-06-29,-0.006778767147963268
5233.T,2020-06-29,0.02520498812255547
5333.T,2020-06-29,0.006589845847222945
6301.T,2020-06-29,0.02175184364681718
6976.T,2020-06-29,0.006529716707150083
7202.T,2020-06-29,-0.003001630185131384
7752.T,2020-06-29,-0.025557358945867838
7974.T,2020-06-29,-0.0022161429358115645
8309.T,2020-06-29,0.0012437943651085921
8830.T,2020-06-29,-0.0034691665200434207
9101.T,2020-06-29,0.00614259100600896
9532.T,2020-06-29,-0.00121556914505082
9766.T,2020-06-29,-0.02044678341724991
5631.T,2020-06-30,0.006916715308731629
5711.T,2020-06-30,0.004690885256016409
6098.T,2020-06-30,-0.004364127907235303
6471.T,2020-06-30,0.019972926006371156
6753.T,2020-06-30,0.021932627190608574
6954.T,2020-06-30,0.007515014277797676
7951.T,2020-06-30,0.010114185295449486
5401.T,2020-07-02,-0.010429544000465467
7201.T,2020-07-06,0.030648695465272456
4902.T,2020-07-15,-0.004687733771748647
5714.T,2020-07-15,-0.017159420283378007
9202.T,2020-07-17,-0.03115460457248201
6305.T,2020-07-21,-0.0074960048483485005
7911.T,2020-07-21,-0.02651827383975455
6302.T,2020-07-31,-0.039245309394573574
6472.T,2020-07-31,-0.00992422922556005
6504.T,2020-08-06,0.003100782489411276
8252.T,2020-08-06,-0.0033528900028767057
5803.T,2020-08-17,-0.0016932095251680698
2002.T,2020-08-28,0.002826156711873796
6501.T,2020-08-31,-0.01021906412290102
4385.T,2020-09-25,-0.015185193815211119
6920.T,2020-09-29,0.028605001233438725
3697.T,2020-11-27,0.009525145218822908
9983.T,2020-11-27,0.000919949379514228
7453.T,2020-11-30,-0.0310827234935573
4751.T,2020-12-15,-0.02385704943694432
4151.T,2021-03-09,-0.01624014622275023
6326.T,2021-03-19,-0.004399964342521115
4519.T,2021-03-23,0.0018249470848808163
2914.T,2021-03-24,-0.0026957648632000286
3405.T,2021-03-25,0.004770270510925637
3436.T,2021-03-25,-0.035868918379046044
4704.T,2021-03-25,-0.01072729676997819
4911.T,2021-03-25,-0.004522462020588758
7272.T,2021-03-25,-0.00802338374380725
8804.T,2021-03-25,-0.017011200288148502
1605.T,2021-03-26,-0.009066234750131043
2502.T,2021-03-26,0.0027927399347529407
3659.T,2021-03-26,0.014595656313095545
4324.T,2021-03-26,-0.014334932972285615
4452.T,2021-03-26,0.0013486474441830668
5108.T,2021-03-26,0.007373251655389292
6361.T,2021-03-29,-0.01629235947314427
2503.T,2021-03-30,0.00802121550663605
4004.T,2021-03-30,0.02287481097574825
4755.T,2021-03-30,-0.022931665358287084
5101.T,2021-03-30,0.012192358840213293
5201.T,2021-03-30,0.022600614597043184
5301.T,2021-03-30,0.019612499030758748
7751.T,2021-03-30,0.009104272718320901
2501.T,2021-03-31,-0.003447405143814135
4578.T,2021-03-31,-0.0019805266900900457
5214.T,2021-03-31,-0.0007525182842453224
6723.T,2021-03-31,0.008553777049133966
1928.T,2021-04-28,0.0027712368629888356
9843.T,2021-05-14,0.0065553701762211605
6506.T,2021-05-27,0.006426565183370336
8233.T,2021-05-27,-0.013089148851370861
8267.T,2021-05-27,-0.019672847960207192
9602.T,2021-05-27,0.003485921666015657
3086.T,2021-05-28,0.018900544891792152
3382.T,2021-05-28,-0.002704397569913631
6532.T,2021-05-31,0.02181194243027671
7741.T,2021-06-04,-0.008336883736213255
8697.T,2021-06-09,-0.011384198756066178
3092.T,2021-06-14,-0.01933916961945817
6861.T,2021-06-14,0.024335351387393435
4689.T,2021-06-17,0.03524843549004088
6301.T,2021-06-17,-0.045578141061152
8035.T,2021-06-17,0.01072020094791043
8795.T,2021-06-17,0.037115537499502686
2768.T,2021-06-18,-0.016641564537917798
4503.T,2021-06-18,0.009192466739784865
4523.T,2021-06-18,0.06708071428471733
6098.T,2021-06-18,0.0070465009774537055
6988.T,2021-06-18,0.007785507263939843
8001.T,2021-06-18,-0.0015138019135779307
8031.T,2021-06-18,-0.03104597860205265
8053.T,2021-06-18,-0.02863489912813415
9064.T,2021-06-18,0.014712306270028013
9101.T,2021-06-18,-0.07385244205020207
9201.T,2021-06-18,-0.028198906359344657
4568.T,2021-06-21,0.002933559299476668
5631.T,2021-06-21,-0.004735198970367088
7733.T,2021-06-21,-0.015251972151608745
7832.T,2021-06-21,0.0006350679002779594
2432.T,2021-06-22,-0.0021306785474764535
2801.T,2021-06-22,0.00048789186759470166
2871.T,2021-06-22,0.018426757752801767
3402.T,2021-06-22,0.0002676100273947407
4061.T,2021-06-22,-0.0040965242775923075
4307.T,2021-06-22,0.006036780458400434
6701.T,2021-06-22,-0.016401669703842964
6902.T,2021-06-22,-0.000984457998108569
9020.T,2021-06-22,0.003119809042729609
9104.T,2021-06-22,0.0737218728276765
2802.T,2021-06-23,0.001961258862289139
3401.T,2021-06-23,0.0005971860552424135
4005.T,2021-06-23,-0.013699811637191268
4507.T,2021-06-23,-0.004838863394090489
4543.T,2021-06-23,0.0007762774420165004
5019.T,2021-06-23,0.006329610326429205
5401.T,2021-06-23,-0.011051762274176806
5406.T,2021-06-23,-0.01385217387788351
6103.T,2021-06-23,-0.00032375696693439596
6501.T,2021-06-23,-0.008116215202405793
6594.T,2021-06-23,0.006395239178618523
6762.T,2021-06-23,0.0009396942577290443
6841.T,2021-06-23,-0.0061191289624828935
7186.T,2021-06-23,0.008529952594249825
7267.T,2021-06-23,-0.004499283024517494
8253.T,2021-06-23,-0.005569765468880172
9001.T,2021-06-23,-0.006978359792702869
9022.T,2021-06-23,-0.0008183547724789136
9107.T,2021-06-23,0.010808554136659253
9434.T,2021-06-23,0.01215562053793329
4188.T,2021-06-24,0.012853628776629834
4506.T,2021-06-24,0.007640844984353305
5711.T,2021-06-24,0.014406123699587837
5714.T,2021-06-24,0.01770648954458559
5801.T,2021-06-24,-0.006611047954001158
6857.T,2021-06-24,-0.019112294851630785
7013.T,2021-06-24,-0.004071136831414763
7203.T,2021-06-24,0.004274632644504681
7205.T,2021-06-24,0.014141468321552664
7211.T,2021-06-24,0.005289274163954689
7270.T,2021-06-24,0.018182371907874965
8002.T,2021-06-24,0.006919175634079065
8015.T,2021-06-24,-0.002848214569118575
8309.T,2021-06-24,0.009087647820043083
8601.T,2021-06-24,-0.0053799812358954514
9021.T,2021-06-24,-0.02780278123936527
1332.T,2021-06-25,0.0014353517876332326
1802.T,2021-06-25,-0.004081755552795153
2002.T,2021-06-25,-0.0024741078502496525
2282.T,2021-06-25,0.005323284129610948
3099.T,2021-06-25,-0.010539197456948226
3289.T,2021-06-25,-0.022061793685832054
3407.T,2021-06-25,0.0005929198102213873
4021.T,2021-06-25,0.0037180028831187446
4042.T,2021-06-25,-0.0020862725558393573
4183.T,2021-06-25,0.025921156453148048
5020.T,2021-06-25,0.002571806460155252
5332.T,2021-06-25,-0.009172210069456906
5411.T,2021-06-25,0.026634559708440867
5713.T,2021-06-25,-0.007667772638431845
5802.T,2021-06-25,0.0065463818919611495
6113.T,2021-06-25,0.008333223123700797
6471.T,2021-06-25,0.001297828320734322
6473.T,2021-06-25,-0.003963197299100997
6504.T,2021-06-25,-0.017131381746989353
6645.T,2021-06-25,0.0171753462633693
6770.T,2021-06-25,-0.0004721192967768236
6963.T,2021-06-25,-0.0066584479867729095
6971.T,2021-06-25,0.00427467780194485
7012.T,2021-06-25,0.0173402243307158
7202.T,2021-06-25,-0.014044758844217919
7261.T,2021-06-25,0.0723881195457893
7269.T,2021-06-25,0.0015949129708982355
7735.T,2021-06-25,-0.010996372127374351
7752.T,2021-06-25,-0.021686546605964592
7951.T,2021-06-25,0.0003801056042508945
8058.T,2021-06-25,0.0052752654632335794
8252.T,2021-06-25,-0.010040746432017234
8304.T,2021-06-25,-0.0012784858160066453
8308.T,2021-06-25,-0.010592275784864024
8630.T,2021-06-25,-0.009086573812520697
8766.T,2021-06-25,-0.0003574564047357665
9432.T,2021-06-25,-0.003446162341874226
9735.T,2021-06-25,-0.01666647700139239
1801.T,2021-06-28,0.007637359158761355
1812.T,2021-06-28,0.006184153362263837
4043.T,2021-06-28,0.0020032145556856213
5333.T,2021-06-28,-0.008290743883151907
6472.T,2021-06-28,0.0037517388954015946
6702.T,2021-06-28,0.00779414025482557
6724.T,2021-06-28,-0.010372753339281924
8331.T,2021-06-28,0.009896020870465162
8725.T,2021-06-28,4.436975074760302e-05
9502.T,2021-06-28,0.004681132251218717
9503.T,2021-06-28,0.008753466458915579
9532.T,2021-06-28,0.006712384014603457
1721.T,2021-06-29,0.0016138510287726417
1803.T,2021-06-29,-0.008482938027292834
1808.T,2021-06-29,0.00860778567878509
1925.T,2021-06-29,0.0028526696287082525
1963.T,2021-06-29,-0.010118444563419905
2269.T,2021-06-29,-0.008393399332726034
3861.T,2021-06-29,-0.005936849097797759
4208.T,2021-06-29,-0.012000195312170748
4502.T,2021-06-29,-0.007617428880404727
4661.T,2021-06-29,0.0030916009324338687
4902.T,2021-06-29,-0.029603991215662602
5706.T,2021-06-29,-0.006395872359422338
6146.T,2021-06-29,-0.0024502078821249072
6273.T,2021-06-29,0.02069418757937251
6302.T,2021-06-29,-0.020025274501677383
6305.T,2021-06-29,0.0030891289720801074
6367.T,2021-06-29,0.02638542564013687
6479.T,2021-06-29,0.010958939326268794
6503.T,2021-06-29,-0.00659436331743962
6674.T,2021-06-29,-0.01999156330850984
6952.T,2021-06-29,-0.01129889960530727
6981.T,2021-06-29,0.015091607464041536
7011.T,2021-06-29,-0.027935059058561383
7201.T,2021-06-29,-0.009502854853354701
7731.T,2021-06-29,-0.022272320970844674
7911.T,2021-06-29,-0.008092935386126335
7912.T,2021-06-29,-0.00975645610604148
8306.T,2021-06-29,-0.009063992429378501
8316.T,2021-06-29,-0.010260283432163085
8801.T,2021-06-29,-0.006684134888818839
8802.T,2021-06-29,-0.00147222507045319
9005.T,2021-06-29,0.006321448968937816
9007.T,2021-06-29,0.0033978457826976637
9008.T,2021-06-29,0.0033650534877530617
9009.T,2021-06-29,0.005625263107373955
9531.T,2021-06-29,0.003106850080024341
9766.T,2021-06-29,0.0005687647004116517
4063.T,2021-06-30,-0.008409753886510602
4901.T,2021-06-30,0.008872607722264881
5233.T,2021-06-30,-0.025608508703237654
5803.T,2021-06-30,0.022267860870455923
6753.T,2021-06-30,0.027126358604500037
6954.T,2021-06-30,0.005607889349094013
6976.T,2021-06-30,0.014661703080331838
7974.T,2021-06-30,0.002255636013590529
8830.T,2021-06-30,-0.00474494270673667
9202.T,2021-06-30,-0.011017760759325075
9501.T,2021-06-30,-0.00882006539926638
4385.T,2021-09-29,0.006538885729424106
6920.T,2021-09-29,0.009293511438724478
9983.T,2021-11-26,-0.012876443014929725
3697.T,2021-11-29,0.019054280804527864
7453.T,2021-11-29,-0.007568412730021297
4751.T,2021-12-10,-0.0007477836145068188
4151.T,2022-03-08,0.0256565138460474
6326.T,2022-03-18,0.003343705100790095
2914.T,2022-03-23,0.003323935862988287
5108.T,2022-03-23,-0.01616624509147015
3405.T,2022-03-24,-0.0004828573331969741
7272.T,2022-03-24,0.026463693083536816
4452.T,2022-03-25,-0.001268922514028001
4911.T,2022-03-25,-0.011741705959003623
1605.T,2022-03-28,0.005968433492396241
2502.T,2022-03-28,-0.00047171005005708496
3659.T,2022-03-28,-0.005865200624623852
3436.T,2022-03-29,-0.010212236374500222
4519.T,2022-03-29,0.0005908684175420786
4704.T,2022-03-29,0.007677818206117668
8804.T,2022-03-29,-0.015272250095196647
2503.T,2022-03-30,0.003035244931514731
4004.T,2022-03-30,0.02379842915603862
4324.T,2022-03-30,0.015472976252791204
4755.T,2022-03-30,0.005748631905931939
5101.T,2022-03-30,0.024869032942904577
5201.T,2022-03-30,0.020106921717294543
5301.T,2022-03-30,0.017139672334557134
6361.T,2022-03-30,0.00438028363393082
6723.T,2022-03-30,0.048841838501195584
7751.T,2022-03-30,0.007872965014689204
2501.T,2022-03-31,-0.010530861122758337
4578.T,2022-03-31,-0.0010969022087540456
5214.T,2022-03-31,-0.008348030087113519
1928.T,2022-04-27,-0.0012064728825489038
9843.T,2022-05-20,-0.020413914525240426
8233.T,2022-05-26,0.013187471795060938
8267.T,2022-05-26,-0.0025450236826051586
9602.T,2022-05-26,0.013200870536538642
3086.T,2022-05-27,0.04207777904255121
3382.T,2022-05-27,-0.0020030560444956325
6506.T,2022-05-27,-0.006796560416874452
6532.T,2022-05-30,0.08193621372952464
7741.T,2022-06-03,0.005506122154190564
8697.T,2022-06-09,0.002349429873179652
6861.T,2022-06-13,-0.008038856663388376
3092.T,2022-06-14,0.0013976191537156887
4689.T,2022-06-16,-0.020382318467288326
8795.T,2022-06-16,0.007669620657906293
2768.T,2022-06-17,-0.010485943784329056
6988.T,2022-06-17,-0.007401017289541862
9064.T,2022-06-17,0.03530873778609971
4503.T,2022-06-20,0.026842761335969675
4902.T,2022-06-20,-0.007787470446350914
6178.T,2022-06-20,-0.0021661582453392095
6301.T,2022-06-20,-0.04308155480401804
6594.T,2022-06-20,-0.0009828229674319275
7832.T,2022-06-20,0.02334174348458517
2801.T,2022-06-21,-0.02014105711184279
4307.T,2022-06-21,0.010953611521523302
5801.T,2022-06-21,0.008657954763947772
6902.T,2022-06-21,-0.01634327394400314
7733.T,2022-06-21,-0.004092096684644341
8035.T,2022-06-21,-0.006426030350143476
9104.T,2022-06-21,-5.560843432923443e-05
3401.T,2022-06-22,-0.008201367295165497
4061.T,2022-06-22,-0.004125904575743099
5406.T,2022-06-22,-0.01080919728311502
6098.T,2022-06-22,0.010198139326591246
6472.T,2022-06-22,-0.025358129071660657
6501.T,2022-06-22,-0.0038240205101621153
6701.T,2022-06-22,0.005305544047919771
6841.T,2022-06-22,0.0034777242342287473
6857.T,2022-06-22,-0.018982686761727624
7186.T,2022-06-22,-0.004179074825251442
7267.T,2022-06-22,0.022601748648303534
8031.T,2022-06-22,-0.030410785040360173
8253.T,2022-06-22,-0.016412830525834143
8316.T,2022-06-22,0.0003698403817303796
8411.T,2022-06-22,0.0033147921117427275
9020.T,2022-06-22,-0.01672053012026246
9201.T,2022-06-22,-0.004402244194996893
2802.T,2022-06-23,0.014834676327781354
3402.T,2022-06-23,-0.012269444460382866
4005.T,2022-06-23,-0.01130110731168603
4506.T,2022-06-23,0.02397755103505838
4543.T,2022-06-23,0.002946539057417029
5019.T,2022-06-23,-0.010132899464729317
5401.T,2022-06-23,-0.013309440315710921
6103.T,2022-06-23,-0.026952443784495038
6770.T,2022-06-23,0.002751053375452004
7004.T,2022-06-23,-0.0040498299237694
7013.T,2022-06-23,-0.01410906684611692
7203.T,2022-06-23,-0.014041655857278203
7205.T,2022-06-23,0.0015549274214665988
7270.T,2022-06-23,-0.030870008790424282
7951.T,2022-06-23,-0.004767590579654535
8304.T,2022-06-23,0.006885886874732329
9001.T,2022-06-23,0.005568578711086562
9022.T,2022-06-23,0.018373511289777357
9107.T,2022-06-23,-0.045910630726728394
9433.T,2022-06-23,0.0058718537345501896
1802.T,2022-06-24,-0.01593810016145152
2871.T,2022-06-24,0.006128236350054434
3407.T,2022-06-24,0.00941758130451584
4042.T,2022-06-24,-0.004843839626251383
4183.T,2022-06-24,-0.00574677752912121
4188.T,2022-06-24,-0.013120278795992197
4507.T,2022-06-24,0.04554832698012154
5332.T,2022-06-24,0.03385074419146665
5411.T,2022-06-24,-0.010413500530119123
5631.T,2022-06-24,-0.011312143282595867
5713.T,2022-06-24,-0.02063434993389743
5714.T,2022-06-24,0.008836914976779051
5802.T,2022-06-24,-0.0005790243652279946
6645.T,2022-06-24,0.0354199674588526
6752.T,2022-06-24,0.0003238498930728962
6753.T,2022-06-24,-0.00402963991088294
6762.T,2022-06-24,-0.0074527949077550434
6963.T,2022-06-24,0.029229145978217456
7012.T,2022-06-24,-0.007993835278626193
7211.T,2022-06-24,-0.09999416923616794
8002.T,2022-06-24,-0.011966734434549554
8015.T,2022-06-24,-0.01861654165912405
8053.T,2022-06-24,-0.007084501354473221
8058.T,2022-06-24,-0.006026758585739079
8309.T,2022-06-24,-0.013964310309324275
8630.T,2022-06-24,-0.03809918176206448
8766.T,2022-06-24,-0.0026966114970978974
9021.T,2022-06-24,-0.0051995077579466325
9434.T,2022-06-24,-0.0005284997570139211
2282.T,2022-06-27,-0.020052769779508983
2432.T,2022-06-27,0.009441489447206972
3099.T,2022-06-27,-0.011228611703131044
4043.T,2022-06-27,0.006635099176348037
4568.T,2022-06-27,-0.008569559089886065
5333.T,2022-06-27,0.017229318058613094
6702.T,2022-06-27,-0.007432636740170362
7261.T,2022-06-27,-0.012902724710061538
7735.T,2022-06-27,0.010239033719080328
7752.T,2022-06-27,-0.004889376857479751
8306.T,2022-06-27,-0.011576354352484568
8725.T,2022-06-27,0.0016774967993251413
9432.T,2022-06-27,-0.021243092072937744
1332.T,2022-06-28,0.01902114781243556
2002.T,2022-06-28,0.007826434046906876
3289.T,2022-06-28,0.02068762926640627
4021.T,2022-06-28,-0.004060545143653255
5020.T,2022-06-28,0.013469260347801024
5711.T,2022-06-28,0.005145889259483729
6113.T,2022-06-28,-0.01199313331696744
6305.T,2022-06-28,0.02325141089262578
6471.T,2022-06-28,-0.0030657225244345634
6473.T,2022-06-28,0.003446297068630911
6504.T,2022-06-28,-0.004129197586669724
6758.T,2022-06-28,-0.009183599755302863
6971.T,2022-06-28,-0.005379033527015149
7202.T,2022-06-28,-0.0006372719420272514
8308.T,2022-06-28,0.011150078915663093
9532.T,2022-06-28,0.013186248764675258
9735.T,2022-06-28,0.007762103223719262
1721.T,2022-06-29,0.000473930316054803
1801.T,2022-06-29,0.0036484318663923846
1803.T,2022-06-29,0.006123612649777758
1808.T,2022-06-29,-0.0003598093938923493
1812.T,2022-06-29,0.008500345119748632
1925.T,2022-06-29,0.006914995340199587
1963.T,2022-06-29,-0.013078306426462679
2269.T,2022-06-29,0.005573222455170326
2413.T,2022-06-29,0.017749275397816185
3861.T,2022-06-29,-0.007109053897974208
4208.T,2022-06-29,-0.0026417152287467978
4502.T,2022-06-29,0.001304011196509471
4661.T,2022-06-29,0.011904649631287616
5706.T,2022-06-29,0.007723595596040807
5803.T,2022-06-29,-0.011327038814550383
6146.T,2022-06-29,-0.009460942125971943
6273.T,2022-06-29,-0.024641898235302304
6302.T,2022-06-29,-0.0023535017179392523
6367.T,2022-06-29,0.0009998639621934605
6479.T,2022-06-29,-0.006393643663752502
6503.T,2022-06-29,-0.0026518299675863874
6674.T,2022-06-29,0.007590778286436412
6724.T,2022-06-29,-0.029887638775441414
6952.T,2022-06-29,-0.0007014599364086379
6981.T,2022-06-29,-0.017212970029552865
7011.T,2022-06-29,0.0007998661221709901
7269.T,2022-06-29,0.0005157455143434183
7731.T,2022-06-29,-0.004783209222189423
7911.T,2022-06-29,-0.007769875795635624
7912.T,2022-06-29,0.0001311070241346553
8252.T,2022-06-29,-0.0028407029234753236
8331.T,2022-06-29,0.011449608665759513
8354.T,2022-06-29,0.006205703375285578
8601.T,2022-06-29,-0.016062849427626927
8801.T,2022-06-29,0.014651822194743515
8802.T,2022-06-29,0.009152577012172826
9005.T,2022-06-29,0.01058907208072553
9007.T,2022-06-29,0.021467535179831944
9008.T,2022-06-29,0.02862124475874964
9009.T,2022-06-29,0.02927020655945027
9501.T,2022-06-29,0.051383339824766665
9502.T,2022-06-29,0.0006109164005501677
9503.T,2022-06-29,-0.0013541080460014385
9531.T,2022-06-29,0.008573628455699709
9766.T,2022-06-29,-0.003290857981504046
4063.T,2022-06-30,-0.002379364626554463
4901.T,2022-06-30,0.01447874982990493
5233.T,2022-06-30,0.00484020252366062
6954.T,2022-06-30,-0.01958130708766632
6976.T,2022-06-30,-0.02651364529262712
7201.T,2022-06-30,-0.020233280354906614
7974.T,2022-06-30,0.001134698559715347
8830.T,2022-06-30,-0.014861699818148675
4385.T,2022-09-28,-0.03217730693322961
6920.T,2022-09-29,-0.0311629405592222
7453.T,2022-11-24,0.009602450401606963
9983.T,2022-11-25,-0.011143150469587311
3697.T,2022-11-29,0.01756022837605158
4751.T,2022-12-09,0.00848800769149444
4151.T,2023-03-09,-0.0023292756614150057
7272.T,2023-03-23,0.005127737906279713
2914.T,2023-03-24,-0.0014851627361395074
4452.T,2023-03-24,0.0022553303379093713
4911.T,2023-03-24,-0.0021828928936883972
6326.T,2023-03-24,-0.013111753177637875
3659.T,2023-03-27,0.03184015573877864
4704.T,2023-03-28,0.0015707643505096062
5108.T,2023-03-28,-0.0014574387210489334
1605.T,2023-03-29,0.015019903532088508
2502.T,2023-03-29,-0.003006154833488449
3405.T,2023-03-29,0.004600041492840903
3436.T,2023-03-29,-0.017586039669710438
8804.T,2023-03-29,0.0025024745925751983
2503.T,2023-03-30,0.0018258424193283076
4004.T,2023-03-30,0.014316496512696213
4324.T,2023-03-30,0.012384416391342884
4519.T,2023-03-30,-0.0043664589113531875
4755.T,2023-03-30,0.0033116124584644732
5101.T,2023-03-30,0.023651965927352036
5201.T,2023-03-30,0.012160436604771188
5301.T,2023-03-30,0.022662079019312734
6302.T,2023-03-30,0.003332745760586722
6361.T,2023-03-30,0.01192931475431158
7751.T,2023-03-30,0.016691163025563897
2501.T,2023-03-31,-0.011821301654930724
4578.T,2023-03-31,-0.005853287549096312
