paper,run_id,window_start,window_end,spec,year_fe,industry_fe,nobs,r2,beta_gpt_z,se_gpt_z,p_gpt_z,beta_ln_market_cap,se_ln_market_cap,p_ln_market_cap,beta_ln_volatility,se_ln_volatility,p_ln_volatility,beta_lmmd_z,se_lmmd_z,p_lmmd_z,beta_neg_z,se_neg_z,p_neg_z,beta_pos_z,se_pos_z,p_pos_z,beta_disagreement,se_disagreement,p_disagreement
paper1,1,0,0,GPT,False,False,1086,0.00725451884533912,0.13648018944161916,0.05338011339397463,0.010565179443626133,,,,,,,,,,,,,,,,,,
paper1,1,0,0,GPT+IndFE,False,True,1086,0.05730701544679728,0.14235470919857884,0.0535045505410146,0.007799938754305035,,,,,,,,,,,,,,,,,,
paper1,1,0,0,GPT+YearFE,True,False,1086,0.01744444439386683,0.10885692452048235,0.06597249570355739,0.09893578525538346,,,,,,,,,,,,,,,,,,
paper1,1,0,0,GPT+YearFE+IndFE,True,True,1086,0.06687745668322365,0.11583164258235057,0.06414542035243774,0.07095484127105117,,,,,,,,,,,,,,,,,,
paper1,1,0,0,GPT+Controls,False,False,1086,0.008300484850162881,0.12791239149657874,0.05537103272793685,0.0208828495728423,0.012202029444804304,0.037934408212612576,0.7477093312646865,-0.12943327102760505,0.1323941361412514,0.3282543955047459,,,,,,,,,,,,
paper1,1,0,0,GPT+Controls+IndFE,False,True,1086,0.057633222000271433,0.13612761194523146,0.05553166512673071,0.014232103081296592,-0.012691715123409483,0.041483589928335236,0.7596461884891776,-0.08433792990663579,0.1287062501756904,0.5122910047717135,,,,,,,,,,,,
paper1,1,0,0,GPT+Controls+YearFE,True,False,1086,0.018470541987812616,0.10915903808345837,0.06614691543230475,0.09889153322557977,0.024117596628244267,0.03841495879703344,0.5301232749794488,0.17306995652232957,0.20053366798805178,0.38811169212210006,,,,,,,,,,,,
paper1,1,0,0,GPT+Controls+YearFE+IndFE,True,True,1086,0.06911271568807276,0.11671108114730643,0.06384488114700144,0.06754334975411742,0.0007780614112077674,0.041838517711699656,0.9851627772666031,0.28667513110326975,0.19822067003659036,0.14810923427757713,,,,,,,,,,,,
paper1,1,0,0,LMMD,False,False,1086,0.00771335049953259,,,,,,,,,,0.14073005041504136,0.0482610449565119,0.003545306439972697,,,,,,,,,
paper1,1,0,0,LMMD+IndFE,False,True,1086,0.05655372980945339,,,,,,,,,,0.14849443022913275,0.04825044458642514,0.002086913255143384,,,,,,,,,
paper1,1,0,0,LMMD+YearFE,True,False,1086,0.018326402275339104,,,,,,,,,,0.11059137858080172,0.05354517153825285,0.03888661414020535,,,,,,,,,
paper1,1,0,0,LMMD+YearFE+IndFE,True,True,1086,0.06674506565453742,,,,,,,,,,0.11356790081564747,0.0542136541049908,0.03618690807409611,,,,,,,,,
paper1,1,0,0,LMMD+Controls,False,False,1086,0.009030914433492243,,,,0.008975516918212457,0.03888300171748697,0.8174438042308831,-0.15147106105767563,0.13032391074832586,0.24512739978017806,0.13378636538861807,0.04904438817580321,0.006374610240816413,,,,,,,,,
paper1,1,0,0,LMMD+Controls+IndFE,False,True,1086,0.057335371564606774,,,,-0.018775526251039912,0.041320891550340265,0.6495529145318487,-0.12886976177008475,0.12620163669421863,0.307187279141071,0.14371911314582475,0.04955035435943621,0.0037260837781780097,,,,,,,,,
paper1,1,0,0,LMMD+Controls+YearFE,True,False,1086,0.019338824325044857,,,,0.022489823772486976,0.039436035784437454,0.5684836545087537,0.17424565401351264,0.20162986743809402,0.38748587044626537,0.11062467896289356,0.05318021885443755,0.03750859269871963,,,,,,,,,
paper1,1,0,0,LMMD+Controls+YearFE+IndFE,True,True,1086,0.06872153060781272,,,,-0.0029390018642991636,0.04214771966262424,0.9444077820418623,0.2660476422695504,0.20103575862862882,0.1857074852458952,0.11057202300981339,0.0545017814507663,0.042480892401620916,,,,,,,,,
paper1,1,0,0,GPT+LMMD,False,False,1086,0.01043548958818974,0.09283966189476366,0.05840381981445589,0.11192132860609129,,,,,,,0.10035944052263951,0.052736247137372565,0.057034700647161665,,,,,,,,,
paper1,1,0,0,GPT+LMMD+IndFE,False,True,1086,0.059592790409696006,0.10187013066272503,0.05943088164141735,0.08651142331985757,,,,,,,0.09715788024914845,0.053602022871480345,0.06989683896703253,,,,,,,,,
paper1,1,0,0,GPT+LMMD+YearFE,True,False,1086,0.01973968879219168,0.07405372374671454,0.06710471732458638,0.269786366805953,,,,,,,0.08577075014717125,0.05383145474703316,0.11108835278343877,,,,,,,,,
paper1,1,0,0,GPT+LMMD+YearFE+IndFE,True,True,1086,0.06845790808947516,0.08475105074778767,0.066217090251933,0.20058138631647027,,,,,,,0.08126806181372419,0.0550767378003832,0.14006677813819685,,,,,,,,,
paper1,1,0,0,GPT+LMMD+Controls,False,False,1086,0.011319723921158431,0.0862222945041986,0.060040424336816015,0.1509822230458167,0.012580448028248063,0.03803948545224422,0.7408554099767211,-0.11665293472339411,0.13253125275172936,0.3787553625597765,0.09790128860066517,0.05309280200716925,0.0651881863418066,,,,,,,,,
paper1,1,0,0,GPT+LMMD+Controls+IndFE,False,True,1086,0.059925951330549454,0.0958110673905051,0.06086220898079215,0.11543446781134631,-0.015532505204147874,0.041085506471097745,0.7053911096513146,-0.08156989901775256,0.1285639919269456,0.5257746311509407,0.09740646685353486,0.05412717187841767,0.07192613222253896,,,,,,,,,
paper1,1,0,0,GPT+LMMD+Controls+YearFE,True,False,1086,0.02076284142634155,0.07437005728427615,0.06748199112987639,0.2704300854072825,0.023936931510177964,0.03862977078822224,0.5354883422861559,0.17306945386185668,0.2008665002516327,0.38889978592480634,0.08571606011394536,0.05360774253212555,0.10983187789424174,,,,,,,,,
paper1,1,0,0,GPT+LMMD+Controls+YearFE+IndFE,True,True,1086,0.07053247138052332,0.08718142343417454,0.06598924815746793,0.18645272708887495,-0.0021613944763933216,0.04185846400540185,0.9588189083178906,0.2735980204599007,0.1996117236615132,0.1704837580339661,0.07721288256839338,0.05549166632317114,0.16409445394577404,,,,,,,,,
paper1,1,0,0,LMMD_Neg,False,False,1086,0.007785683522338993,,,,,,,,,,,,,-0.14138836851142866,0.04587988102227216,0.0020581704608767636,,,,,,
paper1,1,0,0,LMMD_Neg+IndFE,False,True,1086,0.05586404321799476,,,,,,,,,,,,,-0.1380014609257392,0.04595032332019794,0.0026709089464391103,,,,,,
paper1,1,0,0,LMMD_Neg+YearFE,True,False,1086,0.018215235804425856,,,,,,,,,,,,,-0.1103968439424529,0.04915030152954322,0.024697145158193948,,,,,,
paper1,1,0,0,LMMD_Neg+YearFE+IndFE,True,True,1086,0.06594783464180454,,,,,,,,,,,,,-0.09964882510883516,0.05015195746283316,0.04692927885338166,,,,,,
paper1,1,0,0,LMMD_Neg+Controls,False,False,1086,0.008905103402600423,,,,0.010468904313783695,0.03840718217166408,0.7851785977917016,-0.13703619060292715,0.13044488440247723,0.2934747654835105,,,,-0.13334414396969868,0.04662823322792066,0.004240022161745254,,,,,,
paper1,1,0,0,LMMD_Neg+Controls+IndFE,False,True,1086,0.056579673948622844,,,,-0.014549557076123725,0.041140462333609525,0.7235969610404818,-0.12634924801806827,0.1264137552808122,0.31755751977340574,,,,-0.13222515018639205,0.04685182320949367,0.00476956297883127,,,,,,
paper1,1,0,0,LMMD_Neg+Controls+YearFE,True,False,1086,0.019383592668545613,,,,0.023891922451372248,0.03888645376046409,0.5389495872727715,0.18772064952604703,0.20030476696792895,0.3486684714022694,,,,-0.11248280712603022,0.048775108967214084,0.02110214970474573,,,,,,
paper1,1,0,0,LMMD_Neg+Controls+YearFE+IndFE,True,True,1086,0.06789009292139536,,,,0.00045298840412986643,0.04180738698344244,0.9913549875260826,0.2673043353666467,0.20078681173640298,0.18309547356550826,,,,-0.09550066170847428,0.05032999949824251,0.057763321041171024,,,,,,
paper1,1,0,0,LMMD_Pos,False,False,1086,0.0016834489030408406,,,,,,,,,,,,,,,,0.06574538600102484,0.04663183643069099,0.15857453361938734,,,
paper1,1,0,0,LMMD_Pos+IndFE,False,True,1086,0.051786224629452815,,,,,,,,,,,,,,,,0.08654373878578797,0.05311035226370012,0.10320554307037884,,,
paper1,1,0,0,LMMD_Pos+YearFE,True,False,1086,0.014937156118407513,,,,,,,,,,,,,,,,0.05194329399883217,0.048681562075539954,0.2859712120057839,,,
paper1,1,0,0,LMMD_Pos+YearFE+IndFE,True,True,1086,0.06445806078497285,,,,,,,,,,,,,,,,0.07145663053397829,0.05528998333483618,0.19621955774528643,,,
paper1,1,0,0,LMMD_Pos+Controls,False,False,1086,0.003776022780895283,,,,0.005527156247226938,0.03959730662840832,0.8889885672854917,-0.19653789912577455,0.1303208722465804,0.13152698795420242,,,,,,,0.06406981750265159,0.04735195323388439,0.17603792249679195,,,
paper1,1,0,0,LMMD_Pos+Controls+IndFE,False,True,1086,0.05299642583175146,,,,-0.019372617428060925,0.04251371215788916,0.6486206291726639,-0.16279749039155803,0.125648237028814,0.19509238568930531,,,,,,,0.08477184434397583,0.054215905296783294,0.11791216413732648,,,
paper1,1,0,0,LMMD_Pos+Controls+YearFE,True,False,1086,0.01588017190846991,,,,0.02128852090445687,0.03997598814275204,0.5943570999733061,0.16888423226143798,0.20355669722007885,0.4067272010299052,,,,,,,0.05024807409283621,0.0489074187954839,0.30422645391120506,,,
paper1,1,0,0,LMMD_Pos+Controls+YearFE+IndFE,True,True,1086,0.06661727572564025,,,,-0.0018742009446155942,0.04292864316650728,0.965176605429091,0.27919481953438025,0.19999716690833785,0.1627163403376115,,,,,,,0.07107440708470908,0.054967120146437634,0.19599897380081854,,,
paper1,1,0,0,LMMD_PosNeg,False,False,1086,0.008935549055352543,,,,,,,,,,,,,-0.13691839867135228,0.04564728218421292,0.0027043526351646662,0.054519698162738814,0.04658429349875798,0.24186213198892792,,,
paper1,1,0,0,LMMD_PosNeg+IndFE,False,True,1086,0.05704607819493113,,,,,,,,,,,,,-0.12966953976071346,0.046104127112781286,0.0049152446493484,0.0673008228478739,0.05268104462827693,0.20142050075295204,,,
paper1,1,0,0,LMMD_PosNeg+YearFE,True,False,1086,0.01899218063495789,,,,,,,,,,,,,-0.10736323728644706,0.04851621366842014,0.026902113062000358,0.04526762650115315,0.04809827185482334,0.34662865661623066,,,
paper1,1,0,0,LMMD_PosNeg+YearFE+IndFE,True,True,1086,0.06687567513505532,,,,,,,,,,,,,-0.09296335906084618,0.049605729740730145,0.0609242528095101,0.06017985973352382,0.054268355033913494,0.26745996114317705,,,
paper1,1,0,0,LMMD_PosNeg+Controls,False,False,1086,0.01003225364425464,,,,0.010368844176501182,0.03857650966106611,0.7880939993190652,-0.13563586101565053,0.13071393620871208,0.2994310886390791,,,,-0.1290005754520385,0.046307167829805616,0.00534026801865833,0.053981261357365945,0.04707056902758584,0.2514578536237557,,,
paper1,1,0,0,LMMD_PosNeg+Controls+IndFE,False,True,1086,0.05774655592908684,,,,-0.017265501872065447,0.0412875212180881,0.6758175315776179,-0.12282500797649468,0.1264231685476344,0.331280063164036,,,,-0.12413874472996278,0.04683997258410974,0.008042660069331733,0.06700423528977857,0.05353654079025434,0.21072994962239244,,,
paper1,1,0,0,LMMD_PosNeg+Controls+YearFE,True,False,1086,0.020093622383254073,,,,0.02343904256791631,0.03914936102191477,0.5493675034155023,0.1820583471442107,0.2022655420322826,0.36806931758556916,,,,-0.1095233695826127,0.04816984047895352,0.02298452569770038,0.04330431114679368,0.04834985623815586,0.3704423478070419,,,
paper1,1,0,0,LMMD_PosNeg+Controls+YearFE+IndFE,True,True,1086,0.06882002277910537,,,,-0.002379089326702733,0.04221036725181776,0.9550528885181924,0.2646241212473046,0.20098646316667032,0.18796382202754147,,,,-0.08884788764876063,0.049710823822897494,0.07388988417636683,0.06036730607249992,0.05402908693999419,0.2638612716610782,,,
paper1,1,0,0,GPT+Neg+Pos,False,False,1086,0.010915350462185613,0.08211650740268397,0.05906309981589733,0.16443224903523068,,,,,,,,,,-0.09818751528978752,0.048915548529657904,0.04471917646365832,0.044666475831712175,0.04751991993907299,0.347241836557744,,,
paper1,1,0,0,GPT+Neg+Pos+IndFE,False,True,1086,0.05962829348317855,0.09841540950353701,0.059559062760581725,0.0984529869795159,,,,,,,,,,-0.07525647774572079,0.04769494971596961,0.11459524974135533,0.05781957179188959,0.053658837075227554,0.28123885371522994,,,
paper1,1,0,0,GPT+Neg+Pos+YearFE,True,False,1086,0.020063694360983764,0.0660879899686634,0.06802359303398374,0.33127689522226067,,,,,,,,,,-0.08312315112433241,0.048938558604671084,0.08940954341999582,0.038744129322051526,0.048055180794857814,0.42010303502527446,,,
paper1,1,0,0,GPT+Neg+Pos+YearFE+IndFE,True,True,1086,0.06845846513615905,0.08434169010470528,0.06663454140168594,0.20560787191383745,,,,,,,,,,-0.05634168035253166,0.04830313196628094,0.24344516840344388,0.05427524840012683,0.05453498621891249,0.31962090049959746,,,
paper1,1,0,0,GPT+Neg+Pos+Controls,False,False,1086,0.011728312533203833,0.07671062802320233,0.06040584858115011,0.20411293481451454,0.013102636769647028,0.03795567472421309,0.7299373273635883,-0.11003958363310677,0.13259295292557938,0.4065923739058209,,,,-0.09435265171939285,0.04882821273490994,0.053317698071645936,0.044852739556329,0.04798406804582586,0.34992110646577834,,,
paper1,1,0,0,GPT+Neg+Pos+Controls+IndFE,False,True,1086,0.05995712737349468,0.09258370684620043,0.060871587864275496,0.12826799318349322,-0.015206793255210136,0.04116480963310583,0.7118203181373564,-0.08142202860142443,0.12861686136728898,0.5266952828175443,,,,-0.07483358208805177,0.04770738821641002,0.11674228219630262,0.058493498675860754,0.05432112957782305,0.28156546014795425,,,
paper1,1,0,0,GPT+Neg+Pos+Controls+YearFE,True,False,1086,0.02114984564687361,0.06564997021603572,0.06850224211414217,0.33788006994775854,0.024463920811102706,0.03853801445356692,0.5255590454905155,0.17894138886015143,0.20198628536188765,0.37566677729718145,,,,-0.08543677043745619,0.04884015986961182,0.08023677491361125,0.036851317007313,0.0482978516773705,0.4454627021822932,,,
paper1,1,0,0,GPT+Neg+Pos+Controls+YearFE+IndFE,True,True,1086,0.07053381758184507,0.08782024092950712,0.06629247119900536,0.18525763837669817,-0.0022234791194268356,0.041995173397618664,0.9577748824383328,0.2738256756861657,0.19919615931296314,0.1692389278956956,,,,-0.05057392716265555,0.048336255110355636,0.2954253772039491,0.05420556555711076,0.054337546367319405,0.3184873838364496,,,
paper1,1,0,0,DISAGREE,False,False,1086,6.223277445593922e-06,,,,,,,,,,,,,,,,,,,-0.003759889313938257,0.04638915483856841,0.9354013607459963
paper1,1,0,0,DISAGREE+IndFE,False,True,1086,0.04993793861167173,,,,,,,,,,,,,,,,,,,0.01969905267993318,0.048774777735436356,0.6863025405017551
paper1,1,0,0,DISAGREE+YearFE,True,False,1086,0.014043437445499074,,,,,,,,,,,,,,,,,,,-0.017889491661754645,0.046316857294622905,0.6993178336937147
paper1,1,0,0,DISAGREE+YearFE+IndFE,True,True,1086,0.06313283193052333,,,,,,,,,,,,,,,,,,,0.0015074344619006458,0.048194126536140226,0.9750475279565614
paper1,1,0,0,DISAGREE+Controls,False,False,1086,0.002203868628797734,,,,0.005249448719329315,0.039645985656278956,0.894661526448883,-0.20210894258759318,0.13073777471914425,0.12212610324306675,,,,,,,,,,-0.007660745218650814,0.04691975383864811,0.8703032188182902
paper1,1,0,0,DISAGREE+Controls+IndFE,False,True,1086,0.05115436792835626,,,,-0.015498476608202364,0.04275542262092988,0.7169847860038445,-0.16632499566214007,0.12569810002526738,0.18576551772588956,,,,,,,,,,0.012703318866286386,0.04909893712601018,0.7958443430550425
paper1,1,0,0,DISAGREE+Controls+YearFE,True,False,1086,0.015051923759310859,,,,0.021481831654074246,0.03999209430083256,0.5911626549931763,0.17526149771013286,0.201848842143324,0.38524056644786064,,,,,,,,,,-0.01778133068197509,0.04646032634252001,0.7019268316487698
paper1,1,0,0,DISAGREE+Controls+YearFE+IndFE,True,True,1086,0.06531954353382952,,,,0.0017207228652817046,0.04287740536958966,0.9679885067251515,0.2846237817030511,0.19979097898394416,0.15427061177565843,,,,,,,,,,0.005018332885944274,0.04832375600515193,0.9172898511601848
paper1,1,0,0,LMMD+DISAGREE,False,False,1086,0.010435489588189961,,,,,,,,,,0.19319910241740312,0.06083883978681543,0.0014953305064195998,,,,,,,0.09283966189476327,0.05840381981445526,0.11192132860608896
paper1,1,0,0,LMMD+DISAGREE+IndFE,False,True,1086,0.059592790409696006,,,,,,,,,,0.19902801091187397,0.060176619079525664,0.00094167102389498,,,,,,,0.10187013066272474,0.05943088164141694,0.08651142331985633
paper1,1,0,0,LMMD+DISAGREE+YearFE,True,False,1086,0.01973968879219168,,,,,,,,,,0.15982447389388532,0.07607854488188785,0.035660065430294666,,,,,,,0.07405372374671375,0.06710471732458562,0.2697863668059528
paper1,1,0,0,LMMD+DISAGREE+YearFE+IndFE,True,True,1086,0.06845790808947494,,,,,,,,,,0.1660191125615126,0.07456748116316675,0.025985540528598864,,,,,,,0.08475105074778726,0.0662170902519321,0.20058138631646638
paper1,1,0,0,LMMD+DISAGREE+Controls,False,False,1086,0.01131972392115832,,,,0.012580448028248042,0.038039485452254995,0.7408554099767923,-0.11665293472339508,0.13253125275172944,0.3787553625597728,0.1841235831048634,0.06276806768336146,0.0033527622630045092,,,,,,,0.08622229450419784,0.06004042433681533,0.15098222304581566
paper1,1,0,0,LMMD+DISAGREE+Controls+IndFE,False,True,1086,0.059925951330549565,,,,-0.01553250520414776,0.041085506471098716,0.7053911096513232,-0.08156989901775334,0.128563991926968,0.5257746311510089,0.19321753424403917,0.06256359905116164,0.002012794664754722,,,,,,,0.09581106739050474,0.06086220898079185,0.11543446781134598
paper1,1,0,0,LMMD+DISAGREE+Controls+YearFE,True,False,1086,0.02076284142634155,,,,0.023936931510178,0.038629770788211976,0.5354883422860469,0.1730694538618577,0.20086650025161687,0.38889978592476626,0.1600861173982215,0.0758723131669183,0.034863423293069684,,,,,,,0.07437005728427576,0.06748199112987549,0.27043008540727864
paper1,1,0,0,LMMD+DISAGREE+Controls+YearFE+IndFE,True,True,1086,0.07053247138052343,,,,-0.002161394476393357,0.0418584640054051,0.9588189083178931,0.27359802045990167,0.1996117236614952,0.17048375803392624,0.1643943060025687,0.07439989312632499,0.027132653216301247,,,,,,,0.08718142343417443,0.06598924815746672,0.1864527270888675
paper1,1,0,1,GPT,False,False,1086,0.007478324570804107,0.18733692018157586,0.07236042803821877,0.009627142825388926,,,,,,,,,,,,,,,,,,
paper1,1,0,1,GPT+IndFE,False,True,1086,0.06881880621649683,0.1901123345774564,0.0748432705395958,0.011080831795347768,,,,,,,,,,,,,,,,,,
paper1,1,0,1,GPT+YearFE,True,False,1086,0.020078551108216547,0.15969282396752746,0.08539371449060822,0.061473121745932405,,,,,,,,,,,,,,,,,,
paper1,1,0,1,GPT+YearFE+IndFE,True,True,1086,0.08123732304894837,0.16189648881122662,0.08627912799997156,0.06059666440687485,,,,,,,,,,,,,,,,,,
paper1,1,0,1,GPT+Controls,False,False,1086,0.007713735932504906,0.1894177617272749,0.07572266358431068,0.012367988700234561,-0.022372985860296832,0.054177636755372405,0.6796387739611323,0.037811780317429954,0.1883900028336071,0.8409252451250895,,,,,,,,,,,,
paper1,1,0,1,GPT+Controls+IndFE,False,True,1086,0.06935789927526659,0.19495034009548357,0.07920512727316602,0.013842110872743833,-0.03892617072747922,0.05359372672706549,0.4676429057773066,0.05243563198851463,0.19506066514039147,0.7880704744448,,,,,,,,,,,,
paper1,1,0,1,GPT+Controls+YearFE,True,False,1086,0.02502102066547396,0.15724620575890752,0.0847095437101329,0.06341101129526962,-0.002971025830880491,0.05296060504402899,0.9552631083101105,0.5256743972531831,0.26971205365582035,0.051292943154657274,,,,,,,,,,,,
paper1,1,0,1,GPT+Controls+YearFE+IndFE,True,True,1086,0.08735919603863473,0.16406372476550854,0.08564292723520255,0.055406907576933506,-0.017677921504964687,0.05216246631175625,0.7346841737481905,0.6191823021473962,0.28341547924372223,0.028909684074521724,,,,,,,,,,,,
paper1,1,0,1,LMMD,False,False,1086,0.011098182289667635,,,,,,,,,,0.22821655641542113,0.07561353067649003,0.0025428326784227313,,,,,,,,,
paper1,1,0,1,LMMD+IndFE,False,True,1086,0.0711161982677656,,,,,,,,,,0.23960443303897283,0.0791611587882385,0.0024716323770061607,,,,,,,,,
paper1,1,0,1,LMMD+YearFE,True,False,1086,0.023494893889595803,,,,,,,,,,0.19584784175782263,0.08206994208030459,0.017016414802356467,,,,,,,,,
paper1,1,0,1,LMMD+YearFE+IndFE,True,True,1086,0.0834559733019351,,,,,,,,,,0.20148205691683801,0.08449839911818256,0.01710475519231219,,,,,,,,,
paper1,1,0,1,LMMD+Controls,False,False,1086,0.011345576666040191,,,,-0.02633965073297247,0.05566837455108813,0.6361041252501756,0.01650279249688686,0.1806994929673858,0.927232545304055,0.2289198199557899,0.07630375680379689,0.0026988030867988143,,,,,,,,,
paper1,1,0,1,LMMD+Controls+IndFE,False,True,1086,0.07173807436244006,,,,-0.04833295361620276,0.05334910834720443,0.364949132773693,-0.0006792289235302175,0.18427110951052547,0.9970589798609427,0.24245851991996537,0.08067148421526756,0.002651405529281676,,,,,,,,,
paper1,1,0,1,LMMD+Controls+YearFE,True,False,1086,0.02851074318106761,,,,-0.005076288209590378,0.05448775312569076,0.9257734024354543,0.5271021511457767,0.27081299458408753,0.051610371335292525,0.19511365207551887,0.08097344385106113,0.015969996269102914,,,,,,,,,
paper1,1,0,1,LMMD+Controls+YearFE+IndFE,True,True,1086,0.08910731108415826,,,,-0.024546750510277153,0.052498540671549764,0.6400920157902894,0.5837244590127192,0.28410259104783336,0.03991518023891313,0.195918487366299,0.08468423782739178,0.020694189998059498,,,,,,,,,
paper1,1,0,1,GPT+LMMD,False,False,1086,0.013137678289152466,0.10864149521491345,0.07785101625751335,0.16286355863462498,,,,,,,0.18097464135523847,0.08187205390343481,0.027073472909631024,,,,,,,,,
paper1,1,0,1,GPT+LMMD+IndFE,False,True,1086,0.07320823844031688,0.11426628396945307,0.08033838637879212,0.15493557773816657,,,,,,,0.18202095140541835,0.08510219836586035,0.03244770961754734,,,,,,,,,
paper1,1,0,1,GPT+LMMD+YearFE,True,False,1086,0.02471053110749133,0.09285166562317532,0.08566382229272572,0.2784057820108363,,,,,,,0.16472669652332958,0.08342560947761295,0.04832106332268508,,,,,,,,,
paper1,1,0,1,GPT+LMMD+YearFE+IndFE,True,True,1086,0.08474291398635758,0.09931653530949743,0.0877041656510744,0.25746468476607687,,,,,,,0.16363110318327187,0.0860542589564964,0.057238179950724916,,,,,,,,,
paper1,1,0,1,GPT+LMMD+Controls,False,False,1086,0.013448696719167152,0.11173846385873747,0.08062598197782861,0.16578154897177877,-0.02166789539558307,0.054211864930492806,0.6893854685009254,0.061624810803214115,0.18728690360352077,0.7421257446235352,0.18241510352721652,0.08172917560215069,0.02561853459080959,,,,,,,,,
paper1,1,0,1,GPT+LMMD+Controls+IndFE,False,True,1086,0.07389731417968748,0.11825609804710403,0.08402929476873784,0.1593325533671286,-0.0443302112886696,0.05272655895343814,0.4004842109974901,0.05770126259585092,0.19409237836677393,0.7662469270469435,0.185296513588901,0.08557706110868234,0.03036784572484576,,,,,,,,,
paper1,1,0,1,GPT+LMMD+Controls+YearFE,True,False,1086,0.029660313571222674,0.09033669736399681,0.0851758203391099,0.28887587371631596,-0.0033184983338464084,0.053335234743039105,0.9503879338467421,0.5256734304882944,0.2699145475150843,0.05146823094276396,0.16485735747416672,0.0824530265912495,0.04556407432648988,,,,,,,,,
paper1,1,0,1,GPT+LMMD+Controls+YearFE+IndFE,True,True,1086,0.09052858299301103,0.10441582622610524,0.08713203347367722,0.2307756354962962,-0.02361542231340474,0.05194498021534647,0.6493799369168045,0.592767428787812,0.2842025373652287,0.037003830234200924,0.15596476701882683,0.08636912261969285,0.07095066124372913,,,,,,,,,
paper1,1,0,1,LMMD_Neg,False,False,1086,0.009067251088286987,,,,,,,,,,,,,-0.20628091168319074,0.07690924818123315,0.007315414454260686,,,,,,
paper1,1,0,1,LMMD_Neg+IndFE,False,True,1086,0.06942294042167096,,,,,,,,,,,,,-0.2133229776857022,0.07966502674433212,0.007411864935285628,,,,,,
paper1,1,0,1,LMMD_Neg+YearFE,True,False,1086,0.021211588351066624,,,,,,,,,,,,,-0.165514086789608,0.08226779863266329,0.04423111673283665,,,,,,
paper1,1,0,1,LMMD_Neg+YearFE+IndFE,True,True,1086,0.081353449142477,,,,,,,,,,,,,-0.16294518443050826,0.08535272561131739,0.056251767776250725,,,,,,
paper1,1,0,1,LMMD_Neg+Controls,False,False,1086,0.009320142699268619,,,,-0.02454448807584277,0.05478075804240401,0.6541175145912005,0.03156207800617833,0.1809307825622091,0.8615174556787416,,,,-0.20795933664727245,0.07833015903568565,0.007933012864242537,,,,,,
paper1,1,0,1,LMMD_Neg+Controls+IndFE,False,True,1086,0.06987963182313961,,,,-0.041306946013843444,0.052605350443836844,0.4323226662610752,0.0005252292147823085,0.1845981254038761,0.9977298159718112,,,,-0.213978810661989,0.08086582032801069,0.008142644550492809,,,,,,
paper1,1,0,1,LMMD_Neg+Controls+YearFE,True,False,1086,0.026574669268669693,,,,-0.0031424412071992293,0.05347625146732951,0.9531406373107267,0.5476862298396145,0.2682014292428714,0.04114453747023096,,,,-0.17009900355029553,0.08202189411873706,0.0380956242610584,,,,,,
paper1,1,0,1,LMMD_Neg+Controls+YearFE+IndFE,True,True,1086,0.08691319102530148,,,,-0.018360585589360715,0.05167654709733419,0.7223661831717574,0.5885806569716365,0.2831022331810838,0.03761374223542061,,,,-0.1538929193457922,0.085258763593841,0.0710731200166421,,,,,,
paper1,1,0,1,LMMD_Pos,False,False,1086,0.003576357098361571,,,,,,,,,,,,,,,,0.1295512653748735,0.06379892749808896,0.04229373675776843,,,
paper1,1,0,1,LMMD_Pos+IndFE,False,True,1086,0.0647970920465969,,,,,,,,,,,,,,,,0.15081819206133495,0.07689837644053686,0.04984796962147041,,,
paper1,1,0,1,LMMD_Pos+YearFE,True,False,1086,0.018902902359768103,,,,,,,,,,,,,,,,0.11972884679792449,0.06678228896649088,0.07300117516649822,,,
paper1,1,0,1,LMMD_Pos+YearFE+IndFE,True,True,1086,0.0800927753347882,,,,,,,,,,,,,,,,0.1418422078952456,0.0799165424508832,0.07591783754440179,,,
paper1,1,0,1,LMMD_Pos+Controls,False,False,1086,0.0039236917108556035,,,,-0.03221710794255112,0.057271392803063106,0.5737522183385493,-0.0593508694349817,0.18166263138683672,0.7438877726345412,,,,,,,0.12920684471126678,0.06398146590548012,0.04344132387170911,,,
paper1,1,0,1,LMMD_Pos+Controls+IndFE,False,True,1086,0.06544314704116438,,,,-0.04976113715255001,0.05585167519036117,0.37295515760832065,-0.05691616921520754,0.18468345681419346,0.7579436335086622,,,,,,,0.15375967523104245,0.07788311529268868,0.048354877501883387,,,
paper1,1,0,1,LMMD_Pos+Controls+YearFE,True,False,1086,0.023731633078833747,,,,-0.007434671215302609,0.055677808725885534,0.8937740495834776,0.5144254900648607,0.273570232891582,0.060051580355716776,,,,,,,0.11479288796276724,0.06598202021860053,0.08190114632903335,,,
paper1,1,0,1,LMMD_Pos+Controls+YearFE+IndFE,True,True,1086,0.08612759559581584,,,,-0.023464863921054145,0.05424715735643445,0.6653382912940524,0.6059618961391511,0.28520267467044336,0.03361406197887097,,,,,,,0.1426379613716572,0.07915003051906455,0.0715263123197402,,,
paper1,1,0,1,LMMD_PosNeg,False,False,1086,0.011789086216466238,,,,,,,,,,,,,-0.1969833753731805,0.07614913150474116,0.009686884095059292,0.11340096050183003,0.06313751833693733,0.0724794611348162,,,
paper1,1,0,1,LMMD_PosNeg+IndFE,False,True,1086,0.07152697651362394,,,,,,,,,,,,,-0.1982945864745531,0.07954698701180284,0.012674085378326958,0.12139134235157022,0.07466107101818208,0.103971195211063,,,
paper1,1,0,1,LMMD_PosNeg+YearFE,True,False,1086,0.023716899987759277,,,,,,,,,,,,,-0.15814945621459292,0.08128825875375477,0.05171017228972503,0.10989537668924475,0.06572647865065183,0.09452220881392241,,,
paper1,1,0,1,LMMD_PosNeg+YearFE+IndFE,True,True,1086,0.08349983154646357,,,,,,,,,,,,,-0.1491982934948354,0.08503678532935058,0.07934234607266902,0.12374394879018279,0.07791151574611802,0.11222696439742401,,,
paper1,1,0,1,LMMD_PosNeg+Controls,False,False,1086,0.012054075262010966,,,,-0.02475516647029334,0.055279502594467636,0.6542844187921335,0.0345104967987318,0.18125309597070705,0.8489960983000778,,,,-0.19881387606387235,0.07746787524408874,0.01027590227765562,0.11365850359647889,0.06304946368995185,0.07143724777365315,,,
paper1,1,0,1,LMMD_PosNeg+Controls+IndFE,False,True,1086,0.07211216385935437,,,,-0.046385759128811654,0.053254058133279374,0.38373903529233744,0.007115553351777606,0.18485088973877714,0.9692942327521847,,,,-0.19885724333616103,0.08060986942271267,0.013628484138859918,0.12529782985893093,0.07546809823246481,0.09685905455423412,,,
paper1,1,0,1,LMMD_PosNeg+Controls+YearFE,True,False,1086,0.028835212655896725,,,,-0.004234905126393818,0.05426353017319733,0.9377936072119961,0.5340272856522047,0.2704611467459194,0.048324181848148316,,,,-0.16296007145063687,0.08106283785573079,0.04440016651015898,0.1044612472349874,0.06499637866824744,0.10801364850802804,,,
paper1,1,0,1,LMMD_PosNeg+Controls+YearFE+IndFE,True,True,1086,0.08912138387850999,,,,-0.0242606191772721,0.05274021451308137,0.6455145805108686,0.5829969990251219,0.28398905844443406,0.04008369087591798,,,,-0.14003327489543943,0.08475370782436552,0.09848609519611379,0.12576248510481247,0.07735184397373814,0.10398159748484503,,,
paper1,1,0,1,GPT+Neg+Pos,False,False,1086,0.013357841808565252,0.09882190231508914,0.07943033115232918,0.21345058906050063,,,,,,,,,,-0.15037326377477872,0.08314139425354997,0.07050617872469067,0.10154324509863281,0.06486101607298907,0.11745370927699658,,,
paper1,1,0,1,GPT+Neg+Pos+IndFE,False,True,1086,0.07325572039030814,0.10886496023019385,0.08101729307112587,0.17903733756968843,,,,,,,,,,-0.13810405470572124,0.0849474953450946,0.10400118492153569,0.11090339108104176,0.07572337757272202,0.14303393126188707,,,
paper1,1,0,1,GPT+Neg+Pos+YearFE,True,False,1086,0.02476586078463905,0.08840141438686784,0.08622500944960955,0.30524948984489,,,,,,,,,,-0.12572513974489033,0.08315607869260348,0.13055482355658285,0.10116933769706536,0.06642016576983888,0.12771567567560407,,,
paper1,1,0,1,GPT+Neg+Pos+YearFE+IndFE,True,True,1086,0.0847504900274032,0.10135750878295192,0.08739447789616998,0.24614239082030864,,,,,,,,,,-0.10518824203966103,0.08564368786337458,0.2193689863503756,0.11664809033226349,0.0782979086400263,0.1362772811338413,,,
paper1,1,0,1,GPT+Neg+Pos+Controls,False,False,1086,0.013690069768918067,0.10185489517764958,0.08190789235657155,0.21367271086001982,-0.02112528929176111,0.05414786377399332,0.6964324563104851,0.06849674116826644,0.1868776028815448,0.7139676613263395,,,,-0.1528090299186372,0.08333849975329911,0.06671418228913983,0.10153782807691113,0.0646714242552894,0.11640183050961837,,,
paper1,1,0,1,GPT+Neg+Pos+Controls+IndFE,False,True,1086,0.07393288847841628,0.11359529152967458,0.08487533613333702,0.1807732125920356,-0.04385983298616101,0.052947543890124446,0.40746445482194005,0.05791481028929794,0.19405926382742067,0.7653682932750249,,,,-0.1383624271853018,0.0851555841172557,0.10420109091939828,0.11485560800669789,0.07622720673281044,0.13187386114659605,,,
paper1,1,0,1,GPT+Neg+Pos+Controls+YearFE,True,False,1086,0.029777757381775127,0.08384237341089994,0.0860119556865608,0.3296714808451606,-0.0029260206884700545,0.053356327346092504,0.9562665347261058,0.5300465804135227,0.2697744372256353,0.04944006581538829,,,,-0.13219878347013508,0.08346139026149611,0.11320478594620832,0.0962200501334458,0.06562946766711847,0.14261819197483572,,,
paper1,1,0,1,GPT+Neg+Pos+Controls+YearFE+IndFE,True,True,1086,0.09056761249201861,0.10906605366848035,0.08742191911657524,0.212184001940536,-0.02406736314610566,0.052413514074450815,0.6461031887451505,0.594424629143648,0.28448664146074054,0.036665964779791685,,,,-0.09249992968594903,0.08621916075300756,0.2833399682720755,0.11811007246474584,0.07763562804573487,0.12817490525518427,,,
paper1,1,0,1,DISAGREE,False,False,1086,0.0003150445275180713,,,,,,,,,,,,,,,,,,,-0.03616657307016267,0.06686102271638326,0.5885616047356763
paper1,1,0,1,DISAGREE+IndFE,False,True,1086,0.06150162527537617,,,,,,,,,,,,,,,,,,,-0.008059419893780444,0.06895548442286298,0.9069562633903155
paper1,1,0,1,DISAGREE+YearFE,True,False,1086,0.01661566797788583,,,,,,,,,,,,,,,,,,,-0.0553270347873792,0.06690282901992278,0.4082506574693179
paper1,1,0,1,DISAGREE+YearFE+IndFE,True,True,1086,0.07743427727640273,,,,,,,,,,,,,,,,,,,-0.03252799743285328,0.06907868339172436,0.6377240843135176
paper1,1,0,1,DISAGREE+Controls,False,False,1086,0.0007190894738423603,,,,-0.033379809550513596,0.05707516565877115,0.5586556629748776,-0.07489865427349944,0.18375076269562496,0.6835599979483964,,,,,,,,,,-0.038247923467785404,0.06746050638897869,0.5707361737802786
paper1,1,0,1,DISAGREE+Controls+IndFE,False,True,1086,0.0620521509040497,,,,-0.044276750979231436,0.05555718261042592,0.4254753213101494,-0.07545244437243531,0.18945648393202502,0.6904404677203324,,,,,,,,,,-0.01230955796552014,0.07041720949200671,0.8612297609872387
paper1,1,0,1,DISAGREE+Controls+YearFE,True,False,1086,0.0217201794420131,,,,-0.0072321849013904215,0.055447066567839945,0.8962230365576335,0.5291677782001143,0.27167708743085633,0.05144103694464184,,,,,,,,,,-0.056562276365086955,0.06632909253692848,0.39379676347847425
paper1,1,0,1,DISAGREE+Controls+YearFE+IndFE,True,True,1086,0.08337351815111071,,,,-0.017466620441544248,0.053501649763946536,0.7440696765033307,0.610230894057854,0.28562676266835213,0.03264172683985107,,,,,,,,,,-0.02572051961211985,0.06898048150225558,0.7092477099398702
paper1,1,0,1,LMMD+DISAGREE,False,False,1086,0.013137678289152466,,,,,,,,,,0.28961613657015195,0.08839286127421918,0.001051152544277202,,,,,,,0.10864149521491304,0.0778510162575125,0.1628635586346221
paper1,1,0,1,LMMD+DISAGREE+IndFE,False,True,1086,0.0732082384403171,,,,,,,,,,0.29628723537487145,0.09212789903040124,0.001299715990308646,,,,,,,0.11426628396945332,0.08033838637879147,0.15493557773816224
paper1,1,0,1,LMMD+DISAGREE+YearFE,True,False,1086,0.02471053110749133,,,,,,,,,,0.2575783621465044,0.10510739679157945,0.014261014153587916,,,,,,,0.0928516656231745,0.08566382229272468,0.27840578201083466
paper1,1,0,1,LMMD+DISAGREE+YearFE+IndFE,True,True,1086,0.08474291398635758,,,,,,,,,,0.26294763849277164,0.1068007132134462,0.01381492205353467,,,,,,,0.09931653530949681,0.08770416565107333,0.257464684766074
paper1,1,0,1,LMMD+DISAGREE+Controls,False,False,1086,0.013448696719167041,,,,-0.02166789539558304,0.054211864930461665,0.6893854685007567,0.061624810803214095,0.18728690360355035,0.7421257446235745,0.29415356738595344,0.09121867558990975,0.0012610133864577966,,,,,,,0.11173846385873669,0.080625981977828,0.16578154897177855
paper1,1,0,1,LMMD+DISAGREE+Controls+IndFE,False,True,1086,0.07389731417968726,,,,-0.04433021128866947,0.05272655895344467,0.40048421099754994,0.05770126259585015,0.1940923783667692,0.766246927046941,0.30355261163600494,0.09611711329718425,0.0015877185329913406,,,,,,,0.11825609804710287,0.08402929476873705,0.1593325533671287
paper1,1,0,1,LMMD+DISAGREE+Controls+YearFE,True,False,1086,0.029660313571223007,,,,-0.0033184983338463907,0.05333523474304472,0.9503879338467477,0.5256734304882963,0.26991454751507826,0.051468230942757896,0.2551940548381633,0.1038063974747391,0.013957108865832698,,,,,,,0.09033669736399648,0.08517582033910885,0.28887587371631185
paper1,1,0,1,LMMD+DISAGREE+Controls+YearFE+IndFE,True,True,1086,0.09052858299301103,,,,-0.023615422313404653,0.05194498021534875,0.64937993691682,0.5927674287878147,0.2842025373651604,0.03700383023415458,0.26038059324493273,0.10634450443018093,0.014346713102064347,,,,,,,0.1044158262261046,0.08713203347367526,0.23077563549628854
paper1,1,-1,1,GPT,False,False,1086,0.006703360980617079,0.22452903703065935,0.09084515542152248,0.013452586651878115,,,,,,,,,,,,,,,,,,
paper1,1,-1,1,GPT+IndFE,False,True,1086,0.05958622749815523,0.2181045090624277,0.0942623568433302,0.02067853946835853,,,,,,,,,,,,,,,,,,
paper1,1,-1,1,GPT+YearFE,True,False,1086,0.027006318644930083,0.18470303126654491,0.10530837283527138,0.07944328851761916,,,,,,,,,,,,,,,,,,
paper1,1,-1,1,GPT+YearFE+IndFE,True,True,1086,0.07962282034377088,0.17408633566526885,0.10511026143060105,0.0976760832836143,,,,,,,,,,,,,,,,,,
paper1,1,-1,1,GPT+Controls,False,False,1086,0.007844678635286595,0.2080871990735035,0.0935563416093498,0.026135577584359134,0.013155086423068629,0.06159949228515806,0.8308914757117838,-0.24501494449015404,0.21524511464141835,0.254992459869571,,,,,,,,,,,,
paper1,1,-1,1,GPT+Controls+IndFE,False,True,1086,0.060133491382559856,0.20329998826154838,0.09847502333439098,0.03897196654738547,-0.009594533076818733,0.06233515154048831,0.8776739963480716,-0.1949868333833597,0.22820704208027073,0.3928670454459017,,,,,,,,,,,,
paper1,1,-1,1,GPT+Controls+YearFE,True,False,1086,0.028637651232678363,0.18469237645228995,0.10579462704474807,0.08085209188298847,0.03869692161164874,0.06273457612846554,0.5373431500000319,0.390160503618605,0.3245762864599285,0.2293398853765144,,,,,,,,,,,,
paper1,1,-1,1,GPT+Controls+YearFE+IndFE,True,True,1086,0.0825645684572267,0.17560056795212795,0.10455724236711976,0.0930608233388512,0.019356416261795163,0.06195950222793366,0.7547332664318211,0.5738534434709166,0.34026982439026926,0.09170610461187324,,,,,,,,,,,,
paper1,1,-1,1,LMMD,False,False,1086,0.012682293912463227,,,,,,,,,,0.3088340075734321,0.09181576178497387,0.0007692533588182958,,,,,,,,,
paper1,1,-1,1,LMMD+IndFE,False,True,1086,0.06409486098554473,,,,,,,,,,0.31719897635407857,0.0978645311268404,0.0011902568893564565,,,,,,,,,
paper1,1,-1,1,LMMD+YearFE,True,False,1086,0.032195688518343535,,,,,,,,,,0.2650876179527508,0.09793006078220508,0.006791317300526267,,,,,,,,,
paper1,1,-1,1,LMMD+YearFE+IndFE,True,True,1086,0.08342604664085684,,,,,,,,,,0.26451247453544363,0.10292388064058496,0.010170393071259087,,,,,,,,,
paper1,1,-1,1,LMMD+Controls,False,False,1086,0.013865647767445477,,,,0.010003917699482036,0.06041445347276842,0.8684810719684576,-0.2515821177399839,0.21027594335293187,0.23152570084018154,0.29729076907710483,0.09309654237876941,0.0014062753764030537,,,,,,,,,
paper1,1,-1,1,LMMD+Controls+IndFE,False,True,1086,0.06491967113161246,,,,-0.02044335285986143,0.05931034835617877,0.7303316342721368,-0.234416859475631,0.21760950640081256,0.281374712162913,0.30769419031138284,0.09945376731112195,0.0019758302837978815,,,,,,,,,
paper1,1,-1,1,LMMD+Controls+YearFE,True,False,1086,0.03382466957395225,,,,0.036464295356771474,0.06255318209129702,0.5599386061415157,0.39157102810454897,0.32388568105476906,0.2266708643584765,0.265001704464847,0.09718228789627667,0.006394173495105521,,,,,,,,,
paper1,1,-1,1,LMMD+Controls+YearFE+IndFE,True,True,1086,0.085950065015722,,,,0.010056514678117348,0.06054549036041108,0.868079440468422,0.5282443580903998,0.33917195295885333,0.11936298342473645,0.25767759619084063,0.10291365442009057,0.012285940843029272,,,,,,,,,
paper1,1,-1,1,GPT+LMMD,False,False,1086,0.014017423292417952,0.11127586291352233,0.09363589262735329,0.23468019609610213,,,,,,,0.26044655806705297,0.09504544911649528,0.006139587507043437,,,,,,,,,
paper1,1,-1,1,GPT+LMMD+IndFE,False,True,1086,0.06527778756984548,0.10877196624612896,0.10001788292591947,0.27680477615917454,,,,,,,0.2623843074684253,0.103401165692417,0.011163549375495069,,,,,,,,,
paper1,1,-1,1,GPT+LMMD+YearFE,True,False,1086,0.03289703200070404,0.08928080073363664,0.10186363493424956,0.38077254797731175,,,,,,,0.23516332152106859,0.09601726744326923,0.014318290754676635,,,,,,,,,
paper1,1,-1,1,GPT+LMMD+YearFE+IndFE,True,True,1086,0.08401936952122968,0.08536755297747337,0.10570670614418617,0.41932733083479223,,,,,,,0.23197767770600572,0.10369453027320696,0.025278138877798867,,,,,,,,,
paper1,1,-1,1,GPT+LMMD+Controls,False,False,1086,0.014896735065190403,0.09904290542201047,0.09562076359254447,0.3003007353077506,0.014144875128615824,0.06061726644753746,0.8154917363214199,-0.21158679618970985,0.21377687592678238,0.32229373763499103,0.2560698495132244,0.09566140269253826,0.007432108976148443,,,,,,,,,
paper1,1,-1,1,GPT+LMMD+Controls+IndFE,False,True,1086,0.06578811311049093,0.09493984060588921,0.10370791100559144,0.3599532464569336,-0.01722982117026354,0.06025585348149172,0.7749207408623927,-0.18754710264384572,0.22645531499564028,0.4075652183165207,0.26180267300779064,0.1042938023508928,0.012064848126669022,,,,,,,,,
paper1,1,-1,1,GPT+LMMD+Controls+YearFE,True,False,1086,0.034525222216199025,0.0892733437082454,0.10268487593184403,0.38463310846824394,0.038201394280279376,0.06224432451560744,0.5393917963110996,0.390159124924116,0.32379607028096735,0.22822135270306354,0.2351015568382306,0.09532895292854977,0.013654989207688716,,,,,,,,,
paper1,1,-1,1,GPT+LMMD+Controls+YearFE+IndFE,True,True,1086,0.08661280644043057,0.09026196645389292,0.10562040611931947,0.39277909055772353,0.010861598710893532,0.06093505561763418,0.858527610060201,0.5360615278048404,0.33928812420504584,0.11411611956794333,0.22313971533452046,0.10415081568426768,0.03215589849690381,,,,,,,,,
paper1,1,-1,1,LMMD_Neg,False,False,1086,0.011428948188507593,,,,,,,,,,,,,-0.2931766257747617,0.0921880730514073,0.0014717280031998708,,,,,,
paper1,1,-1,1,LMMD_Neg+IndFE,False,True,1086,0.060317775171397026,,,,,,,,,,,,,-0.24911336820242633,0.09651481338854058,0.009848905411934006,,,,,,
paper1,1,-1,1,LMMD_Neg+YearFE,True,False,1086,0.030390327188048794,,,,,,,,,,,,,-0.23846089285518318,0.09580531742785856,0.012809748323415552,,,,,,
paper1,1,-1,1,LMMD_Neg+YearFE+IndFE,True,True,1086,0.07971153265739928,,,,,,,,,,,,,-0.1753591229461689,0.09988867585214428,0.07916603213468076,,,,,,
paper1,1,-1,1,LMMD_Neg+Controls,False,False,1086,0.012424537308329264,,,,0.012701013627076693,0.06034457511384631,0.8332971016846086,-0.22738644144254472,0.20991059729585168,0.2786958084029387,,,,-0.2797919283581859,0.09319212338575117,0.0026793648619811753,,,,,,
paper1,1,-1,1,LMMD_Neg+Controls+IndFE,False,True,1086,0.061205903359846325,,,,-0.01191178804113368,0.06057629631707637,0.8441084247385396,-0.24423950924855545,0.2178495030264347,0.2622288265796717,,,,-0.23769983508600945,0.0974650850112531,0.01473529069777512,,,,,,
paper1,1,-1,1,LMMD_Neg+Controls+YearFE,True,False,1086,0.03227051280957005,,,,0.0393159983354886,0.06206061587882717,0.5264008886063617,0.420857351912864,0.32231230023218094,0.19163962981714022,,,,-0.24284391020438578,0.09592784107223823,0.01135671057388219,,,,,,
paper1,1,-1,1,LMMD_Neg+Controls+YearFE+IndFE,True,True,1086,0.08231549694548357,,,,0.018600716577442226,0.06094650180279018,0.7602157789143003,0.5407259851283469,0.33849123752552357,0.11016335666005812,,,,-0.16689329560192243,0.10006133509352245,0.09533360578235452,,,,,,
paper1,1,-1,1,LMMD_Pos,False,False,1086,0.0034608154890258813,,,,,,,,,,,,,,,,0.161330111182312,0.07606992624732016,0.03393751715553365,,,
paper1,1,-1,1,LMMD_Pos+IndFE,False,True,1086,0.0587700244324747,,,,,,,,,,,,,,,,0.23944872918427262,0.09369897181985723,0.010603208768018464,,,
paper1,1,-1,1,LMMD_Pos+YearFE,True,False,1086,0.02640674005256749,,,,,,,,,,,,,,,,0.14870796812066012,0.0796633201055869,0.061942707146851086,,,
paper1,1,-1,1,LMMD_Pos+YearFE+IndFE,True,True,1086,0.08135138431945022,,,,,,,,,,,,,,,,0.22819495392312394,0.09775660262879708,0.019579100031368597,,,
paper1,1,-1,1,LMMD_Pos+Controls,False,False,1086,0.005646398459996482,,,,0.002359996105663454,0.06215410359634807,0.9697115398310931,-0.35069688449581465,0.2115373106158627,0.09734798103289151,,,,,,,0.1583760445181988,0.07722272601263577,0.04027674198750266,,,
paper1,1,-1,1,LMMD_Pos+Controls+IndFE,False,True,1086,0.06014862058396031,,,,-0.023823331645674708,0.06161773638978985,0.6990293493199309,-0.30205974792475343,0.2176801639590883,0.16524943067157827,,,,,,,0.23515702569178806,0.09573280878969198,0.014034112076068632,,,
paper1,1,-1,1,LMMD_Pos+Controls+YearFE,True,False,1086,0.027896474314062614,,,,0.033361231675889294,0.0640097015261568,0.6022342527741271,0.37569881765459595,0.3267543759573383,0.25023049633800887,,,,,,,0.14498089101065284,0.07935054810670858,0.06768567385880231,,,
paper1,1,-1,1,LMMD_Pos+Controls+YearFE+IndFE,True,True,1086,0.08414861355848169,,,,0.009614108055287335,0.062288798168620804,0.8773359011058911,0.5550404806578028,0.3412777209255348,0.10387306586690205,,,,,,,0.22631730128384736,0.09828586503909828,0.021298913541537606,,,
paper1,1,-1,1,LMMD_PosNeg,False,False,1086,0.01395227906523977,,,,,,,,,,,,,-0.2818440386688683,0.09099647797124083,0.0019528743835256826,0.13822223650746365,0.0752035451891403,0.06606608820438484,,,
paper1,1,-1,1,LMMD_PosNeg+IndFE,False,True,1086,0.06410865384751252,,,,,,,,,,,,,-0.2235769000746561,0.09503717710071241,0.01864666576694735,0.20626999266885787,0.0918390550999244,0.024704374126775057,,,
paper1,1,-1,1,LMMD_PosNeg+YearFE,True,False,1086,0.032730009150074846,,,,,,,,,,,,,-0.229451334731187,0.09422552419501538,0.014886469184581098,0.13444106581519638,0.07823443853911281,0.08571667558170934,,,
paper1,1,-1,1,LMMD_PosNeg+YearFE+IndFE,True,True,1086,0.08355968666290492,,,,,,,,,,,,,-0.1520577157751763,0.0977841467227076,0.11993786740238412,0.20974983719584436,0.0958401127814076,0.02863035408294149,,,
paper1,1,-1,1,LMMD_PosNeg+Controls,False,False,1086,0.014916199054568646,,,,0.012446403524036746,0.060291420448844855,0.8364492661640538,-0.2238232036718447,0.2098271900495565,0.2861061645439037,,,,-0.26873941076348984,0.091814724113349,0.0034227628915696686,0.13735914110952793,0.07587079919271875,0.0702283745982429,,,
paper1,1,-1,1,LMMD_PosNeg+Controls+IndFE,False,True,1086,0.06492308394626622,,,,-0.020207911414873367,0.060165600739395454,0.7369677589309956,-0.2334743676936687,0.2180504149113656,0.2842882775102802,,,,-0.21299910574244418,0.09594548575189141,0.026418677497947952,0.20467109764444327,0.09370717680218567,0.028950782805624374,,,
paper1,1,-1,1,LMMD_PosNeg+Controls+YearFE,True,False,1086,0.03446014418871668,,,,0.0379548947681164,0.0624135459795928,0.5431082158059104,0.4038396387111982,0.3238805072619347,0.21244205389975324,,,,-0.23394949659735617,0.09439612221665773,0.013198036038143247,0.13014853283989097,0.07799461534371836,0.09517959934002468,,,
paper1,1,-1,1,LMMD_PosNeg+Controls+YearFE+IndFE,True,True,1086,0.08612033076516412,,,,0.008796592027014528,0.061403531157285196,0.8860858465129137,0.5314475840584301,0.33938508291468467,0.11736893722067647,,,,-0.14386263342157188,0.09809315405087743,0.142487081931895,0.20898034720772415,0.09674705418545775,0.03076730072181073,,,
paper1,1,-1,1,GPT+Neg+Pos,False,False,1086,0.014741508600663256,0.08873239835491532,0.09372800914090423,0.3437911695921225,,,,,,,,,,-0.23999271934767652,0.09396962855815078,0.010651184915317283,0.12757516837695007,0.07664569073534891,0.09601667730686177,,,
paper1,1,-1,1,GPT+Neg+Pos+IndFE,False,True,1086,0.06532538519468445,0.11561791376060893,0.10110297064609872,0.252803693280107,,,,,,,,,,-0.1596527164205305,0.09961555206647424,0.10900340669667517,0.1951314679961136,0.09286966846549742,0.03562934676524886,,,
paper1,1,-1,1,GPT+Neg+Pos+YearFE,True,False,1086,0.033211809834872597,0.07584348499096442,0.10207032969023552,0.45745065908560534,,,,,,,,,,-0.2016330789196887,0.09321410158662388,0.030532123210385592,0.12695461085376736,0.07811056327399978,0.10409452797035307,,,
paper1,1,-1,1,GPT+Neg+Pos+YearFE+IndFE,True,True,1086,0.08436131742312791,0.10272561203469993,0.1072552087722568,0.3381797340622409,,,,,,,,,,-0.10745362550404883,0.09904960263394634,0.27798959846076443,0.20255820026875399,0.09580921010468459,0.03449964292336721,,,
paper1,1,-1,1,GPT+Neg+Pos+Controls,False,False,1086,0.01552749175923085,0.07881712356194041,0.095490174506063,0.40914730742537386,0.015255266834887427,0.0605511527836443,0.8010873210112464,-0.19752404527393097,0.21346089627518675,0.35478873834386293,,,,-0.23314004524695942,0.09380655885218302,0.012943220270028949,0.1279799475183536,0.07717587927684084,0.09725905448860839,,,
paper1,1,-1,1,GPT+Neg+Pos+Controls+IndFE,False,True,1086,0.06583875447909249,0.10197948314540364,0.10463053497197473,0.3297275846510058,-0.01794027655939437,0.06078500406946002,0.7678845408900652,-0.18786964326452638,0.22666595482852087,0.4071953668361915,,,,-0.15869025190734293,0.09957523534863162,0.11100954702528823,0.195296656388643,0.09456569256744903,0.03890449249442774,,,
paper1,1,-1,1,GPT+Neg+Pos+Controls+YearFE,True,False,1086,0.034920646705683844,0.07418798463279465,0.10285485721683549,0.47073227644493143,0.03911306210780879,0.06222749414079816,0.5296440116824146,0.4003173088073477,0.32450269253966935,0.21733960000058694,,,,-0.20673034872330814,0.09344141155844157,0.026938617935012503,0.1228563036358271,0.07791486954243139,0.11484114594293829,,,
paper1,1,-1,1,GPT+Neg+Pos+Controls+YearFE+IndFE,True,True,1086,0.08703020230170344,0.1095131203063289,0.1068577050148173,0.3054339640818986,0.00899064022330639,0.06166804549229312,0.884086455160475,0.542922056544528,0.3395133259754209,0.10979426431774345,,,,-0.09613444690157628,0.09946114072583358,0.33376762552819084,0.20129656698557702,0.09679467349513496,0.03755999508873567,,,
paper1,1,-1,1,DISAGREE,False,False,1086,0.0008360924052979168,,,,,,,,,,,,,,,,,,,-0.07458534757676535,0.07631163244369611,0.32838181122998145
paper1,1,-1,1,DISAGREE+IndFE,False,True,1086,0.05381450447345093,,,,,,,,,,,,,,,,,,,-0.04446430924830432,0.08402311355381331,0.59667268064157
paper1,1,-1,1,DISAGREE+YearFE,True,False,1086,0.024882824213009802,,,,,,,,,,,,,,,,,,,-0.09736417981096554,0.0744874850248927,0.19117151127337828
paper1,1,-1,1,DISAGREE+YearFE+IndFE,True,True,1086,0.0773765600145786,,,,,,,,,,,,,,,,,,,-0.07375246763692468,0.08166974590564159,0.36649543657455064
paper1,1,-1,1,DISAGREE+Controls,False,False,1086,0.0033199137639583487,,,,5.83157363708262e-06,0.06257945711420082,0.99992564776401,-0.376402828262796,0.21181340014061034,0.07556014914472847,,,,,,,,,,-0.08202605008863416,0.07674157821636689,0.2851324835288319
paper1,1,-1,1,DISAGREE+Controls+IndFE,False,True,1086,0.055579356219109366,,,,-0.017166993296489845,0.06276465820434077,0.7844583699476453,-0.3440326221221158,0.2201730093539709,0.11815710145316821,,,,,,,,,,-0.058504137578082385,0.08553647289994767,0.4939959096083144
paper1,1,-1,1,DISAGREE+Controls+YearFE,True,False,1086,0.026520039677494278,,,,0.033226741983139386,0.06401809935028306,0.6037460530293914,0.39460075931961713,0.32528352763829727,0.22509239863636465,,,,,,,,,,-0.09744863938798815,0.07452548980738861,0.1910130745690607
paper1,1,-1,1,DISAGREE+Controls+YearFE+IndFE,True,True,1086,0.08014452338640621,,,,0.01826247610966379,0.06224708655887727,0.7692264822298023,0.5570810643120657,0.34062486258254,0.10195097663433632,,,,,,,,,,-0.06637393770173314,0.08207855614401971,0.41870869194622207
paper1,1,-1,1,LMMD+DISAGREE,False,False,1086,0.014017423292417952,,,,,,,,,,0.37172242098057534,0.11189638450485893,0.0008936716086856133,,,,,,,0.1112758629135221,0.0936358926273523,0.23468019609609814
paper1,1,-1,1,LMMD+DISAGREE+IndFE,False,True,1086,0.06527778756984559,,,,,,,,,,0.3711562737145543,0.11585002195424504,0.001356430300824825,,,,,,,0.10877196624612918,0.10001788292591872,0.27680477615916976
paper1,1,-1,1,LMMD+DISAGREE+YearFE,True,False,1086,0.03289703200070404,,,,,,,,,,0.3244441222547047,0.1304095412767429,0.012850477832371261,,,,,,,0.0892808007336358,0.10186363493424833,0.3807725479773104
paper1,1,-1,1,LMMD+DISAGREE+YearFE+IndFE,True,True,1086,0.08401936952122946,,,,,,,,,,0.31734523068348175,0.1308720999688814,0.015314706892703636,,,,,,,0.08536755297747306,0.10570670614418483,0.419327330834788
paper1,1,-1,1,LMMD+DISAGREE+Controls,False,False,1086,0.014896735065190514,,,,0.014144875128615822,0.060617266447526956,0.8154917363213885,-0.21158679618971132,0.21377687592678749,0.32229373763499924,0.35511275493523403,0.1149655789033955,0.002009250571828526,,,,,,,0.09904290542200946,0.0956207635925435,0.3003007353077506
paper1,1,-1,1,LMMD+DISAGREE+Controls+IndFE,False,True,1086,0.06578811311049071,,,,-0.017229821170263303,0.060255853481477335,0.7749207408623434,-0.1875471026438467,0.2264553149956603,0.4075652183165599,0.3567425136136796,0.11978842214411908,0.0029003648968094456,,,,,,,0.09493984060588857,0.10370791100559053,0.3599532464569326
paper1,1,-1,1,LMMD+DISAGREE+Controls+YearFE,True,False,1086,0.034525222216198914,,,,0.03820139428027953,0.06224432451560435,0.5393917963110777,0.3901591249241175,0.3237960702809527,0.22822135270304078,0.32437490054647566,0.13018148864165346,0.012712873520681456,,,,,,,0.08927334370824522,0.10268487593184271,0.38463310846823884
paper1,1,-1,1,LMMD+DISAGREE+Controls+YearFE+IndFE,True,True,1086,0.08661280644043068,,,,0.010861598710893738,0.06093505561759851,0.8585276100601162,0.5360615278048431,0.3392881242049995,0.1141161195678921,0.3134016817884146,0.13007281896657238,0.01597734980037244,,,,,,,0.09026196645389364,0.10562040611931717,0.3927790905577093
paper1,1,-2,2,GPT,False,False,1086,0.0014864692320389894,0.12589197142723793,0.10458895679928508,0.2287120435250226,,,,,,,,,,,,,,,,,,
paper1,1,-2,2,GPT+IndFE,False,True,1086,0.051029137821196446,0.12048217909102119,0.10518509908520206,0.25203103349138656,,,,,,,,,,,,,,,,,,
paper1,1,-2,2,GPT+YearFE,True,False,1086,0.028754740567356607,0.11053455964601423,0.1252338454688403,0.37743875774731683,,,,,,,,,,,,,,,,,,
paper1,1,-2,2,GPT+YearFE+IndFE,True,True,1086,0.07754872501862786,0.10440726263760848,0.12157573198332565,0.39045983622217884,,,,,,,,,,,,,,,,,,
paper1,1,-2,2,GPT+Controls,False,False,1086,0.0030997978360380873,0.10668421084417778,0.10664922824666592,0.3171517936121354,0.04612857105903333,0.08552332045801687,0.5896327248252258,-0.2963382579287269,0.26137746823478547,0.25689693621973453,,,,,,,,,,,,
paper1,1,-2,2,GPT+Controls+IndFE,False,True,1086,0.05243577965804225,0.09469354449020094,0.10888502398629485,0.38448325310496734,0.03230277107362846,0.08559158749446377,0.7058719745984428,-0.3265056468190762,0.2809583628896099,0.24518916153399506,,,,,,,,,,,,
paper1,1,-2,2,GPT+Controls+YearFE,True,False,1086,0.029739122854578803,0.1122049876600964,0.12643136547549128,0.3748218938013287,0.06718912470673513,0.08722571085639358,0.4411276701035304,0.2940030851125707,0.4251633960667755,0.48924754385127844,,,,,,,,,,,,
paper1,1,-2,2,GPT+Controls+YearFE+IndFE,True,True,1086,0.0783620698146158,0.10468978792297955,0.12138219798146181,0.3884231178563803,0.05275452666020296,0.08638080760403123,0.5413846578012406,0.32596550341622943,0.4589284993644885,0.47753353384528463,,,,,,,,,,,,
paper1,1,-2,2,LMMD,False,False,1086,0.012926503871900641,,,,,,,,,,0.37124499953447765,0.10872639922075268,0.0006390197792354531,,,,,,,,,
paper1,1,-2,2,LMMD+IndFE,False,True,1086,0.060926272305139695,,,,,,,,,,0.3894088580250395,0.1140750108402067,0.0006410567386839023,,,,,,,,,
paper1,1,-2,2,LMMD+YearFE,True,False,1086,0.03873998296908254,,,,,,,,,,0.3534338358689761,0.11735094948356461,0.0025973100849994656,,,,,,,,,
paper1,1,-2,2,LMMD+YearFE+IndFE,True,True,1086,0.08622827177711556,,,,,,,,,,0.37352925077409826,0.1227563619204352,0.0023434876789022205,,,,,,,,,
paper1,1,-2,2,LMMD+Controls,False,False,1086,0.014096531826216507,,,,0.05000912260856742,0.08419775626355198,0.5525466257453584,-0.2229797392000711,0.25706529312329135,0.38572010357511677,0.3611004988206328,0.1102331573894408,0.0010536747115577171,,,,,,,,,
paper1,1,-2,2,LMMD+Controls+IndFE,False,True,1086,0.06192339242217959,,,,0.022853692312644412,0.08130097019909935,0.7786337993770345,-0.2773573083267161,0.2711050702433794,0.3062785097650573,0.37535489350103246,0.11510805716711248,0.0011106250104268806,,,,,,,,,
paper1,1,-2,2,LMMD+Controls+YearFE,True,False,1086,0.039721636896048684,,,,0.06712479925821875,0.08679725321435476,0.4393142942341728,0.29342622225531023,0.421133612947898,0.4859572146485236,0.3538239825866124,0.11681175103795863,0.0024535641832344776,,,,,,,,,
paper1,1,-2,2,LMMD+Controls+YearFE+IndFE,True,True,1086,0.0867350458648295,,,,0.03849670835304587,0.08342138990745378,0.6444593803081443,0.26452168877186694,0.45836415307202566,0.5638722933528717,0.3682401284876919,0.12251918113326211,0.0026508248260559432,,,,,,,,,
paper1,1,-2,2,GPT+LMMD,False,False,1086,0.0130726026257596,-0.04382848031083404,0.11372867937638749,0.6999577098746743,,,,,,,0.39030347567166024,0.11871427114669496,0.0010098957173930042,,,,,,,,,
paper1,1,-2,2,GPT+LMMD+IndFE,False,True,1086,0.0611235167841826,-0.05288522707124191,0.11797451852850556,0.6539535188833572,,,,,,,0.4160598997492755,0.12834666103622525,0.001188238081203485,,,,,,,,,
paper1,1,-2,2,GPT+LMMD+YearFE,True,False,1086,0.038829854131033015,-0.038053686369302155,0.12525031177121845,0.7612641975418363,,,,,,,0.36618831143232305,0.11952888629335766,0.002186934532069875,,,,,,,,,
paper1,1,-2,2,GPT+LMMD+YearFE+IndFE,True,True,1086,0.08634459970971686,-0.045007319827167346,0.12540488075018597,0.7196728339591678,,,,,,,0.3906821848262258,0.128304014043516,0.002327016439698258,,,,,,,,,
paper1,1,-2,2,GPT+LMMD+Controls,False,False,1086,0.014339355372874896,-0.05722883626634717,0.11435065184759094,0.6167456183457207,0.04761640024558692,0.08529125545778111,0.5766532146455672,-0.2460897812436451,0.25809793044589835,0.34034973761262344,0.3849187142336205,0.11916089543467498,0.0012368480680184195,,,,,,,,,
paper1,1,-2,2,GPT+LMMD+Controls+IndFE,False,True,1086,0.0623142691372115,-0.0758388704831878,0.1205798201410645,0.5293807448578319,0.02028669186219814,0.08203717756667503,0.8046864553716635,-0.3147973271350471,0.27751102850653686,0.25664369619949345,0.4120134850349224,0.12812016446227598,0.0013006496813706518,,,,,,,,,
paper1,1,-2,2,GPT+LMMD+Controls+YearFE,True,False,1086,0.03980351177254993,-0.036338801937865206,0.12673280566182035,0.7743148077780106,0.0664177114411192,0.08721880912733533,0.44635445169268284,0.2940009388268849,0.4218867592248017,0.4858830961868752,0.36599486694451816,0.11896137016561308,0.002093860044972441,,,,,,,,,
paper1,1,-2,2,GPT+LMMD+Controls+YearFE+IndFE,True,True,1086,0.08683789315154677,-0.042337285942966076,0.12531157174199073,0.73547158903296,0.038119084485069836,0.08355878502483922,0.6482498935253408,0.26085505306174944,0.4569021102694624,0.5680531307942371,0.38444008728678974,0.12816631691233432,0.002703869733892163,,,,,,,,,
paper1,1,-2,2,LMMD_Neg,False,False,1086,0.008988363270811428,,,,,,,,,,,,,-0.30957107875958445,0.11103969572613899,0.005304573918776084,,,,,,
paper1,1,-2,2,LMMD_Neg+IndFE,False,True,1086,0.05561265443194818,,,,,,,,,,,,,-0.2767858004303592,0.11560348400340296,0.016653544712269104,,,,,,
paper1,1,-2,2,LMMD_Neg+YearFE,True,False,1086,0.034052528766444934,,,,,,,,,,,,,-0.2694263167973484,0.11703930111982003,0.02133428290426975,,,,,,
paper1,1,-2,2,LMMD_Neg+YearFE+IndFE,True,True,1086,0.08015469933769126,,,,,,,,,,,,,-0.22111679068051734,0.12214617280381874,0.07025489334101104,,,,,,
paper1,1,-2,2,LMMD_Neg+Controls,False,False,1086,0.01012671737497639,,,,0.0516841279667167,0.08408196099046439,0.5387611355208846,-0.21389403944177982,0.26041761130259583,0.41144685983557305,,,,-0.29729354209869974,0.11300894208745678,0.008520717957039514,,,,,,
paper1,1,-2,2,LMMD_Neg+Controls+IndFE,False,True,1086,0.0568630540065016,,,,0.032944503958767093,0.08328896668526173,0.6924409872581444,-0.29868414368842644,0.2731397914628918,0.27416504029101907,,,,-0.26210235677338556,0.11664172432995724,0.024635423847096816,,,,,,
paper1,1,-2,2,LMMD_Neg+Controls+YearFE,True,False,1086,0.035197336665530043,,,,0.06996821530191044,0.08632000591295269,0.41761392789712404,0.3268373395791807,0.4211919106586137,0.4377596162399692,,,,-0.2736427096344579,0.11696163834918973,0.019304729559126446,,,,,,
paper1,1,-2,2,LMMD_Neg+Controls+YearFE+IndFE,True,True,1086,0.08081647666652458,,,,0.05096020311610304,0.0845777428396808,0.5468247380306452,0.28614135185670786,0.45801253213999893,0.5321379857002955,,,,-0.21646346785410633,0.12198279876057327,0.07597371988273496,,,,,,
paper1,1,-2,2,LMMD_Pos,False,False,1086,0.005252893470112263,,,,,,,,,,,,,,,,0.23665700771365097,0.09891507174428005,0.016732784057510015,,,
paper1,1,-2,2,LMMD_Pos+IndFE,False,True,1086,0.05664896175818457,,,,,,,,,,,,,,,,0.3286623690584838,0.1142105646452334,0.00400601154693592,,,
paper1,1,-2,2,LMMD_Pos+YearFE,True,False,1086,0.033297500280862424,,,,,,,,,,,,,,,,0.243139685408273,0.10264674289427408,0.017850563741074046,,,
paper1,1,-2,2,LMMD_Pos+YearFE+IndFE,True,True,1086,0.08452564618956349,,,,,,,,,,,,,,,,0.35110986355126905,0.1181476502328341,0.0029607027495078706,,,
paper1,1,-2,2,LMMD_Pos+Controls,False,False,1086,0.007189668463414733,,,,0.04077292941026396,0.08508317392477838,0.6317873879294202,-0.3407155079597539,0.2581693654767566,0.18692304383339908,,,,,,,0.23360354399309285,0.09922649560959983,0.018560341773724967,,,
paper1,1,-2,2,LMMD_Pos+Controls+IndFE,False,True,1086,0.05818850701193823,,,,0.017440088655345742,0.08364486033668908,0.8348373199993357,-0.3568081023447179,0.27024960799709935,0.18673790750314023,,,,,,,0.3198170241447962,0.11544018606984859,0.005598520678702384,,,
paper1,1,-2,2,LMMD_Pos+Controls+YearFE,True,False,1086,0.03412702934485645,,,,0.06255318082605477,0.08809691278784834,0.4776733566407515,0.2664745723455244,0.4264343157997304,0.5320432055903941,,,,,,,0.24037362716519312,0.10323881254224772,0.01989479164525392,,,
paper1,1,-2,2,LMMD_Pos+Controls+YearFE+IndFE,True,True,1086,0.08514394593944197,,,,0.03670679317139706,0.08607394802066758,0.6697752510651249,0.30129402373631337,0.4600247764683969,0.5124988319804773,,,,,,,0.34745216732572815,0.11875903246122742,0.003436927311564439,,,
paper1,1,-2,2,LMMD_PosNeg,False,False,1086,0.013203277632053645,,,,,,,,,,,,,-0.29213173234565265,0.10971379580993791,0.007752319029190454,0.212705663943983,0.09765017299714554,0.029388058375043918,,,
paper1,1,-2,2,LMMD_PosNeg+IndFE,False,True,1086,0.06100684251642774,,,,,,,,,,,,,-0.24051578058278303,0.11434346658694826,0.03542643958270147,0.2929699083924202,0.11363309325547243,0.009931379660227295,,,
paper1,1,-2,2,LMMD_PosNeg+YearFE,True,False,1086,0.03877137504304906,,,,,,,,,,,,,-0.25419151336671947,0.11498774999167223,0.02706379394659928,0.22733447995008907,0.1005486315993135,0.023762937739034345,,,
paper1,1,-2,2,LMMD_PosNeg+YearFE+IndFE,True,True,1086,0.08682133543411996,,,,,,,,,,,,,-0.18459911195258483,0.11975784304682742,0.12321058331698097,0.32871736508212346,0.11655766094087858,0.004799186613681693,,,
paper1,1,-2,2,LMMD_PosNeg+Controls,False,False,1086,0.014300876577779564,,,,0.05129174562290941,0.08445650652041602,0.5436415527788544,-0.20840269573107603,0.2592015840410352,0.4213866764375749,,,,-0.28026038941937387,0.11144686358055846,0.011911866812712451,0.21168563654152345,0.09774491475336304,0.03033453001887967,,,
paper1,1,-2,2,LMMD_PosNeg+Controls+IndFE,False,True,1086,0.062028152985304175,,,,0.021300521082562408,0.08259128738217919,0.7964819536593084,-0.28357478257142615,0.272286013345658,0.2976624642370992,,,,-0.22743377042899143,0.11566635722845695,0.04926495273948812,0.2872651055033234,0.11486140683618218,0.012385314324817391,,,
paper1,1,-2,2,LMMD_PosNeg+Controls+YearFE,True,False,1086,0.03977224436979776,,,,0.06762565543439454,0.08706248554935227,0.4373071638389697,0.2975485970185527,0.42318721770408896,0.4819850914917597,,,,-0.2583347662417732,0.11497238923527775,0.024644581314227094,0.22399524705928228,0.1013284681990089,0.027064550681357973,,,
paper1,1,-2,2,LMMD_PosNeg+Controls+YearFE+IndFE,True,True,1086,0.08733501097007823,,,,0.03568067953547508,0.08473537268484278,0.6736940043087191,0.2716811573529441,0.4587420320697506,0.5536960521353829,,,,-0.1805706613059867,0.11998863671604534,0.13235029854281086,0.32569151142709946,0.11757345361178784,0.005603720043282521,,,
paper1,1,-2,2,GPT+Neg+Pos,False,False,1086,0.013496126341220771,-0.06435704199642524,0.11902871083814377,0.5887246990288422,,,,,,,,,,-0.3224862270408888,0.12488466237912939,0.00981520559919825,0.22042791448063043,0.09840187576426855,0.025085834827768615,,,
paper1,1,-2,2,GPT+Neg+Pos+IndFE,False,True,1086,0.06114852620818767,-0.04697659930028439,0.12379338628166985,0.7043345415931861,,,,,,,,,,-0.26648875192816884,0.13350187108340217,0.04591841962734177,0.2974955912501065,0.11457495602820014,0.009417479533659606,,,
paper1,1,-2,2,GPT+Neg+Pos+YearFE,True,False,1086,0.03889182658102741,-0.045152792120734524,0.13179446156582555,0.7318993473301003,,,,,,,,,,-0.27075288211141396,0.1249540755519931,0.030248647680465073,0.2317914790533735,0.09918593387952605,0.019442355097608343,,,
paper1,1,-2,2,GPT+Neg+Pos+YearFE+IndFE,True,True,1086,0.08684289335510742,-0.020058056518586106,0.13405872163238886,0.881063306381745,,,,,,,,,,-0.1933084430132369,0.1344917028034438,0.15062533844408058,0.3301215938531909,0.11581778278989567,0.004367069711625477,,,
paper1,1,-2,2,GPT+Neg+Pos+Controls,False,False,1086,0.014694403732507633,-0.0752969161586353,0.11925386687035519,0.5277788810837244,0.04860833451045007,0.08528502691245521,0.5687105499109779,-0.2335272554135182,0.2594178683364878,0.3680152817170319,,,,-0.3142697812806789,0.12523466861659205,0.012092031120035835,0.2206459274219092,0.09836793540656552,0.02489245651545121,,,
paper1,1,-2,2,GPT+Neg+Pos+Controls+IndFE,False,True,1086,0.06233576342704794,-0.0703781078085338,0.12601168795431025,0.5764998619257753,0.019735580317941002,0.08285576959456051,0.8117321924563341,-0.31504752702411526,0.27771289907840724,0.25661168028151216,,,,-0.2649134109633029,0.1332772883493654,0.04684641927336961,0.2937345973755756,0.1157071830344075,0.011129604922091354,,,
paper1,1,-2,2,GPT+Neg+Pos+Controls+YearFE,True,False,1086,0.039890500360230785,-0.04476339385155945,0.13334895498336194,0.7371075706199881,0.06692684280281684,0.08736000319287313,0.44361445775220776,0.2996738932042038,0.42514346846889856,0.48088672520606424,,,,-0.27475819980208216,0.1250625106554749,0.028022808275512328,0.22839521734467372,0.09990130906853174,0.022242066435629527,,,
paper1,1,-2,2,GPT+Neg+Pos+Controls+YearFE+IndFE,True,True,1086,0.08735036472058966,-0.016938588419136858,0.1332761516973977,0.8988660644237597,0.03565066575702294,0.08475492535456028,0.6740235472767492,0.2699063803561299,0.45652006092530073,0.5543692230755477,,,,-0.18795286450860413,0.13397152970687437,0.16063729907023672,0.32687997533280866,0.11696850018121024,0.005196423499431455,,,
paper1,1,-2,2,DISAGREE,False,False,1086,0.004995086771663049,,,,,,,,,,,,,,,,,,,-0.2170659779912467,0.09878813922670768,0.027999894881257988
paper1,1,-2,2,DISAGREE+IndFE,False,True,1086,0.053381773085249384,,,,,,,,,,,,,,,,,,,-0.20282620378740443,0.10578208349966012,0.05518757000405765
paper1,1,-2,2,DISAGREE+YearFE,True,False,1086,0.03304760003404095,,,,,,,,,,,,,,,,,,,-0.22682172533169903,0.09680749208043316,0.019128444944176336
paper1,1,-2,2,DISAGREE+YearFE+IndFE,True,True,1086,0.08078509981326532,,,,,,,,,,,,,,,,,,,-0.21833209778606644,0.10268873587560386,0.033490413523871075
paper1,1,-2,2,DISAGREE+Controls,False,False,1086,0.007385988960022738,,,,0.03456921623793286,0.08525047898920776,0.6851087511330558,-0.39817822269354425,0.2578471012286341,0.12252981205157538,,,,,,,,,,-0.22431510143236724,0.09827075706337426,0.022452578280590513
paper1,1,-2,2,DISAGREE+Controls+IndFE,False,True,1086,0.05591978914862583,,,,0.020345897410858575,0.08367816009798228,0.8078933388790484,-0.46226071371224475,0.27187909007964994,0.08908509297228093,,,,,,,,,,-0.22043607505730256,0.10598562850054277,0.03753767831851211
paper1,1,-2,2,DISAGREE+Controls+YearFE,True,False,1086,0.03397159695940244,,,,0.06136206657374927,0.08807210761345356,0.4859747155111258,0.2985148877007119,0.4233003109209487,0.4806806240961399,,,,,,,,,,-0.2261008152565359,0.09707113764414053,0.019846988437402673
paper1,1,-2,2,DISAGREE+Controls+YearFE+IndFE,True,True,1086,0.08140148684256865,,,,0.04619772936046905,0.08515198098734786,0.5874516258323357,0.28379954487505393,0.4567771169346864,0.5343966051955984,,,,,,,,,,-0.2133178030125559,0.10252002455604028,0.03745745421114817
paper1,1,-2,2,LMMD+DISAGREE,False,False,1086,0.0130726026257596,,,,,,,,,,0.34647499536082654,0.12714224895311824,0.006428254611964028,,,,,,,-0.04382848031083357,0.11372867937638628,0.6999577098746744
paper1,1,-2,2,LMMD+DISAGREE+IndFE,False,True,1086,0.0611235167841826,,,,,,,,,,0.36317467267803477,0.12849675895404325,0.004708423961060809,,,,,,,-0.052885227071240624,0.11797451852850475,0.6539535188833627
paper1,1,-2,2,LMMD+DISAGREE+YearFE,True,False,1086,0.038829854131033015,,,,,,,,,,0.32813462506302093,0.15247188873561743,0.03138954458521016,,,,,,,-0.038053686369302245,0.12525031177121693,0.7612641975418328
paper1,1,-2,2,LMMD+DISAGREE+YearFE+IndFE,True,True,1086,0.08634459970971686,,,,,,,,,,0.34567486499906575,0.15043392794798008,0.021570228085721534,,,,,,,-0.04500731982716703,0.12540488075018433,0.719672833959166
paper1,1,-2,2,LMMD+DISAGREE+Controls,False,False,1086,0.014339355372874896,,,,0.04761640024558701,0.08529125545774587,0.5766532146454091,-0.24608978124364678,0.25809793044588963,0.3403497376126038,0.3276898779672731,0.13006906560636028,0.01175707538872744,,,,,,,-0.05722883626634721,0.11435065184758955,0.6167456183457162
paper1,1,-2,2,LMMD+DISAGREE+Controls+IndFE,False,True,1086,0.06231426913721194,,,,0.0202866918621985,0.08203717756665342,0.8046864553716097,-0.314797327135048,0.27751102850656933,0.25664369619954785,0.33617461455173603,0.13190634701248496,0.010816074382493608,,,,,,,-0.07583887048318766,0.12057982014106369,0.52938074485783
paper1,1,-2,2,LMMD+DISAGREE+Controls+YearFE,True,False,1086,0.03980351177254993,,,,0.06641771144111949,0.08721880912731823,0.4463544516925917,0.2940009388268862,0.4218867592247926,0.48588309618686387,0.3296560650066536,0.15293305442210664,0.031118197106020498,,,,,,,-0.036338801937864144,0.12673280566181877,0.7743148077780143
paper1,1,-2,2,LMMD+DISAGREE+Controls+YearFE+IndFE,True,True,1086,0.08683789315154677,,,,0.03811908448506972,0.08355878502482719,0.6482498935252945,0.260855053061751,0.4569021102694433,0.5680531307942186,0.34210280134382615,0.15005059987308056,0.02261265594768297,,,,,,,-0.04233728594296355,0.12531157174198823,0.73547158903297
paper1,1,-3,3,GPT,False,False,1086,0.0006654199247220216,0.1056018808105279,0.13009047313034464,0.41693095395138535,,,,,,,,,,,,,,,,,,
paper1,1,-3,3,GPT+IndFE,False,True,1086,0.0540788916236602,0.10830953729239866,0.13110575129000812,0.40873405910928007,,,,,,,,,,,,,,,,,,
paper1,1,-3,3,GPT+YearFE,True,False,1086,0.028442593969892682,0.1401621571790216,0.16992217890679767,0.4094505810823208,,,,,,,,,,,,,,,,,,
paper1,1,-3,3,GPT+YearFE+IndFE,True,True,1086,0.08052960850711233,0.14850815775738724,0.16725090340315865,0.3745749868789291,,,,,,,,,,,,,,,,,,
paper1,1,-3,3,GPT+Controls,False,False,1086,0.001038241350722502,0.11858982109742268,0.13261436283702768,0.37119045628723346,0.054115569166679506,0.10477346220048593,0.6055047328466086,0.17235265098569968,0.36365112548993556,0.6355351704825135,,,,,,,,,,,,
paper1,1,-3,3,GPT+Controls+IndFE,False,True,1086,0.05447875963388027,0.12097067548259495,0.1345845351686555,0.3687350728126829,0.06150548515593526,0.10636277425380561,0.5630876607471562,0.18105657353397073,0.3914207210479699,0.643677945301787,,,,,,,,,,,,
paper1,1,-3,3,GPT+Controls+YearFE,True,False,1086,0.0308156145569507,0.1401441799731679,0.1711364705959374,0.4128417221895171,0.06969646048259481,0.10869305962365884,0.5213779834215132,0.7024369990293426,0.608173351648258,0.248092596050846,,,,,,,,,,,,
paper1,1,-3,3,GPT+Controls+YearFE+IndFE,True,True,1086,0.08286706452237325,0.14981183825045605,0.16623128752013683,0.36746855362950004,0.07438133546987652,0.1095641014143888,0.4972112483917446,0.7511441136724669,0.6869061496260574,0.2741665103038672,,,,,,,,,,,,
paper1,1,-3,3,LMMD,False,False,1086,0.009248631634482862,,,,,,,,,,0.39369735213691814,0.1347994335498862,0.003493403703332192,,,,,,,,,
paper1,1,-3,3,LMMD+IndFE,False,True,1086,0.06364728264782793,,,,,,,,,,0.4668452944160627,0.1442282095887022,0.0012085629119733925,,,,,,,,,
paper1,1,-3,3,LMMD+YearFE,True,False,1086,0.03655102091484985,,,,,,,,,,0.4034692063882455,0.14426252544344595,0.005161614897342702,,,,,,,,,
paper1,1,-3,3,LMMD+YearFE+IndFE,True,True,1086,0.09012034264066071,,,,,,,,,,0.4954220233973252,0.15292968159414946,0.001197221162366704,,,,,,,,,
paper1,1,-3,3,LMMD+Controls,False,False,1086,0.009880021887985868,,,,0.05853882407761131,0.10379884493205413,0.5727785519396443,0.2554283968892596,0.36362363161821937,0.4823968981328618,0.4055613075963571,0.13748387112870733,0.0031789448725825175,,,,,,,,,
paper1,1,-3,3,LMMD+Controls+IndFE,False,True,1086,0.06412942352536621,,,,0.049520124642640315,0.10222346488375951,0.6280806516800754,0.2425255736848064,0.38595566434589684,0.5297571511738007,0.47498537886431985,0.14627334469639572,0.0011652805600653917,,,,,,,,,
paper1,1,-3,3,LMMD+Controls+YearFE,True,False,1086,0.03891958535715945,,,,0.06935770767065282,0.10855288251762925,0.5228683841747757,0.7020032552691411,0.604445605223922,0.245479181996621,0.40336069167036787,0.14324150835470298,0.004863348196461217,,,,,,,,,
paper1,1,-3,3,LMMD+Controls+YearFE+IndFE,True,True,1086,0.0919341444094709,,,,0.055707735218120356,0.10637768945161441,0.600501999527693,0.6700160406698399,0.6875246790726892,0.3297915633145978,0.4843568191194601,0.1514633830030026,0.0013845742117918605,,,,,,,,,
paper1,1,-3,3,GPT+LMMD,False,False,1086,0.009565232296307347,-0.08088961086921687,0.14159757044905846,0.5678206223955563,,,,,,,0.4288715746416369,0.14790243999105132,0.0037352907595077224,,,,,,,,,
paper1,1,-3,3,GPT+LMMD+IndFE,False,True,1086,0.06418168870254293,-0.10913682391512566,0.1444425608275489,0.44990556092852707,,,,,,,0.5218438300920918,0.16054087008175966,0.0011518780394325432,,,,,,,,,
paper1,1,-3,3,GPT+LMMD+YearFE,True,False,1086,0.036580364103762864,-0.0272611323594953,0.1726078733451535,0.8745066125940278,,,,,,,0.41260633552559045,0.1475086070760944,0.005155274097477833,,,,,,,,,
paper1,1,-3,3,GPT+LMMD+YearFE+IndFE,True,True,1086,0.09020435515127656,-0.047953113332623046,0.17223759647026152,0.7806956648990625,,,,,,,0.5136976415356028,0.15862813079835789,0.0012021197293596666,,,,,,,,,
paper1,1,-3,3,GPT+LMMD+Controls,False,False,1086,0.010084059717628824,-0.06577010629854815,0.141792424046199,0.6427567821203111,0.05578899349528497,0.10491358187859644,0.5948912581449102,0.22886923509369417,0.3626174552267763,0.527936630633288,0.4329343359812638,0.1489798658345328,0.0036609051263875644,,,,,,,,,
paper1,1,-3,3,GPT+LMMD+Controls+IndFE,False,True,1086,0.06451586486722072,-0.09454039825046853,0.14542488801272654,0.5156290569410804,0.04632011331140367,0.10291048685552856,0.6526376139121166,0.19585301295053995,0.3883834799046145,0.6140664538733922,0.5206838158377896,0.1601968343897777,0.0011529333429320622,,,,,,,,,
paper1,1,-3,3,GPT+LMMD+Controls+YearFE,True,False,1086,0.03894892431540853,-0.02727227082030631,0.17433475091049683,0.875689182968837,0.06882703826458086,0.10879207676678827,0.5269638436196151,0.702434580055563,0.605675319297597,0.24614883913636354,0.4124949403695687,0.14666943712016034,0.004917141842655295,,,,,,,,,
paper1,1,-3,3,GPT+LMMD+Controls+YearFE+IndFE,True,True,1086,0.09199701654711345,-0.04150107899787904,0.1707463050755192,0.8079612672121813,0.05533756982779554,0.10640908251679913,0.6030318278979628,0.6664218249596704,0.6834133139088341,0.32949215041261337,0.5002368113038731,0.15634360308860346,0.0013761898989718903,,,,,,,,,
paper1,1,-3,3,LMMD_Neg,False,False,1086,0.008813239203081968,,,,,,,,,,,,,-0.38431871321168787,0.13481242678350033,0.004361402207848043,,,,,,
paper1,1,-3,3,LMMD_Neg+IndFE,False,True,1086,0.06057115448865902,,,,,,,,,,,,,-0.38290761356095054,0.14318752707302299,0.007491473930018668,,,,,,
paper1,1,-3,3,LMMD_Neg+YearFE,True,False,1086,0.035059048455059694,,,,,,,,,,,,,-0.3726085914443092,0.145309868392731,0.010340362796561305,,,,,,
paper1,1,-3,3,LMMD_Neg+YearFE+IndFE,True,True,1086,0.08532961121983063,,,,,,,,,,,,,-0.36358816412002276,0.15532404734061106,0.019240602694667524,,,,,,
paper1,1,-3,3,LMMD_Neg+Controls,False,False,1086,0.009622856364281396,,,,0.06300149590388462,0.10374820028642855,0.5436824483473581,0.29836973552830093,0.370781026977646,0.4209893276859973,,,,-0.4025091517675701,0.1406099772734857,0.004201897847110815,,,,,,
paper1,1,-3,3,LMMD_Neg+Controls+IndFE,False,True,1086,0.061115826550470764,,,,0.06298834908236546,0.10395142112896728,0.5445544370074327,0.23615501969219307,0.3897044515683482,0.5445247690896906,,,,-0.3931572165662998,0.1469693030681975,0.007470751793195328,,,,,,
paper1,1,-3,3,LMMD_Neg+Controls+YearFE,True,False,1086,0.03774350193398668,,,,0.07390496545625443,0.1080609189662612,0.49402602441099797,0.7478001109647291,0.6030052429004511,0.21493024641538305,,,,-0.3804799260413706,0.14603895110435489,0.009178532217652786,,,,,,
paper1,1,-3,3,LMMD_Neg+Controls+YearFE+IndFE,True,True,1086,0.08729511032000015,,,,0.07132107902388883,0.10726683508525764,0.5061182699233195,0.686797268837044,0.6840154168915037,0.315346347600409,,,,-0.3526342689617121,0.15469513598636608,0.02263478594115185,,,,,,
paper1,1,-3,3,LMMD_Pos,False,False,1086,0.0022715368780134026,,,,,,,,,,,,,,,,0.1951118508732904,0.1284699813528361,0.12882922520292833,,,
paper1,1,-3,3,LMMD_Pos+IndFE,False,True,1086,0.05792850362056434,,,,,,,,,,,,,,,,0.3329712484634727,0.1495260235287901,0.025957647865422626,,,
paper1,1,-3,3,LMMD_Pos+YearFE,True,False,1086,0.030301658754863237,,,,,,,,,,,,,,,,0.21739536110186433,0.1299541863815741,0.09435455548680469,,,
paper1,1,-3,3,LMMD_Pos+YearFE+IndFE,True,True,1086,0.08561128888786884,,,,,,,,,,,,,,,,0.3891374223438435,0.15119240705499198,0.010059146698976553,,,
paper1,1,-3,3,LMMD_Pos+Controls,False,False,1086,0.002520235825058892,,,,0.04808737635473843,0.10314645323897051,0.6410688809183589,0.11891904203395626,0.3585799192793355,0.740161959188961,,,,,,,0.19588045792159492,0.12870982022590297,0.1280400144680929,,,
paper1,1,-3,3,LMMD_Pos+Controls+IndFE,False,True,1086,0.05815425489713555,,,,0.045516680406210104,0.10395056627191535,0.6614815982055862,0.1352202527069793,0.3802318492437449,0.7221208251935639,,,,,,,0.3320054905343672,0.14963465466222603,0.026502099485115817,,,
paper1,1,-3,3,LMMD_Pos+Controls+YearFE,True,False,1086,0.03250414090919629,,,,0.06472636363727387,0.10886868020913351,0.5521535855739929,0.6790786453412255,0.6098549971853091,0.26549015453166214,,,,,,,0.2106446958229356,0.1298195523049972,0.10467578045307402,,,
paper1,1,-3,3,LMMD_Pos+Controls+YearFE+IndFE,True,True,1086,0.08771857775576353,,,,0.05692079426413709,0.10882027281126923,0.6009244277319173,0.7230715631799569,0.6908806243938868,0.2952868389943569,,,,,,,0.38297128307644124,0.1502831923336676,0.01082397887050086,,,
paper1,1,-3,3,LMMD_PosNeg,False,False,1086,0.010421144007424443,,,,,,,,,,,,,-0.3708144879444776,0.13401778314525684,0.005659122584602693,0.16470945259831316,0.12581727879124105,0.1904949529601102,,,
paper1,1,-3,3,LMMD_PosNeg+IndFE,False,True,1086,0.06373534276452864,,,,,,,,,,,,,-0.3480803309946165,0.14239592389704497,0.014507145173488027,0.2813162448185868,0.14528850330382231,0.052835926354988134,,,
paper1,1,-3,3,LMMD_PosNeg+YearFE,True,False,1086,0.037268806462439685,,,,,,,,,,,,,-0.3595380078582472,0.143736758647852,0.012371581700011354,0.1950398858581749,0.12636553784239019,0.12271971816493578,,,
paper1,1,-3,3,LMMD_PosNeg+YearFE+IndFE,True,True,1086,0.09013092077825091,,,,,,,,,,,,,-0.3247343799878885,0.1534987310823426,0.034383020830317766,0.3497460405010876,0.14650000880633737,0.016970564506128598,,,
paper1,1,-3,3,LMMD_PosNeg+Controls,False,False,1086,0.011244951316049412,,,,0.06269482909835898,0.10418254044022536,0.5473214849626655,0.30266150058955527,0.3704152906759677,0.4138787393577832,,,,-0.38919687459037705,0.13977015903462076,0.005360220007859987,0.1654431167925662,0.12569433986791312,0.18809564058400197,,,
paper1,1,-3,3,LMMD_PosNeg+Controls+IndFE,False,True,1086,0.06425070617396245,,,,0.05161531478441569,0.10355273857214456,0.6181706300423113,0.25091279493376567,0.38951539581120925,0.5194674288565269,,,,-0.3592953476724541,0.14646244566952712,0.014160858801034416,0.28058061680680924,0.14549047213882235,0.05379104998344878,,,
paper1,1,-3,3,LMMD_PosNeg+Controls+YearFE,True,False,1086,0.03977928091764538,,,,0.07194581168709509,0.10872511246484289,0.5081493271073383,0.723305048457556,0.6062491211700948,0.23283717339445797,,,,-0.3676774293317946,0.14462643447476906,0.011013945288958955,0.18733400953178245,0.12633999618926536,0.1381337340072512,,,
paper1,1,-3,3,LMMD_PosNeg+Controls+YearFE+IndFE,True,True,1086,0.09195004364546899,,,,0.05513300251854559,0.10745321928709134,0.6078894713930829,0.6714772404556724,0.6874317972549139,0.3286725981686659,,,,-0.31460719990249425,0.1534293358496153,0.04031544348350842,0.34505782044194994,0.1465577034655253,0.018551829875967988,,,
paper1,1,-3,3,GPT+Neg+Pos,False,False,1086,0.011198112769005397,-0.13142557238907615,0.15248162457121767,0.3887365571634436,,,,,,,,,,-0.4328023717276403,0.15895281064949066,0.006472425731043587,0.18047930723158087,0.12504634199302278,0.1489361558106715,,,
paper1,1,-3,3,GPT+Neg+Pos+IndFE,False,True,1086,0.06447370418610665,-0.13444969497312986,0.156434491786043,0.3900849931444986,,,,,,,,,,-0.4224164499761334,0.17172113111617454,0.01389765458977511,0.2942690061683711,0.14489459766252163,0.042263341745302135,,,
paper1,1,-3,3,GPT+Neg+Pos+YearFE,True,False,1086,0.037402690382118076,-0.059682406445029416,0.1827814900610307,0.7440285003189822,,,,,,,,,,-0.38142862179999215,0.15969090934644523,0.01691532351128144,0.2009310925701777,0.12392462005631884,0.104932376079905,,,
paper1,1,-3,3,GPT+Neg+Pos+YearFE+IndFE,True,True,1086,0.09020518703450942,-0.046675057231215754,0.18547843188364574,0.8013140671390093,,,,,,,,,,-0.3450009758729319,0.1747882511654768,0.04840193405687469,0.3530136780309038,0.14483301233546,0.014793956779161215,,,
paper1,1,-3,3,GPT+Neg+Pos+Controls,False,False,1086,0.011840759464458839,-0.1161573609855694,0.151535302836796,0.44335706269262265,0.058555244515559574,0.1047786118339041,0.5762659370389462,0.2639029073094744,0.3669638889681535,0.4720471151450566,,,,-0.44166172187589536,0.16178515698138504,0.00633482877072257,0.17926577773841282,0.1250838388537446,0.15181069429423352,,,
paper1,1,-3,3,GPT+Neg+Pos+Controls+IndFE,False,True,1086,0.06482409516349885,-0.12046625364766181,0.15597250106023558,0.4399037710770257,0.04893660464336806,0.10359507087077065,0.6366530624206671,0.19704087745425156,0.38875162837583926,0.6122562536455238,,,,-0.42344927314474556,0.17184403355039146,0.013733907300677051,0.2916544503201301,0.1453128540487878,0.044741198741749665,,,
paper1,1,-3,3,GPT+Neg+Pos+Controls+YearFE,True,False,1086,0.03992681974531398,-0.0626856705576977,0.1846903355817894,0.7343011972601401,0.070967209873526,0.10877071560726954,0.5141123619664352,0.7262812664130811,0.6095505175118735,0.23345618210495755,,,,-0.39067644386142836,0.1611323254454111,0.015326569773173834,0.19349563098274605,0.12379724924487981,0.11805158706086588,,,
paper1,1,-3,3,GPT+Neg+Pos+Controls+YearFE+IndFE,True,True,1086,0.09200100812879475,-0.03869077857575316,0.18262261799744234,0.8322147592362955,0.05506444565727859,0.10734862187670846,0.6079864916825434,0.6674233309972286,0.6816718613849871,0.3275317229385676,,,,-0.3314694780596848,0.1723150278286461,0.05440161771238973,0.34777248548270556,0.1450764825974236,0.016522413525689436,,,
paper1,1,-3,3,DISAGREE,False,False,1086,0.0043815290390394335,,,,,,,,,,,,,,,,,,,-0.25488059275542635,0.12294574948090281,0.03816164243682605
paper1,1,-3,3,DISAGREE+IndFE,False,True,1086,0.05782129492504029,,,,,,,,,,,,,,,,,,,-0.2795278127675829,0.12912509306886716,0.03040430348484595
paper1,1,-3,3,DISAGREE+YearFE,True,False,1086,0.03150712178948534,,,,,,,,,,,,,,,,,,,-0.24894105507798298,0.12586456736969936,0.04794579188383674
paper1,1,-3,3,DISAGREE+YearFE+IndFE,True,True,1086,0.08378356783676233,,,,,,,,,,,,,,,,,,,-0.2814820016322505,0.13319483983994052,0.034574233970507
paper1,1,-3,3,DISAGREE+Controls,False,False,1086,0.0045303595458190404,,,,0.041170112694281655,0.10246785985689921,0.6878418053349503,0.058459835221495865,0.354867183814666,0.8691508156799306,,,,,,,,,,-0.2529840056743801,0.12229575285920877,0.03858132546850459
paper1,1,-3,3,DISAGREE+Controls+IndFE,False,True,1086,0.057978847940340805,,,,0.0463951637576724,0.1033616836811743,0.6535309886718692,0.008924706038370391,0.3756692983074134,0.9810465869186622,,,,,,,,,,-0.27783546058868464,0.12802211790524912,0.029990597767364447
paper1,1,-3,3,DISAGREE+Controls+YearFE,True,False,1086,0.03388245585801375,,,,0.0629192172995336,0.10817783764132119,0.5608175404393018,0.7077093971148194,0.6056801346072339,0.24262366983519879,,,,,,,,,,-0.24902044144227184,0.12630536261710065,0.04865819216424155
paper1,1,-3,3,DISAGREE+Controls+YearFE+IndFE,True,True,1086,0.08577807570076923,,,,0.06617046291840668,0.10732943783120301,0.5375531102249622,0.6971887704889665,0.680366087317407,0.3054925252517502,,,,,,,,,,-0.27077389523871004,0.13106933075107363,0.03883953345739358
paper1,1,-3,3,LMMD+DISAGREE,False,False,1086,0.009565232296307347,,,,,,,,,,0.34798196377242097,0.1569329984117439,0.026596320897238925,,,,,,,-0.08088961086921607,0.14159757044905708,0.5678206223955562
paper1,1,-3,3,LMMD+DISAGREE+IndFE,False,True,1086,0.06418168870254293,,,,,,,,,,0.4127070061769683,0.16230507176472883,0.010997267241480186,,,,,,,-0.10913682391512403,0.1444425608275479,0.4499055609285306
paper1,1,-3,3,LMMD+DISAGREE+YearFE,True,False,1086,0.036580364103762864,,,,,,,,,,0.38534520316609516,0.19694647326321388,0.050394674195462334,,,,,,,-0.027261132359495618,0.17260787334515143,0.8745066125940248
paper1,1,-3,3,LMMD+DISAGREE+YearFE+IndFE,True,True,1086,0.09020435515127612,,,,,,,,,,0.46574452820299206,0.19743306395196636,0.018324273189299894,,,,,,,-0.04795311333262278,0.17223759647025944,0.7806956648990612
paper1,1,-3,3,LMMD+DISAGREE+Controls,False,False,1086,0.010084059717628824,,,,0.05578899349528522,0.1049135818786255,0.5948912581450105,0.22886923509369436,0.36261745522677435,0.5279366306332853,0.3671642296827157,0.16134045019116694,0.02286331535795905,,,,,,,-0.06577010629854803,0.14179242404619738,0.642756782120308
paper1,1,-3,3,LMMD+DISAGREE+Controls+IndFE,False,True,1086,0.06451586486722072,,,,0.046320113311404114,0.10291048685559881,0.6526376139123349,0.19585301295054056,0.3883834799046124,0.6140664538733891,0.4261434175873234,0.16701341302703687,0.01072443016158004,,,,,,,-0.09454039825046845,0.1454248880127251,0.5156290569410766
paper1,1,-3,3,LMMD+DISAGREE+Controls+YearFE,True,False,1086,0.03894892431540853,,,,0.06882703826458143,0.10879207676681532,0.5269638436197145,0.7024345800555668,0.6056753192975901,0.24614883913635566,0.38522266954926343,0.1969934565368445,0.05052290699326676,,,,,,,-0.02727227082030502,0.1743347509104947,0.8756891829688414
paper1,1,-3,3,LMMD+DISAGREE+Controls+YearFE+IndFE,True,True,1086,0.09199701654711323,,,,0.0553375698277953,0.10640908251684797,0.6030318278981308,0.6664218249596735,0.683413313908828,0.3294921504126068,0.4587357323059969,0.196521644435427,0.019581281457479456,,,,,,,-0.0415010789978777,0.17074630507551591,0.8079612672121838
