date,symbol,split_ratio
2006-04-03,1605.T,0.0014
2013-09-26,1605.T,400.0
2017-09-27,1801.T,0.2
2002-08-02,1808.T,0.2
2013-09-26,1808.T,0.2
2018-09-26,1812.T,0.5
2013-09-26,2002.T,1.1
2014-09-26,2002.T,1.1
2015-09-28,2269.T,2.0
2023-03-30,2269.T,2.0
2018-03-28,2282.T,0.5
2005-03-28,2413.T,3.0
2005-09-27,2413.T,2.0
2011-09-28,2413.T,2.0
2012-09-26,2413.T,3.0
2014-03-27,2413.T,200.0
2018-09-26,2413.T,2.0
2005-09-27,2432.T,3.0
2010-05-27,2432.T,300.0
2016-06-28,2501.T,0.2
2025-12-29,2501.T,5.0
2024-09-27,2502.T,3.0
2021-09-29,2768.T,0.2
2024-03-28,2801.T,5.0
2025-03-28,2802.T,2.0
2016-09-28,2871.T,0.5
2025-03-28,2871.T,2.0
2006-03-28,2914.T,5.0
2012-06-27,2914.T,200.0
2007-09-03,3086.T,1.4
2014-08-27,3086.T,0.5
2009-02-24,3092.T,3.0
2011-01-27,3092.T,300.0
2016-09-28,3092.T,3.0
2025-03-28,3092.T,3.0
2024-02-28,3382.T,3.0
2016-09-28,3401.T,0.2
2007-01-26,3436.T,2.0
2007-01-31,3436.T,2.0
2018-03-28,3659.T,2.0
2015-01-28,3697.T,5.0
2025-01-22,3697.T,15.0
2016-06-28,4004.T,0.1
2017-09-27,4042.T,0.5
2017-09-27,4043.T,0.2
2017-09-27,4061.T,0.2
2023-03-30,4063.T,5.0
2017-09-27,4183.T,0.2
2025-12-29,4183.T,2.0
2005-09-30,4188.T,0.5
2017-09-27,4208.T,0.1
2007-03-27,4307.T,5.0
2015-09-28,4307.T,1.1
2016-12-28,4307.T,1.1
2019-06-26,4307.T,3.0
2004-03-26,4324.T,2.0
2008-12-30,4324.T,100.0
2014-03-27,4503.T,5.0
2024-09-27,4507.T,3.0
2020-06-29,4519.T,3.0
2014-03-27,4543.T,2.0
2019-03-27,4543.T,2.0
2024-03-28,4543.T,2.0
2020-09-29,4568.T,3.0
2015-03-27,4661.T,4.0
2023-03-30,4661.T,5.0
2004-03-26,4689.T,2.0
2004-09-27,4689.T,2.0
2005-03-28,4689.T,2.0
2005-09-27,4689.T,2.0
2006-03-28,4689.T,2.0
2013-09-26,4689.T,100.0
2001-03-27,4704.T,2.0
2001-09-25,4751.T,2.0
2002-09-25,4751.T,2.0
2003-09-25,4751.T,2.0
2004-09-27,4751.T,2.0
2005-09-27,4751.T,2.0
2013-09-26,4751.T,100.0
2016-09-28,4751.T,2.0
2021-03-30,4751.T,4.0
2002-06-25,4755.T,10.0
2004-12-27,4755.T,10.0
2012-06-27,4755.T,100.0
2024-03-28,4901.T,3.0
2013-12-26,5019.T,4.0
2023-12-28,5019.T,5.0
2015-06-26,5101.T,0.5
2025-12-29,5108.T,2.0
2017-06-28,5201.T,0.2
2007-03-27,5214.T,1.5
2017-06-28,5214.T,0.2
2017-09-27,5233.T,0.1
2023-12-28,5233.T,2.0
2015-09-28,5332.T,0.5
2015-10-01,5401.T,0.1
2025-09-29,5401.T,5.0
2016-09-28,5406.T,0.1
2016-09-28,5631.T,0.2
2017-09-27,5706.T,0.1
2016-09-28,5711.T,0.1
2017-09-27,5713.T,0.5
2017-09-27,5714.T,0.2
2016-09-28,5801.T,0.1
2017-06-28,6098.T,3.0
2017-09-27,6103.T,0.2
2024-09-27,6103.T,2.0
2023-03-30,6146.T,3.0
2017-09-27,6302.T,0.2
2016-09-28,6361.T,0.2
2024-06-27,6361.T,5.0
2018-09-26,6501.T,0.2
2024-06-27,6501.T,5.0
2018-09-26,6504.T,0.2
2023-12-28,6526.T,5.0
2022-10-28,6532.T,10.0
2005-09-27,6594.T,2.0
2014-03-27,6594.T,2.0
2020-03-30,6594.T,2.0
2020-04-01,6594.T,2.0
2024-09-27,6594.T,2.0
2018-09-26,6674.T,0.2
2017-09-27,6701.T,0.1
2025-03-28,6701.T,5.0
2018-09-26,6702.T,0.1
2024-03-28,6702.T,10.0
2015-03-27,6724.T,2.0
2017-09-27,6753.T,0.1
2024-09-27,6758.T,5.0
2021-09-29,6762.T,3.0
2024-09-27,6762.T,5.0
2006-09-26,6857.T,2.0
2023-09-28,6857.T,4.0
2006-03-15,6861.T,1.1
2009-03-16,6861.T,1.1
2012-03-15,6861.T,1.1
2017-01-18,6861.T,2.0
2019-11-19,6861.T,2.0
2023-09-28,6902.T,4.0
2013-06-26,6920.T,2.0
2017-03-29,6920.T,2.0
2019-12-27,6920.T,2.0
2023-03-30,6954.T,5.0
2023-09-28,6963.T,4.0
2013-09-26,6971.T,2.0
2023-12-28,6971.T,4.0
2019-03-27,6981.T,3.0
2023-09-28,6981.T,3.0
2024-09-27,6988.T,5.0
2013-09-26,7004.T,0.2
2017-09-27,7011.T,0.1
2024-03-28,7011.T,10.0
2017-09-27,7012.T,0.1
2017-09-27,7013.T,0.1
2025-09-29,7013.T,7.0
2014-09-26,7202.T,0.5
2021-09-29,7203.T,5.0
2021-10-01,7203.T,5.0
2013-07-29,7211.T,0.1
2014-07-29,7261.T,0.2
2006-06-27,7267.T,2.0
2023-09-28,7267.T,3.0
2023-10-02,7267.T,3.0
2024-03-28,7269.T,4.0
2023-12-28,7272.T,3.0
2019-08-29,7453.T,10.0
2025-08-28,7453.T,2.0
2019-03-27,7733.T,4.0
2016-09-28,7735.T,0.2
2023-09-28,7735.T,2.0
2005-09-27,7741.T,4.0
2006-06-27,7751.T,1.5
2023-03-30,7832.T,3.0
2018-09-26,7911.T,0.5
2017-09-27,7912.T,0.5
2024-09-27,7912.T,2.0
2024-09-27,7951.T,3.0
2022-09-29,7974.T,10.0
2025-12-29,8001.T,5.0
2024-06-27,8015.T,3.0
2024-06-27,8031.T,2.0
2023-03-30,8035.T,3.0
2023-12-28,8058.T,3.0
2018-08-29,8233.T,0.5
2024-08-29,8233.T,2.0
2004-08-17,8267.T,2.0
2025-08-28,8267.T,3.0
2017-09-27,8304.T,0.1
2007-10-01,8306.T,1000.0
2005-08-02,8308.T,0.001
2008-12-30,8308.T,100.0
2016-09-28,8309.T,0.1
2023-12-28,8309.T,2.0
2008-12-30,8316.T,100.0
2024-09-27,8316.T,3.0
2018-09-26,8354.T,0.2
2008-12-30,8411.T,1000.0
2020-09-29,8411.T,0.1
2013-03-27,8591.T,10.0
2011-09-28,8630.T,0.25
2024-03-28,8630.T,3.0
2012-12-26,8697.T,100.0
2013-09-26,8697.T,5.0
2015-09-28,8697.T,2.0
2024-09-27,8697.T,2.0
2024-03-28,8725.T,3.0
2013-09-26,8750.T,100.0
2025-03-28,8750.T,4.0
2006-09-29,8766.T,500.0
2022-09-29,8766.T,3.0
2011-09-28,8795.T,2.0
2024-03-28,8801.T,3.0
2015-06-26,8804.T,0.5
2025-12-29,8830.T,2.0
2017-09-27,9001.T,0.2
2017-07-27,9005.T,0.5
2016-09-28,9007.T,0.5
2017-09-27,9008.T,0.2
2016-09-28,9009.T,0.5
2024-12-27,9009.T,3.0
2008-12-30,9020.T,100.0
2024-03-28,9020.T,3.0
2011-06-28,9021.T,100.0
2024-03-28,9021.T,2.0
2012-09-26,9022.T,100.0
2023-09-28,9022.T,5.0
2017-09-27,9101.T,0.1
2022-09-29,9101.T,3.0
2017-09-27,9104.T,0.1
2022-03-30,9104.T,3.0
2017-09-27,9107.T,0.1
2022-09-29,9107.T,3.0
2024-03-28,9107.T,3.0
2024-12-27,9147.T,3.0
2014-09-26,9201.T,2.0
2017-09-27,9202.T,0.1
2008-12-30,9432.T,100.0
2015-06-26,9432.T,2.0
2019-12-27,9432.T,2.0
2023-06-29,9432.T,25.0
2012-09-26,9433.T,100.0
2013-03-27,9433.T,2.0
2015-03-27,9433.T,3.0
2025-03-28,9433.T,2.0
2024-09-27,9434.T,10.0
2017-09-27,9531.T,0.2
2017-09-27,9532.T,0.2
2002-02-25,9602.T,10.0
2026-02-26,9602.T,5.0
2024-09-27,9735.T,2.0
2006-02-15,9843.T,2.0
2014-02-18,9843.T,2.0
2025-09-29,9843.T,5.0
2000-08-28,9983.T,2.0
2002-02-25,9983.T,2.0
2023-02-27,9983.T,3.0
2005-12-28,9984.T,3.0
2019-06-25,9984.T,2.0
2025-12-29,9984.T,4.0
